
SET @OLD_UNIQUE_CHECKS=@@UNIQUE_CHECKS, UNIQUE_CHECKS=0;
SET @OLD_FOREIGN_KEY_CHECKS=@@FOREIGN_KEY_CHECKS, FOREIGN_KEY_CHECKS=0;
SET @OLD_SQL_MODE=@@SQL_MODE, SQL_MODE='TRADITIONAL,ALLOW_INVALID_DATES';

DROP SCHEMA IF EXISTS `basedadosespaco` ;

-- -----------------------------------------------------
-- Schema basedadosespaco
-- -----------------------------------------------------
CREATE SCHEMA IF NOT EXISTS `basedadosespaco` DEFAULT CHARACTER SET utf8 COLLATE utf8_general_ci ;
USE `basedadosespaco` ;

-- -----------------------------------------------------
               -- Tabela ClusterGalaxia
-- -----------------------------------------------------
DROP TABLE IF EXISTS `basedadosespaco`.`ClusterGalaxia` ;

CREATE TABLE IF NOT EXISTS `basedadosespaco`.`ClusterGalaxia` (
  `idClusterGalaxia` INT NOT NULL,
  `NomeCluster` VARCHAR(45) NOT NULL,
  `Distancia` FLOAT NULL,
  `Ano` INT NULL,
  `Redshift` FLOAT NULL,
  `VelocidadeRecessao` INT NULL,
  PRIMARY KEY (`idClusterGalaxia`))
ENGINE = InnoDB;


-- -----------------------------------------------------
               -- Tabela GruGalaxia
-- -----------------------------------------------------
DROP TABLE IF EXISTS `basedadosespaco`.`GruGalaxia` ;

CREATE TABLE IF NOT EXISTS `basedadosespaco`.`GruGalaxia` (
  `idGruGalaxia` INT NOT NULL,
  `NomeGruGalaxia` VARCHAR(45) NOT NULL,
  `Ascendente` VARCHAR(45) NOT NULL,
  `Declinacao` VARCHAR(45) NOT NULL,
  `CoordSupergalat` VARCHAR(45) NOT NULL,
  `NGalaxias` INT NOT NULL,
  `VelocidadeRecessao` INT NULL,
  `Distancia` FLOAT NULL,
  `ClusterGalaxia_idClusterGalaxia` INT NOT NULL,
  PRIMARY KEY (`idGruGalaxia`, `ClusterGalaxia_idClusterGalaxia`),
  CONSTRAINT `fk_GruGalaxia_ClusterGalaxia1`
    FOREIGN KEY (`ClusterGalaxia_idClusterGalaxia`)
    REFERENCES `basedadosespaco`.`ClusterGalaxia` (`idClusterGalaxia`)
    ON DELETE NO ACTION
    ON UPDATE NO ACTION)
ENGINE = InnoDB;

CREATE INDEX `fk_GruGalaxia_ClusterGalaxia1_idx` ON `basedadosespaco`.`GruGalaxia` (`ClusterGalaxia_idClusterGalaxia` ASC);


-- -----------------------------------------------------
               -- Tabela Galaxia
-- -----------------------------------------------------
DROP TABLE IF EXISTS `basedadosespaco`.`Galaxia` ;

CREATE TABLE IF NOT EXISTS `basedadosespaco`.`Galaxia` (
  `idGalaxia` INT NOT NULL,
  `NomeGalaxia` VARCHAR(45) NOT NULL,
  `Ascencao` VARCHAR(45) NOT NULL,
  `Declinacao` VARCHAR(45) NOT NULL,
  `CoordSupergalat` VARCHAR(45) NULL,
  `Tipo` VARCHAR(20) NULL,
  `MagnitudeAzul` FLOAT NULL,
  `Tamanho` INT NULL,
  `Vista` VARCHAR(30) NULL,
  `Distancia` FLOAT NULL,
  `MetodoDistancia` VARCHAR(15) NULL,
  `GruGalaxia_idGruGalaxia` INT NOT NULL,
  PRIMARY KEY (`idGalaxia`, `GruGalaxia_idGruGalaxia`),
  CONSTRAINT `fk_Galaxia_GruGalaxia1`
    FOREIGN KEY (`GruGalaxia_idGruGalaxia`)
    REFERENCES `basedadosespaco`.`GruGalaxia` (`idGruGalaxia`)
    ON DELETE NO ACTION
    ON UPDATE NO ACTION)
ENGINE = InnoDB;

CREATE INDEX `fk_Galaxia_GruGalaxia1_idx` ON `basedadosespaco`.`Galaxia` (`GruGalaxia_idGruGalaxia` ASC);


-- -----------------------------------------------------
               -- Tabela Constelação
-- -----------------------------------------------------
DROP TABLE IF EXISTS `basedadosespaco`.`Constelacao` ;

CREATE TABLE IF NOT EXISTS `basedadosespaco`.`Constelacao` (
  `idConstelacao` INT NOT NULL,
  `NomeConstelacao` VARCHAR(30) NOT NULL,
  `Abreviatura` VARCHAR(30) NOT NULL,
  `Genitivo` VARCHAR(30) NOT NULL,
  `Familia` VARCHAR(30) NOT NULL,
  `Significado` VARCHAR(60) NULL,
  `EstrelaBrilhante` VARCHAR(30) NULL,
  `HN` VARCHAR(10) NULL,
  `HS` VARCHAR(10) NULL,
  PRIMARY KEY (`idConstelacao`))
ENGINE = InnoDB;


-- -----------------------------------------------------
               -- Tabela Sistema Planetários
-- -----------------------------------------------------
DROP TABLE IF EXISTS `basedadosespaco`.`SPlanetario` ;

CREATE TABLE IF NOT EXISTS `basedadosespaco`.`SPlanetario` (
  `idSPlanetario` INT NOT NULL,
  `NomeEstrela` VARCHAR(45) NOT NULL,
  `Ascencao` VARCHAR(45) NOT NULL,
  `Declinacao` VARCHAR(45) NOT NULL,
  `MagnitudeAparente` FLOAT NULL,
  `Distancia` FLOAT NULL,
  `TipoEspectro` VARCHAR(20) NULL,
  `Massa` FLOAT NULL,
  `Temperatura` INT NULL,
  `Idade` FLOAT NULL,
  `NPlanetas` INT NULL,
  `Constelacao_idConstelacao` INT NULL,
  `Galaxia_idGalaxia` INT NOT NULL,
  PRIMARY KEY (`idSPlanetario`, `Galaxia_idGalaxia`),
  CONSTRAINT `fk_SPlanetario_Galaxia1`
    FOREIGN KEY (`Galaxia_idGalaxia`)
    REFERENCES `basedadosespaco`.`Galaxia` (`idGalaxia`)
    ON DELETE NO ACTION
    ON UPDATE NO ACTION,
  CONSTRAINT `fk_SPlanetario_Constelacao1`
    FOREIGN KEY (`Constelacao_idConstelacao`)
    REFERENCES `basedadosespaco`.`Constelacao` (`idConstelacao`)
    ON DELETE NO ACTION
    ON UPDATE NO ACTION)
ENGINE = InnoDB;

CREATE INDEX `fk_SPlanetario_Galaxia1_idx` ON `basedadosespaco`.`SPlanetario` (`Galaxia_idGalaxia` ASC);

CREATE INDEX `fk_SPlanetario_Constelacao1_idx` ON `basedadosespaco`.`SPlanetario` (`Constelacao_idConstelacao` ASC);


-- -----------------------------------------------------
               -- Tabela Planeta
-- -----------------------------------------------------
DROP TABLE IF EXISTS `basedadosespaco`.`Planeta` ;

CREATE TABLE IF NOT EXISTS `basedadosespaco`.`Planeta` (
  `idPlaneta` INT NOT NULL,
  `NomePlaneta` VARCHAR(25) NOT NULL,
  `Massa` FLOAT NOT NULL,
  `EixoSemiMaior` FLOAT NULL,
  `Periodo` FLOAT NOT NULL,
  `Excentricidade` FLOAT NULL,
  `Inclinacao` FLOAT NULL,
  `Ano` INT NULL,
  `SPlanetario_idSPlanetario` INT NOT NULL,
  PRIMARY KEY (`idPlaneta`, `SPlanetario_idSPlanetario`),
  CONSTRAINT `fk_Planeta_SPlanetario`
    FOREIGN KEY (`SPlanetario_idSPlanetario`)
    REFERENCES `basedadosespaco`.`SPlanetario` (`idSPlanetario`)
    ON DELETE NO ACTION
    ON UPDATE NO ACTION)
ENGINE = InnoDB;

CREATE INDEX `fk_Planeta_SPlanetario_idx` ON `basedadosespaco`.`Planeta` (`SPlanetario_idSPlanetario` ASC);


-- -----------------------------------------------------
               -- Tabela Telescópio
-- -----------------------------------------------------
DROP TABLE IF EXISTS `basedadosespaco`.`Telescopio` ;

CREATE TABLE IF NOT EXISTS `basedadosespaco`.`Telescopio` (
  `idTelescopio` INT NOT NULL,
  `NomeTelescopio` VARCHAR(45) NOT NULL,
  `Abertura` FLOAT NOT NULL,
  `Espelho` VARCHAR(20) NOT NULL,
  `Sponsors` VARCHAR(45) NULL,
  `Localizacao` VARCHAR(80) NULL,
  `Ano` INT NULL,
  PRIMARY KEY (`idTelescopio`))
ENGINE = InnoDB;


-- -----------------------------------------------------
               -- Tabela Fotos
-- -----------------------------------------------------
DROP TABLE IF EXISTS `basedadosespaco`.`Fotos` ;

CREATE TABLE IF NOT EXISTS `basedadosespaco`.`Fotos` (
  `idFotos` INT NOT NULL,
  `Tamanho` VARCHAR(45) NOT NULL,
  `Formato` VARCHAR(45) NOT NULL,
  `Cores` TINYINT(1) NOT NULL,
  `Data` INT NOT NULL,
  `Telescopio_idTelescopio` INT NOT NULL,
  PRIMARY KEY (`idFotos`, `Telescopio_idTelescopio`),
  CONSTRAINT `fk_Fotos_Telescopio1`
    FOREIGN KEY (`Telescopio_idTelescopio`)
    REFERENCES `basedadosespaco`.`Telescopio` (`idTelescopio`)
    ON DELETE NO ACTION
    ON UPDATE NO ACTION)
ENGINE = InnoDB;

CREATE INDEX `fk_Fotos_Telescopio1_idx` ON `basedadosespaco`.`Fotos` (`Telescopio_idTelescopio` ASC);

-- -----------------------------------------------------
               -- Tabela FOTOS_PLanetas
-- -----------------------------------------------------
DROP TABLE IF EXISTS `basedadosespaco`.`Fotos_has_Planeta` ;

CREATE TABLE IF NOT EXISTS `basedadosespaco`.`Fotos_has_Planeta` (
  `Fotos_has_Planeta_id` VARCHAR(45) NOT NULL,
  `Fotos_idFotos` INT NOT NULL,
  `Planeta_idPlaneta` INT NOT NULL,
  `Fotos_Telescopio_idTelescopio` INT NOT NULL,
  `Planeta_SPlanetario_idSPlanetario` INT NOT NULL,
  PRIMARY KEY (`Fotos_has_Planeta_id`, `Fotos_idFotos`, `Planeta_idPlaneta`, `Fotos_Telescopio_idTelescopio`, `Planeta_SPlanetario_idSPlanetario`),
  CONSTRAINT `fk_Fotos_has_Planeta_Fotos1`
    FOREIGN KEY (`Fotos_idFotos` , `Fotos_Telescopio_idTelescopio`)
    REFERENCES `basedadosespaco`.`Fotos` (`idFotos` , `Telescopio_idTelescopio`)
    ON DELETE NO ACTION
    ON UPDATE NO ACTION,
  CONSTRAINT `fk_Fotos_has_Planeta_Planeta1`
    FOREIGN KEY (`Planeta_idPlaneta` , `Planeta_SPlanetario_idSPlanetario`)
    REFERENCES `basedadosespaco`.`Planeta` (`idPlaneta` , `SPlanetario_idSPlanetario`)
    ON DELETE NO ACTION
    ON UPDATE NO ACTION)
ENGINE = InnoDB;

CREATE INDEX `fk_Fotos_has_Planeta_Planeta1_idx` ON `basedadosespaco`.`Fotos_has_Planeta` (`Planeta_idPlaneta` ASC, `Planeta_SPlanetario_idSPlanetario` ASC);

CREATE INDEX `fk_Fotos_has_Planeta_Fotos1_idx` ON `basedadosespaco`.`Fotos_has_Planeta` (`Fotos_idFotos` ASC, `Fotos_Telescopio_idTelescopio` ASC);


-- -----------------------------------------------------
               -- Tabela FOTOS_SistemasPLanetários
-- -----------------------------------------------------
DROP TABLE IF EXISTS `basedadosespaco`.`Fotos_has_SPlanetario` ;

CREATE TABLE IF NOT EXISTS `basedadosespaco`.`Fotos_has_SPlanetario` (
  `Fotos_idFotos` INT NOT NULL,
  `Fotos_Telescopio_idTelescopio` INT NOT NULL,
  `SPlanetario_idSPlanetario` INT NOT NULL,
  `SPlanetario_Galaxia_idGalaxia` INT NOT NULL,
  `Fotos_has_SPlanetarioid` INT NOT NULL,
  PRIMARY KEY (`Fotos_idFotos`, `Fotos_Telescopio_idTelescopio`, `SPlanetario_idSPlanetario`, `SPlanetario_Galaxia_idGalaxia`, `Fotos_has_SPlanetarioid`),
  CONSTRAINT `fk_Fotos_has_SPlanetario_Fotos1`
    FOREIGN KEY (`Fotos_idFotos` , `Fotos_Telescopio_idTelescopio`)
    REFERENCES `basedadosespaco`.`Fotos` (`idFotos` , `Telescopio_idTelescopio`)
    ON DELETE NO ACTION
    ON UPDATE NO ACTION,
  CONSTRAINT `fk_Fotos_has_SPlanetario_SPlanetario1`
    FOREIGN KEY (`SPlanetario_idSPlanetario` , `SPlanetario_Galaxia_idGalaxia`)
    REFERENCES `basedadosespaco`.`SPlanetario` (`idSPlanetario` , `Galaxia_idGalaxia`)
    ON DELETE NO ACTION
    ON UPDATE NO ACTION)
ENGINE = InnoDB;

CREATE INDEX `fk_Fotos_has_SPlanetario_SPlanetario1_idx` ON `basedadosespaco`.`Fotos_has_SPlanetario` (`SPlanetario_idSPlanetario` ASC, `SPlanetario_Galaxia_idGalaxia` ASC);

CREATE INDEX `fk_Fotos_has_SPlanetario_Fotos1_idx` ON `basedadosespaco`.`Fotos_has_SPlanetario` (`Fotos_idFotos` ASC, `Fotos_Telescopio_idTelescopio` ASC);


-- -----------------------------------------------------
               -- Tabela FOTOS_Constelações
-- -----------------------------------------------------
DROP TABLE IF EXISTS `basedadosespaco`.`Fotos_has_Constelacao` ;

CREATE TABLE IF NOT EXISTS `basedadosespaco`.`Fotos_has_Constelacao` (
  `Fotos_has_Constelacaoid` INT NOT NULL,
  `Fotos_idFotos` INT NOT NULL,
  `Fotos_Telescopio_idTelescopio` INT NOT NULL,
  `Constelacao_idConstelacao` INT NOT NULL,
  PRIMARY KEY (`Fotos_has_Constelacaoid`, `Fotos_idFotos`, `Fotos_Telescopio_idTelescopio`, `Constelacao_idConstelacao`),
  CONSTRAINT `fk_Fotos_has_Constelacao_Fotos1`
    FOREIGN KEY (`Fotos_idFotos` , `Fotos_Telescopio_idTelescopio`)
    REFERENCES `basedadosespaco`.`Fotos` (`idFotos` , `Telescopio_idTelescopio`)
    ON DELETE NO ACTION
    ON UPDATE NO ACTION,
  CONSTRAINT `fk_Fotos_has_Constelacao_Constelacao1`
    FOREIGN KEY (`Constelacao_idConstelacao`)
    REFERENCES `basedadosespaco`.`Constelacao` (`idConstelacao`)
    ON DELETE NO ACTION
    ON UPDATE NO ACTION)
ENGINE = InnoDB;

CREATE INDEX `fk_Fotos_has_Constelacao_Constelacao1_idx` ON `basedadosespaco`.`Fotos_has_Constelacao` (`Constelacao_idConstelacao` ASC);

CREATE INDEX `fk_Fotos_has_Constelacao_Fotos1_idx` ON `basedadosespaco`.`Fotos_has_Constelacao` (`Fotos_idFotos` ASC, `Fotos_Telescopio_idTelescopio` ASC);


-- -----------------------------------------------------
               -- Tabela FOTOS_Galáxias
-- -----------------------------------------------------
DROP TABLE IF EXISTS `basedadosespaco`.`Fotos_has_Galaxia` ;

CREATE TABLE IF NOT EXISTS `basedadosespaco`.`Fotos_has_Galaxia` (
  `Fotos_idFotos` INT NOT NULL,
  `Fotos_Telescopio_idTelescopio` INT NOT NULL,
  `Galaxia_idGalaxia` INT NOT NULL,
  `Galaxia_GruGalaxia_idGruGalaxia` INT NOT NULL,
  `Fotos_has_Galaxiaid` INT NOT NULL,
  PRIMARY KEY (`Fotos_idFotos`, `Fotos_Telescopio_idTelescopio`, `Galaxia_idGalaxia`, `Galaxia_GruGalaxia_idGruGalaxia`, `Fotos_has_Galaxiaid`),
  CONSTRAINT `fk_Fotos_has_Galaxia_Fotos1`
    FOREIGN KEY (`Fotos_idFotos` , `Fotos_Telescopio_idTelescopio`)
    REFERENCES `basedadosespaco`.`Fotos` (`idFotos` , `Telescopio_idTelescopio`)
    ON DELETE NO ACTION
    ON UPDATE NO ACTION,
  CONSTRAINT `fk_Fotos_has_Galaxia_Galaxia1`
    FOREIGN KEY (`Galaxia_idGalaxia` , `Galaxia_GruGalaxia_idGruGalaxia`)
    REFERENCES `basedadosespaco`.`Galaxia` (`idGalaxia` , `GruGalaxia_idGruGalaxia`)
    ON DELETE NO ACTION
    ON UPDATE NO ACTION)
ENGINE = InnoDB;

CREATE INDEX `fk_Fotos_has_Galaxia_Galaxia1_idx` ON `basedadosespaco`.`Fotos_has_Galaxia` (`Galaxia_idGalaxia` ASC, `Galaxia_GruGalaxia_idGruGalaxia` ASC);

CREATE INDEX `fk_Fotos_has_Galaxia_Fotos1_idx` ON `basedadosespaco`.`Fotos_has_Galaxia` (`Fotos_idFotos` ASC, `Fotos_Telescopio_idTelescopio` ASC);


SET SQL_MODE=@OLD_SQL_MODE;
SET FOREIGN_KEY_CHECKS=@OLD_FOREIGN_KEY_CHECKS;
SET UNIQUE_CHECKS=@OLD_UNIQUE_CHECKS;

-- -----------------------------------------------------
-- Data for table `basedadosespaco`.`ClusterGalaxia`
-- -----------------------------------------------------
START TRANSACTION;
USE `basedadosespaco`;
INSERT INTO `basedadosespaco`.`ClusterGalaxia` (`idClusterGalaxia`, `NomeCluster`, `Distancia`, `Ano`, `Redshift`, `VelocidadeRecessao`) VALUES (1, 'Local Cluster', NULL, NULL, NULL, NULL);
INSERT INTO `basedadosespaco`.`ClusterGalaxia` (`idClusterGalaxia`, `NomeCluster`, `Distancia`, `Ano`, `Redshift`, `VelocidadeRecessao`) VALUES (2, 'LGG 104', 10.5, 1965, 0.000868, 260);
INSERT INTO `basedadosespaco`.`ClusterGalaxia` (`idClusterGalaxia`, `NomeCluster`, `Distancia`, `Ano`, `Redshift`, `VelocidadeRecessao`) VALUES (3, 'M81 Cluster', 11.4 , 1989, 0.001115, 334);
INSERT INTO `basedadosespaco`.`ClusterGalaxia` (`idClusterGalaxia`, `NomeCluster`, `Distancia`, `Ano`, `Redshift`, `VelocidadeRecessao`) VALUES (4, 'Centaurus A/M83 Cluster', 11.9 , 1977, 0.000999, 299);
INSERT INTO `basedadosespaco`.`ClusterGalaxia` (`idClusterGalaxia`, `NomeCluster`, `Distancia`, `Ano`, `Redshift`, `VelocidadeRecessao`) VALUES (5, 'Sculptor Group ', 12.7 , 1990, NULL, NULL);
INSERT INTO `basedadosespaco`.`ClusterGalaxia` (`idClusterGalaxia`, `NomeCluster`, `Distancia`, `Ano`, `Redshift`, `VelocidadeRecessao`) VALUES (6, 'Canes Venatici Cluster', 13.0 , 1996, 0.001612, 483);
INSERT INTO `basedadosespaco`.`ClusterGalaxia` (`idClusterGalaxia`, `NomeCluster`, `Distancia`, `Ano`, `Redshift`, `VelocidadeRecessao`) VALUES (7, 'NGC 1023 Cluster', 20.0 , 1985, 0.002926, 877);
INSERT INTO `basedadosespaco`.`ClusterGalaxia` (`idClusterGalaxia`, `NomeCluster`, `Distancia`, `Ano`, `Redshift`, `VelocidadeRecessao`) VALUES (8, 'M101 Cluster', 23.9 , 1978, 0.001288, 3860);
INSERT INTO `basedadosespaco`.`ClusterGalaxia` (`idClusterGalaxia`, `NomeCluster`, `Distancia`, `Ano`, `Redshift`, `VelocidadeRecessao`) VALUES (9, 'NGC 2997 Cluster', 25.0 , 1985, 0.002615, 784);
INSERT INTO `basedadosespaco`.`ClusterGalaxia` (`idClusterGalaxia`, `NomeCluster`, `Distancia`, `Ano`, `Redshift`, `VelocidadeRecessao`) VALUES (10, 'Canes Venatici II Cluster', 26.1 , 1998, NULL, NULL);
INSERT INTO `basedadosespaco`.`ClusterGalaxia` (`idClusterGalaxia`, `NomeCluster`, `Distancia`, `Ano`, `Redshift`, `VelocidadeRecessao`) VALUES (11, 'M51 Cluster', 31.0 , 2005, 0.001850, 555);
INSERT INTO `basedadosespaco`.`ClusterGalaxia` (`idClusterGalaxia`, `NomeCluster`, `Distancia`, `Ano`, `Redshift`, `VelocidadeRecessao`) VALUES (12, 'Leo Triplet', 35.1 , 2007, 0.002207, 6620);
INSERT INTO `basedadosespaco`.`ClusterGalaxia` (`idClusterGalaxia`, `NomeCluster`, `Distancia`, `Ano`, `Redshift`, `VelocidadeRecessao`) VALUES (13, 'Leo Cluster', 38.0 , 2009, 0.002267, 6800);
INSERT INTO `basedadosespaco`.`ClusterGalaxia` (`idClusterGalaxia`, `NomeCluster`, `Distancia`, `Ano`, `Redshift`, `VelocidadeRecessao`) VALUES (14, 'Draco Cluster', 40.0 , 1993, NULL, NULL);
INSERT INTO `basedadosespaco`.`ClusterGalaxia` (`idClusterGalaxia`, `NomeCluster`, `Distancia`, `Ano`, `Redshift`, `VelocidadeRecessao`) VALUES (15, 'LGG 396 ', NULL, 1992, 0.003020, 905);
INSERT INTO `basedadosespaco`.`ClusterGalaxia` (`idClusterGalaxia`, `NomeCluster`, `Distancia`, `Ano`, `Redshift`, `VelocidadeRecessao`) VALUES (16, 'Ursa Major Cluster', 55.1 , 2008, 0.003388, 1016);
INSERT INTO `basedadosespaco`.`ClusterGalaxia` (`idClusterGalaxia`, `NomeCluster`, `Distancia`, `Ano`, `Redshift`, `VelocidadeRecessao`) VALUES (17, 'ClG', NULL, 2011, 0.0134, NULL);
INSERT INTO `basedadosespaco`.`ClusterGalaxia` (`idClusterGalaxia`, `NomeCluster`, `Distancia`, `Ano`, `Redshift`, `VelocidadeRecessao`) VALUES (18, 'JKCS 041', 34.0 , 2009, 0.0546, 549);
INSERT INTO `basedadosespaco`.`ClusterGalaxia` (`idClusterGalaxia`, `NomeCluster`, `Distancia`, `Ano`, `Redshift`, `VelocidadeRecessao`) VALUES (19, 'XMMXCS ', 26.7 , 2006, 0.00327, 4300);
INSERT INTO `basedadosespaco`.`ClusterGalaxia` (`idClusterGalaxia`, `NomeCluster`, `Distancia`, `Ano`, `Redshift`, `VelocidadeRecessao`) VALUES (20, 'ISCS ', 18.5 , 2005, 0.00283, NULL);
INSERT INTO `basedadosespaco`.`ClusterGalaxia` (`idClusterGalaxia`, `NomeCluster`, `Distancia`, `Ano`, `Redshift`, `VelocidadeRecessao`) VALUES (21, 'XMMU ', NULL, 2005, 0.00128, 275);
INSERT INTO `basedadosespaco`.`ClusterGalaxia` (`idClusterGalaxia`, `NomeCluster`, `Distancia`, `Ano`, `Redshift`, `VelocidadeRecessao`) VALUES (22, 'RDCS', 33.4 , 1997, 0.067, 754);
INSERT INTO `basedadosespaco`.`ClusterGalaxia` (`idClusterGalaxia`, `NomeCluster`, `Distancia`, `Ano`, `Redshift`, `VelocidadeRecessao`) VALUES (23, '3C 234', 21.8 , 1984, 0.125, 846);
INSERT INTO `basedadosespaco`.`ClusterGalaxia` (`idClusterGalaxia`, `NomeCluster`, `Distancia`, `Ano`, `Redshift`, `VelocidadeRecessao`) VALUES (24, 'Cl 1409', NULL, 1960, 0.461, NULL);
INSERT INTO `basedadosespaco`.`ClusterGalaxia` (`idClusterGalaxia`, `NomeCluster`, `Distancia`, `Ano`, `Redshift`, `VelocidadeRecessao`) VALUES (25, 'Abell 732', 18.5 , 1951, 0.2, 61000);
INSERT INTO `basedadosespaco`.`ClusterGalaxia` (`idClusterGalaxia`, `NomeCluster`, `Distancia`, `Ano`, `Redshift`, `VelocidadeRecessao`) VALUES (26, 'Abell 1930 ', 19.9 , 1936, 0.13, 39000);
INSERT INTO `basedadosespaco`.`ClusterGalaxia` (`idClusterGalaxia`, `NomeCluster`, `Distancia`, `Ano`, `Redshift`, `VelocidadeRecessao`) VALUES (27, 'Gemini Cluster', NULL, 1932, 0.075, 23000);
INSERT INTO `basedadosespaco`.`ClusterGalaxia` (`idClusterGalaxia`, `NomeCluster`, `Distancia`, `Ano`, `Redshift`, `VelocidadeRecessao`) VALUES (28, 'WH Christie\'s Leo Cluster', 76.2 , 1931, NULL, 19700);
INSERT INTO `basedadosespaco`.`ClusterGalaxia` (`idClusterGalaxia`, `NomeCluster`, `Distancia`, `Ano`, `Redshift`, `VelocidadeRecessao`) VALUES (29, 'Baede\'s Ursa Major Cluster', 45.1 , 1930, NULL, 11700);
INSERT INTO `basedadosespaco`.`ClusterGalaxia` (`idClusterGalaxia`, `NomeCluster`, `Distancia`, `Ano`, `Redshift`, `VelocidadeRecessao`) VALUES (30, 'Coma Cluster', 62.5 , 1929, 0.026, 7800);
INSERT INTO `basedadosespaco`.`ClusterGalaxia` (`idClusterGalaxia`, `NomeCluster`, `Distancia`, `Ano`, `Redshift`, `VelocidadeRecessao`) VALUES (31, 'Pegasus Cluster', NULL, 1929, 0.012, 3779);
INSERT INTO `basedadosespaco`.`ClusterGalaxia` (`idClusterGalaxia`, `NomeCluster`, `Distancia`, `Ano`, `Redshift`, `VelocidadeRecessao`) VALUES (32, 'Cetus Cluster', 98.9 , 1921, 0.006, 1800);
INSERT INTO `basedadosespaco`.`ClusterGalaxia` (`idClusterGalaxia`, `NomeCluster`, `Distancia`, `Ano`, `Redshift`, `VelocidadeRecessao`) VALUES (33, 'Virgo Cluster', 54.5 , 1784, 0.03, NULL);
INSERT INTO `basedadosespaco`.`ClusterGalaxia` (`idClusterGalaxia`, `NomeCluster`, `Distancia`, `Ano`, `Redshift`, `VelocidadeRecessao`) VALUES (34, 'Fornax Cluster', NULL, 2000, 0.0046, 1379);
INSERT INTO `basedadosespaco`.`ClusterGalaxia` (`idClusterGalaxia`, `NomeCluster`, `Distancia`, `Ano`, `Redshift`, `VelocidadeRecessao`) VALUES (35, 'Antlia Cluster', 133, 2004, 0.0087, 2608);
INSERT INTO `basedadosespaco`.`ClusterGalaxia` (`idClusterGalaxia`, `NomeCluster`, `Distancia`, `Ano`, `Redshift`, `VelocidadeRecessao`) VALUES (36, 'Centaurus Cluster', 3.8, 2003, 0.0110, 3298);
INSERT INTO `basedadosespaco`.`ClusterGalaxia` (`idClusterGalaxia`, `NomeCluster`, `Distancia`, `Ano`, `Redshift`, `VelocidadeRecessao`) VALUES (37, 'Hydra Cluster', 4.6, 1976, 0.0114, 34180);

COMMIT;


-- -----------------------------------------------------
-- Data for table `basedadosespaco`.`GruGalaxia`
-- -----------------------------------------------------
START TRANSACTION;
USE `basedadosespaco`;
INSERT INTO `basedadosespaco`.`GruGalaxia` (`idGruGalaxia`, `NomeGruGalaxia`, `Ascendente`, `Declinacao`, `CoordSupergalat`, `NGalaxias`, `VelocidadeRecessao`, `Distancia`, `ClusterGalaxia_idClusterGalaxia`) VALUES (1, 'M81', '10/10', '+69.1   ', '42/+2', 11, 127, 12, 26);
INSERT INTO `basedadosespaco`.`GruGalaxia` (`idGruGalaxia`, `NomeGruGalaxia`, `Ascendente`, `Declinacao`, `CoordSupergalat`, `NGalaxias`, `VelocidadeRecessao`, `Distancia`, `ClusterGalaxia_idClusterGalaxia`) VALUES (2, 'Maffei', '03/49', '+68.0   ', '11/0', 5, 171, 10, 15);
INSERT INTO `basedadosespaco`.`GruGalaxia` (`idGruGalaxia`, `NomeGruGalaxia`, `Ascendente`, `Declinacao`, `CoordSupergalat`, `NGalaxias`, `VelocidadeRecessao`, `Distancia`, `ClusterGalaxia_idClusterGalaxia`) VALUES (3, 'Sculptor', '00/36', '-31.0  ', '265/-4', 8, 177, 9, 33);
INSERT INTO `basedadosespaco`.`GruGalaxia` (`idGruGalaxia`, `NomeGruGalaxia`, `Ascendente`, `Declinacao`, `CoordSupergalat`, `NGalaxias`, `VelocidadeRecessao`, `Distancia`, `ClusterGalaxia_idClusterGalaxia`) VALUES (4, 'NGC2403', '07/43', '+66.7   ', '31/-7', 3, 231, 12, 12);
INSERT INTO `basedadosespaco`.`GruGalaxia` (`idGruGalaxia`, `NomeGruGalaxia`, `Ascendente`, `Declinacao`, `CoordSupergalat`, `NGalaxias`, `VelocidadeRecessao`, `Distancia`, `ClusterGalaxia_idClusterGalaxia`) VALUES (5, 'CanesI', '12/18', '+35.8   ', '80/+2', 10, 294, 13, 32);
INSERT INTO `basedadosespaco`.`GruGalaxia` (`idGruGalaxia`, `NomeGruGalaxia`, `Ascendente`, `Declinacao`, `CoordSupergalat`, `NGalaxias`, `VelocidadeRecessao`, `Distancia`, `ClusterGalaxia_idClusterGalaxia`) VALUES (6, 'M101', '14/03', '+54.6   ', '63/+23', 7, 363, 25, 5);
INSERT INTO `basedadosespaco`.`GruGalaxia` (`idGruGalaxia`, `NomeGruGalaxia`, `Ascendente`, `Declinacao`, `CoordSupergalat`, `NGalaxias`, `VelocidadeRecessao`, `Distancia`, `ClusterGalaxia_idClusterGalaxia`) VALUES (7, 'NGC5128', '13/25', '-41.6  ', '158/-5', 15, 390, 14, 14);
INSERT INTO `basedadosespaco`.`GruGalaxia` (`idGruGalaxia`, `NomeGruGalaxia`, `Ascendente`, `Declinacao`, `CoordSupergalat`, `NGalaxias`, `VelocidadeRecessao`, `Distancia`, `ClusterGalaxia_idClusterGalaxia`) VALUES (8, 'NGC672', '01/51', '+27.8  ', '327/-5', 3, 458, 20, 34);
INSERT INTO `basedadosespaco`.`GruGalaxia` (`idGruGalaxia`, `NomeGruGalaxia`, `Ascendente`, `Declinacao`, `CoordSupergalat`, `NGalaxias`, `VelocidadeRecessao`, `Distancia`, `ClusterGalaxia_idClusterGalaxia`) VALUES (9, 'NGC5194', '13/09', '+44.0   ', '74/+13', 17, 466, 25, 24);
INSERT INTO `basedadosespaco`.`GruGalaxia` (`idGruGalaxia`, `NomeGruGalaxia`, `Ascendente`, `Declinacao`, `CoordSupergalat`, `NGalaxias`, `VelocidadeRecessao`, `Distancia`, `ClusterGalaxia_idClusterGalaxia`) VALUES (10, 'NGC3115', '10/5', '-7.7  ', '112/-43', 3, 494, 30, 15);
INSERT INTO `basedadosespaco`.`GruGalaxia` (`idGruGalaxia`, `NomeGruGalaxia`, `Ascendente`, `Declinacao`, `CoordSupergalat`, `NGalaxias`, `VelocidadeRecessao`, `Distancia`, `ClusterGalaxia_idClusterGalaxia`) VALUES (11, 'NGC45', '00/13', '-23.4  ', '271/+3', 3, 503, 20, 2);
INSERT INTO `basedadosespaco`.`GruGalaxia` (`idGruGalaxia`, `NomeGruGalaxia`, `Ascendente`, `Declinacao`, `CoordSupergalat`, `NGalaxias`, `VelocidadeRecessao`, `Distancia`, `ClusterGalaxia_idClusterGalaxia`) VALUES (12, 'NGC2835', '09/14', '-23.5  ', '135/-56', 4, 547, 30, 21);
INSERT INTO `basedadosespaco`.`GruGalaxia` (`idGruGalaxia`, `NomeGruGalaxia`, `Ascendente`, `Declinacao`, `CoordSupergalat`, `NGalaxias`, `VelocidadeRecessao`, `Distancia`, `ClusterGalaxia_idClusterGalaxia`) VALUES (13, 'CanesII', '12/22', '+45.4   ', '71/+6', 22, 548, 30, 34);
INSERT INTO `basedadosespaco`.`GruGalaxia` (`idGruGalaxia`, `NomeGruGalaxia`, `Ascendente`, `Declinacao`, `CoordSupergalat`, `NGalaxias`, `VelocidadeRecessao`, `Distancia`, `ClusterGalaxia_idClusterGalaxia`) VALUES (14, 'NGC2541', '08/12', '+49.9   ', '40/-22', 3, 565, 30, 17);
INSERT INTO `basedadosespaco`.`GruGalaxia` (`idGruGalaxia`, `NomeGruGalaxia`, `Ascendente`, `Declinacao`, `CoordSupergalat`, `NGalaxias`, `VelocidadeRecessao`, `Distancia`, `ClusterGalaxia_idClusterGalaxia`) VALUES (15, 'NGC7640', '23/24', '+40.9  ', '335/+27', 3, 589, 30, 12);
INSERT INTO `basedadosespaco`.`GruGalaxia` (`idGruGalaxia`, `NomeGruGalaxia`, `Ascendente`, `Declinacao`, `CoordSupergalat`, `NGalaxias`, `VelocidadeRecessao`, `Distancia`, `ClusterGalaxia_idClusterGalaxia`) VALUES (16, 'NGC925', '02/28', '+33.8  ', '336/-9', 4, 671, 35, 23);
INSERT INTO `basedadosespaco`.`GruGalaxia` (`idGruGalaxia`, `NomeGruGalaxia`, `Ascendente`, `Declinacao`, `CoordSupergalat`, `NGalaxias`, `VelocidadeRecessao`, `Distancia`, `ClusterGalaxia_idClusterGalaxia`) VALUES (17, 'ComaI', '12/36', '+31.0   ', '85/+4', 12, 683, 50, 29);
INSERT INTO `basedadosespaco`.`GruGalaxia` (`idGruGalaxia`, `NomeGruGalaxia`, `Ascendente`, `Declinacao`, `CoordSupergalat`, `NGalaxias`, `VelocidadeRecessao`, `Distancia`, `ClusterGalaxia_idClusterGalaxia`) VALUES (18, 'NGC7713', '23/36', '-36.9  ', '256/+6', 3, 690, 35, 11);
INSERT INTO `basedadosespaco`.`GruGalaxia` (`idGruGalaxia`, `NomeGruGalaxia`, `Ascendente`, `Declinacao`, `CoordSupergalat`, `NGalaxias`, `VelocidadeRecessao`, `Distancia`, `ClusterGalaxia_idClusterGalaxia`) VALUES (19, 'LeoI', '11/2', '+13.0   ', '95/-23', 14, 702, 35, 31);
INSERT INTO `basedadosespaco`.`GruGalaxia` (`idGruGalaxia`, `NomeGruGalaxia`, `Ascendente`, `Declinacao`, `CoordSupergalat`, `NGalaxias`, `VelocidadeRecessao`, `Distancia`, `ClusterGalaxia_idClusterGalaxia`) VALUES (20, 'NGC1023', '02/35', '+39.9  ', '342/-8', 8, 713, 35, 18);
INSERT INTO `basedadosespaco`.`GruGalaxia` (`idGruGalaxia`, `NomeGruGalaxia`, `Ascendente`, `Declinacao`, `CoordSupergalat`, `NGalaxias`, `VelocidadeRecessao`, `Distancia`, `ClusterGalaxia_idClusterGalaxia`) VALUES (21, 'NGC1800', '05/09', '-32.2  ', '257/-61', 3, 717, 35, 5);
INSERT INTO `basedadosespaco`.`GruGalaxia` (`idGruGalaxia`, `NomeGruGalaxia`, `Ascendente`, `Declinacao`, `CoordSupergalat`, `NGalaxias`, `VelocidadeRecessao`, `Distancia`, `ClusterGalaxia_idClusterGalaxia`) VALUES (22, 'NGC6744', '19/04', '-64.2  ', '207/+10', 6, 746, 40, 28);
INSERT INTO `basedadosespaco`.`GruGalaxia` (`idGruGalaxia`, `NomeGruGalaxia`, `Ascendente`, `Declinacao`, `CoordSupergalat`, `NGalaxias`, `VelocidadeRecessao`, `Distancia`, `ClusterGalaxia_idClusterGalaxia`) VALUES (23, 'NGC4062', '12/03', '+31.6   ', '83/-3', 4, 757, 50, 25);
INSERT INTO `basedadosespaco`.`GruGalaxia` (`idGruGalaxia`, `NomeGruGalaxia`, `Ascendente`, `Declinacao`, `CoordSupergalat`, `NGalaxias`, `VelocidadeRecessao`, `Distancia`, `ClusterGalaxia_idClusterGalaxia`) VALUES (24, 'NGC3675', '11/23', '+43.2   ', '69/-5', 3, 783, 40, 17);
INSERT INTO `basedadosespaco`.`GruGalaxia` (`idGruGalaxia`, `NomeGruGalaxia`, `Ascendente`, `Declinacao`, `CoordSupergalat`, `NGalaxias`, `VelocidadeRecessao`, `Distancia`, `ClusterGalaxia_idClusterGalaxia`) VALUES (25, 'NGC628', '01/38', '+15.3  ', '314/-6', 5, 792, 40, 27);
INSERT INTO `basedadosespaco`.`GruGalaxia` (`idGruGalaxia`, `NomeGruGalaxia`, `Ascendente`, `Declinacao`, `CoordSupergalat`, `NGalaxias`, `VelocidadeRecessao`, `Distancia`, `ClusterGalaxia_idClusterGalaxia`) VALUES (26, 'NGC2427', '07/44', '-50.0  ', '193/-54', 5, 823, 40, 36);
INSERT INTO `basedadosespaco`.`GruGalaxia` (`idGruGalaxia`, `NomeGruGalaxia`, `Ascendente`, `Declinacao`, `CoordSupergalat`, `NGalaxias`, `VelocidadeRecessao`, `Distancia`, `ClusterGalaxia_idClusterGalaxia`) VALUES (27, 'NGC2997', '09/45', '-31.1  ', '146/-48', 8, 851, 40, 24);
INSERT INTO `basedadosespaco`.`GruGalaxia` (`idGruGalaxia`, `NomeGruGalaxia`, `Ascendente`, `Declinacao`, `CoordSupergalat`, `NGalaxias`, `VelocidadeRecessao`, `Distancia`, `ClusterGalaxia_idClusterGalaxia`) VALUES (28, 'NGC3175', '10/10', '-28.7  ', '141/-43', 4, 872, 45, 36);
INSERT INTO `basedadosespaco`.`GruGalaxia` (`idGruGalaxia`, `NomeGruGalaxia`, `Ascendente`, `Declinacao`, `CoordSupergalat`, `NGalaxias`, `VelocidadeRecessao`, `Distancia`, `ClusterGalaxia_idClusterGalaxia`) VALUES (29, 'NGC5866', '15/11', '+56.1   ', '59/+32', 5, 877, 50, 31);
INSERT INTO `basedadosespaco`.`GruGalaxia` (`idGruGalaxia`, `NomeGruGalaxia`, `Ascendente`, `Declinacao`, `CoordSupergalat`, `NGalaxias`, `VelocidadeRecessao`, `Distancia`, `ClusterGalaxia_idClusterGalaxia`) VALUES (30, 'ESO501-23', '10/39', '-24.2  ', '135/-37', 3, 886, 50, 35);
INSERT INTO `basedadosespaco`.`GruGalaxia` (`idGruGalaxia`, `NomeGruGalaxia`, `Ascendente`, `Declinacao`, `CoordSupergalat`, `NGalaxias`, `VelocidadeRecessao`, `Distancia`, `ClusterGalaxia_idClusterGalaxia`) VALUES (31, 'VirgoI', '12/32', '+11.5  ', '104/-2', 177, 895, 52, 13);
INSERT INTO `basedadosespaco`.`GruGalaxia` (`idGruGalaxia`, `NomeGruGalaxia`, `Ascendente`, `Declinacao`, `CoordSupergalat`, `NGalaxias`, `VelocidadeRecessao`, `Distancia`, `ClusterGalaxia_idClusterGalaxia`) VALUES (32, 'UrsaMajorS', '12/00', '+46.8   ', '68/+2', 33, 903, 55, 13);
INSERT INTO `basedadosespaco`.`GruGalaxia` (`idGruGalaxia`, `NomeGruGalaxia`, `Ascendente`, `Declinacao`, `CoordSupergalat`, `NGalaxias`, `VelocidadeRecessao`, `Distancia`, `ClusterGalaxia_idClusterGalaxia`) VALUES (33, 'NGC1433', '03/51', '-46.3  ', '248/-41', 10, 916, 60, 27);
INSERT INTO `basedadosespaco`.`GruGalaxia` (`idGruGalaxia`, `NomeGruGalaxia`, `Ascendente`, `Declinacao`, `CoordSupergalat`, `NGalaxias`, `VelocidadeRecessao`, `Distancia`, `ClusterGalaxia_idClusterGalaxia`) VALUES (34, 'NGC3941', '11/53', '+37.2   ', '77/-2', 4, 934, 50, 21);
INSERT INTO `basedadosespaco`.`GruGalaxia` (`idGruGalaxia`, `NomeGruGalaxia`, `Ascendente`, `Declinacao`, `CoordSupergalat`, `NGalaxias`, `VelocidadeRecessao`, `Distancia`, `ClusterGalaxia_idClusterGalaxia`) VALUES (35, 'NGC1792', '05/07', '-37.7  ', '249/-58', 4, 939, 50, 33);
INSERT INTO `basedadosespaco`.`GruGalaxia` (`idGruGalaxia`, `NomeGruGalaxia`, `Ascendente`, `Declinacao`, `CoordSupergalat`, `NGalaxias`, `VelocidadeRecessao`, `Distancia`, `ClusterGalaxia_idClusterGalaxia`) VALUES (36, 'NGC4546', '12/36', '-4.1  ', '119/-6', 3, 949, 50, 20);
INSERT INTO `basedadosespaco`.`GruGalaxia` (`idGruGalaxia`, `NomeGruGalaxia`, `Ascendente`, `Declinacao`, `CoordSupergalat`, `NGalaxias`, `VelocidadeRecessao`, `Distancia`, `ClusterGalaxia_idClusterGalaxia`) VALUES (37, 'NGC4594', '12/40', '-11.1  ', '126/-7', 8, 957, 50, 26);
INSERT INTO `basedadosespaco`.`GruGalaxia` (`idGruGalaxia`, `NomeGruGalaxia`, `Ascendente`, `Declinacao`, `CoordSupergalat`, `NGalaxias`, `VelocidadeRecessao`, `Distancia`, `ClusterGalaxia_idClusterGalaxia`) VALUES (38, 'NGC5033', '13/13', '+36.9   ', '81/+13', 9, 962, 50, 2);
INSERT INTO `basedadosespaco`.`GruGalaxia` (`idGruGalaxia`, `NomeGruGalaxia`, `Ascendente`, `Declinacao`, `CoordSupergalat`, `NGalaxias`, `VelocidadeRecessao`, `Distancia`, `ClusterGalaxia_idClusterGalaxia`) VALUES (39, 'NGC4274', '12/19', '+29.1   ', '86/0', 7, 966, 60, 7);
INSERT INTO `basedadosespaco`.`GruGalaxia` (`idGruGalaxia`, `NomeGruGalaxia`, `Ascendente`, `Declinacao`, `CoordSupergalat`, `NGalaxias`, `VelocidadeRecessao`, `Distancia`, `ClusterGalaxia_idClusterGalaxia`) VALUES (40, 'NGC3607', '11/18', '+17.5   ', '92/-17', 11, 991, 70, 10);
INSERT INTO `basedadosespaco`.`GruGalaxia` (`idGruGalaxia`, `NomeGruGalaxia`, `Ascendente`, `Declinacao`, `CoordSupergalat`, `NGalaxias`, `VelocidadeRecessao`, `Distancia`, `ClusterGalaxia_idClusterGalaxia`) VALUES (41, 'Dorado', '04/18', '-55.8  ', '234/-40', 19, 1000, 65, 22);
INSERT INTO `basedadosespaco`.`GruGalaxia` (`idGruGalaxia`, `NomeGruGalaxia`, `Ascendente`, `Declinacao`, `CoordSupergalat`, `NGalaxias`, `VelocidadeRecessao`, `Distancia`, `ClusterGalaxia_idClusterGalaxia`) VALUES (42, 'NGC7424', '23/00', '-40.8  ', '249/+10', 4, 1008, 60, 4);
INSERT INTO `basedadosespaco`.`GruGalaxia` (`idGruGalaxia`, `NomeGruGalaxia`, `Ascendente`, `Declinacao`, `CoordSupergalat`, `NGalaxias`, `VelocidadeRecessao`, `Distancia`, `ClusterGalaxia_idClusterGalaxia`) VALUES (43, 'NGC1947', '05/27', '-64.1  ', '219/-39', 3, 1012, 60, 2);
INSERT INTO `basedadosespaco`.`GruGalaxia` (`idGruGalaxia`, `NomeGruGalaxia`, `Ascendente`, `Declinacao`, `CoordSupergalat`, `NGalaxias`, `VelocidadeRecessao`, `Distancia`, `ClusterGalaxia_idClusterGalaxia`) VALUES (44, 'NGC7331', '22/37', '+34.4  ', '328/+37', 3, 1033, 55, 26);
INSERT INTO `basedadosespaco`.`GruGalaxia` (`idGruGalaxia`, `NomeGruGalaxia`, `Ascendente`, `Declinacao`, `CoordSupergalat`, `NGalaxias`, `VelocidadeRecessao`, `Distancia`, `ClusterGalaxia_idClusterGalaxia`) VALUES (45, 'NGC4151', '12/12', '+39.4   ', '76/+2', 6, 1043, 60, 37);
INSERT INTO `basedadosespaco`.`GruGalaxia` (`idGruGalaxia`, `NomeGruGalaxia`, `Ascendente`, `Declinacao`, `CoordSupergalat`, `NGalaxias`, `VelocidadeRecessao`, `Distancia`, `ClusterGalaxia_idClusterGalaxia`) VALUES (46, 'NGC4753', '12/55', '+0.6  ', '116/0', 9, 1084, 55, 20);
INSERT INTO `basedadosespaco`.`GruGalaxia` (`idGruGalaxia`, `NomeGruGalaxia`, `Ascendente`, `Declinacao`, `CoordSupergalat`, `NGalaxias`, `VelocidadeRecessao`, `Distancia`, `ClusterGalaxia_idClusterGalaxia`) VALUES (47, 'NGC3370', '10/51', '+17.3   ', '89/-23', 6, 1099, 65, 19);
INSERT INTO `basedadosespaco`.`GruGalaxia` (`idGruGalaxia`, `NomeGruGalaxia`, `Ascendente`, `Declinacao`, `CoordSupergalat`, `NGalaxias`, `VelocidadeRecessao`, `Distancia`, `ClusterGalaxia_idClusterGalaxia`) VALUES (48, 'NGC1532', '13/37', '+8.7  ', '111/+13', 3, 1116, 65, 25);
INSERT INTO `basedadosespaco`.`GruGalaxia` (`idGruGalaxia`, `NomeGruGalaxia`, `Ascendente`, `Declinacao`, `CoordSupergalat`, `NGalaxias`, `VelocidadeRecessao`, `Distancia`, `ClusterGalaxia_idClusterGalaxia`) VALUES (49, 'NGC5248', '04/13', '-32.4  ', '265/-50', 3, 1124, 70, 24);
INSERT INTO `basedadosespaco`.`GruGalaxia` (`idGruGalaxia`, `NomeGruGalaxia`, `Ascendente`, `Declinacao`, `CoordSupergalat`, `NGalaxias`, `VelocidadeRecessao`, `Distancia`, `ClusterGalaxia_idClusterGalaxia`) VALUES (50, 'NGC1068', '2/43', '+0.3  ', '305/-26', 6, 1126, 70, 12);
INSERT INTO `basedadosespaco`.`GruGalaxia` (`idGruGalaxia`, `NomeGruGalaxia`, `Ascendente`, `Declinacao`, `CoordSupergalat`, `NGalaxias`, `VelocidadeRecessao`, `Distancia`, `ClusterGalaxia_idClusterGalaxia`) VALUES (51, 'NGC3166', '10/14', '+3.4  ', '100/-37', 3, 1127, 70, 4);
INSERT INTO `basedadosespaco`.`GruGalaxia` (`idGruGalaxia`, `NomeGruGalaxia`, `Ascendente`, `Declinacao`, `CoordSupergalat`, `NGalaxias`, `VelocidadeRecessao`, `Distancia`, `ClusterGalaxia_idClusterGalaxia`) VALUES (52, 'NGC3227', '10/24', '+19.9   ', '83/-28', 3, 1143, 75, 11);
INSERT INTO `basedadosespaco`.`GruGalaxia` (`idGruGalaxia`, `NomeGruGalaxia`, `Ascendente`, `Declinacao`, `CoordSupergalat`, `NGalaxias`, `VelocidadeRecessao`, `Distancia`, `ClusterGalaxia_idClusterGalaxia`) VALUES (53, 'NGC7814', '00/05', '+16.1  ', '309/+16', 5, 1146, 70, 32);
INSERT INTO `basedadosespaco`.`GruGalaxia` (`idGruGalaxia`, `NomeGruGalaxia`, `Ascendente`, `Declinacao`, `CoordSupergalat`, `NGalaxias`, `VelocidadeRecessao`, `Distancia`, `ClusterGalaxia_idClusterGalaxia`) VALUES (54, 'UrsaMajorN', '11/47', '+53.8   ', '61/+3', 28, 1148, 60, 7);
INSERT INTO `basedadosespaco`.`GruGalaxia` (`idGruGalaxia`, `NomeGruGalaxia`, `Ascendente`, `Declinacao`, `CoordSupergalat`, `NGalaxias`, `VelocidadeRecessao`, `Distancia`, `ClusterGalaxia_idClusterGalaxia`) VALUES (55, 'NGC1672', '04/49', '-59.4  ', '227/-41', 4, 1161, 65, 5);
INSERT INTO `basedadosespaco`.`GruGalaxia` (`idGruGalaxia`, `NomeGruGalaxia`, `Ascendente`, `Declinacao`, `CoordSupergalat`, `NGalaxias`, `VelocidadeRecessao`, `Distancia`, `ClusterGalaxia_idClusterGalaxia`) VALUES (56, 'NGC4856', '13/04', '-15.4  ', '132/-2', 4, 1182, 55, 1);
INSERT INTO `basedadosespaco`.`GruGalaxia` (`idGruGalaxia`, `NomeGruGalaxia`, `Ascendente`, `Declinacao`, `CoordSupergalat`, `NGalaxias`, `VelocidadeRecessao`, `Distancia`, `ClusterGalaxia_idClusterGalaxia`) VALUES (57, 'NGC5364', '13/55', '+5.0  ', '116/+16', 5, 1185, 70, 26);
INSERT INTO `basedadosespaco`.`GruGalaxia` (`idGruGalaxia`, `NomeGruGalaxia`, `Ascendente`, `Declinacao`, `CoordSupergalat`, `NGalaxias`, `VelocidadeRecessao`, `Distancia`, `ClusterGalaxia_idClusterGalaxia`) VALUES (58, 'NGC4179', '12/11', '+2.0  ', '112/-10', 3, 1188, 55, 12);
INSERT INTO `basedadosespaco`.`GruGalaxia` (`idGruGalaxia`, `NomeGruGalaxia`, `Ascendente`, `Declinacao`, `CoordSupergalat`, `NGalaxias`, `VelocidadeRecessao`, `Distancia`, `ClusterGalaxia_idClusterGalaxia`) VALUES (59, 'NGC4697', '12/53', '-7.4  ', '123/-2', 25, 1191, 55, 30);
INSERT INTO `basedadosespaco`.`GruGalaxia` (`idGruGalaxia`, `NomeGruGalaxia`, `Ascendente`, `Declinacao`, `CoordSupergalat`, `NGalaxias`, `VelocidadeRecessao`, `Distancia`, `ClusterGalaxia_idClusterGalaxia`) VALUES (60, 'NGC2442', '07/33', '-69.4  ', '202/-36', 3, 1193, 70, 1);
INSERT INTO `basedadosespaco`.`GruGalaxia` (`idGruGalaxia`, `NomeGruGalaxia`, `Ascendente`, `Declinacao`, `CoordSupergalat`, `NGalaxias`, `VelocidadeRecessao`, `Distancia`, `ClusterGalaxia_idClusterGalaxia`) VALUES (61, 'NGC3338', '10/44', '+13.7   ', '92/-26', 3, 1198, 70, 18);
INSERT INTO `basedadosespaco`.`GruGalaxia` (`idGruGalaxia`, `NomeGruGalaxia`, `Ascendente`, `Declinacao`, `CoordSupergalat`, `NGalaxias`, `VelocidadeRecessao`, `Distancia`, `ClusterGalaxia_idClusterGalaxia`) VALUES (62, 'NGC3585', '11/13', '-26.8  ', '139/-29', 3, 1203, 70, 22);
INSERT INTO `basedadosespaco`.`GruGalaxia` (`idGruGalaxia`, `NomeGruGalaxia`, `Ascendente`, `Declinacao`, `CoordSupergalat`, `NGalaxias`, `VelocidadeRecessao`, `Distancia`, `ClusterGalaxia_idClusterGalaxia`) VALUES (63, 'NGC2775', '9/10', '+7.0   ', '85/-50', 3, 1222, 70, 28);
INSERT INTO `basedadosespaco`.`GruGalaxia` (`idGruGalaxia`, `NomeGruGalaxia`, `Ascendente`, `Declinacao`, `CoordSupergalat`, `NGalaxias`, `VelocidadeRecessao`, `Distancia`, `ClusterGalaxia_idClusterGalaxia`) VALUES (64, 'NGC1097', '02/45', '-29.7  ', '271/-31', 3, 1229, 60, 9);
INSERT INTO `basedadosespaco`.`GruGalaxia` (`idGruGalaxia`, `NomeGruGalaxia`, `Ascendente`, `Declinacao`, `CoordSupergalat`, `NGalaxias`, `VelocidadeRecessao`, `Distancia`, `ClusterGalaxia_idClusterGalaxia`) VALUES (65, 'NGC4565', '12/39', '+25.9   ', '90/+3', 6, 1243, 55, 1);
INSERT INTO `basedadosespaco`.`GruGalaxia` (`idGruGalaxia`, `NomeGruGalaxia`, `Ascendente`, `Declinacao`, `CoordSupergalat`, `NGalaxias`, `VelocidadeRecessao`, `Distancia`, `ClusterGalaxia_idClusterGalaxia`) VALUES (66, 'NGC4976', '13/08', '-49.6  ', '165/-10', 4, 1261, 70, 1);
INSERT INTO `basedadosespaco`.`GruGalaxia` (`idGruGalaxia`, `NomeGruGalaxia`, `Ascendente`, `Declinacao`, `CoordSupergalat`, `NGalaxias`, `VelocidadeRecessao`, `Distancia`, `ClusterGalaxia_idClusterGalaxia`) VALUES (67, 'NGC3640', '11/21', '+3.3  ', '106/-22', 5, 1273, 85, 13);
INSERT INTO `basedadosespaco`.`GruGalaxia` (`idGruGalaxia`, `NomeGruGalaxia`, `Ascendente`, `Declinacao`, `CoordSupergalat`, `NGalaxias`, `VelocidadeRecessao`, `Distancia`, `ClusterGalaxia_idClusterGalaxia`) VALUES (68, 'NGC3190', '10/17', '+22.0   ', '80/-28', 5, 1283, 80, 2);
INSERT INTO `basedadosespaco`.`GruGalaxia` (`idGruGalaxia`, `NomeGruGalaxia`, `Ascendente`, `Declinacao`, `CoordSupergalat`, `NGalaxias`, `VelocidadeRecessao`, `Distancia`, `ClusterGalaxia_idClusterGalaxia`) VALUES (69, 'NGC4643', '12/43', '+1.8  ', '114/-2', 3, 1292, 80, 27);
INSERT INTO `basedadosespaco`.`GruGalaxia` (`idGruGalaxia`, `NomeGruGalaxia`, `Ascendente`, `Declinacao`, `CoordSupergalat`, `NGalaxias`, `VelocidadeRecessao`, `Distancia`, `ClusterGalaxia_idClusterGalaxia`) VALUES (70, 'NGC3245', '10/29', '+28.7   ', '76/-22', 4, 1308, 75, 3);
INSERT INTO `basedadosespaco`.`GruGalaxia` (`idGruGalaxia`, `NomeGruGalaxia`, `Ascendente`, `Declinacao`, `CoordSupergalat`, `NGalaxias`, `VelocidadeRecessao`, `Distancia`, `ClusterGalaxia_idClusterGalaxia`) VALUES (71, 'NGC5121', '13/25', '-37.7  ', '155/-4', 4, 1328, 70, 24);
INSERT INTO `basedadosespaco`.`GruGalaxia` (`idGruGalaxia`, `NomeGruGalaxia`, `Ascendente`, `Declinacao`, `CoordSupergalat`, `NGalaxias`, `VelocidadeRecessao`, `Distancia`, `ClusterGalaxia_idClusterGalaxia`) VALUES (72, 'ESO221-26', '14/12', '-47.4  ', '167/+1', 5, 1330, 65, 3);
INSERT INTO `basedadosespaco`.`GruGalaxia` (`idGruGalaxia`, `NomeGruGalaxia`, `Ascendente`, `Declinacao`, `CoordSupergalat`, `NGalaxias`, `VelocidadeRecessao`, `Distancia`, `ClusterGalaxia_idClusterGalaxia`) VALUES (73, 'UGC2800', '03/44', '+71.2   ', '13/+3', 4, 1342, 65, 31);
INSERT INTO `basedadosespaco`.`GruGalaxia` (`idGruGalaxia`, `NomeGruGalaxia`, `Ascendente`, `Declinacao`, `CoordSupergalat`, `NGalaxias`, `VelocidadeRecessao`, `Distancia`, `ClusterGalaxia_idClusterGalaxia`) VALUES (74, 'NGC2836', '09/07', '-68.8  ', '193/-33', 3, 1357, 65, 16);
INSERT INTO `basedadosespaco`.`GruGalaxia` (`idGruGalaxia`, `NomeGruGalaxia`, `Ascendente`, `Declinacao`, `CoordSupergalat`, `NGalaxias`, `VelocidadeRecessao`, `Distancia`, `ClusterGalaxia_idClusterGalaxia`) VALUES (75, 'NGC2985', '09/53', '+72.2   ', '39/+3', 3, 1359, 70, 13);
INSERT INTO `basedadosespaco`.`GruGalaxia` (`idGruGalaxia`, `NomeGruGalaxia`, `Ascendente`, `Declinacao`, `CoordSupergalat`, `NGalaxias`, `VelocidadeRecessao`, `Distancia`, `ClusterGalaxia_idClusterGalaxia`) VALUES (76, 'NGC6340', '17/15', '+71.9   ', '35/+32', 3, 1366, 70, 32);
INSERT INTO `basedadosespaco`.`GruGalaxia` (`idGruGalaxia`, `NomeGruGalaxia`, `Ascendente`, `Declinacao`, `CoordSupergalat`, `NGalaxias`, `VelocidadeRecessao`, `Distancia`, `ClusterGalaxia_idClusterGalaxia`) VALUES (77, 'NGC2964', '09/45', '+32.5   ', '66/-27', 3, 1373, 80, 23);
INSERT INTO `basedadosespaco`.`GruGalaxia` (`idGruGalaxia`, `NomeGruGalaxia`, `Ascendente`, `Declinacao`, `CoordSupergalat`, `NGalaxias`, `VelocidadeRecessao`, `Distancia`, `ClusterGalaxia_idClusterGalaxia`) VALUES (78, 'NGC3626', '11/20', '+18.2   ', '92/-16', 3, 1384, 70, 15);
INSERT INTO `basedadosespaco`.`GruGalaxia` (`idGruGalaxia`, `NomeGruGalaxia`, `Ascendente`, `Declinacao`, `CoordSupergalat`, `NGalaxias`, `VelocidadeRecessao`, `Distancia`, `ClusterGalaxia_idClusterGalaxia`) VALUES (79, 'NGC936', '2/28', '-1.2  ', '302/-23', 4, 1393, 70, 8);
INSERT INTO `basedadosespaco`.`GruGalaxia` (`idGruGalaxia`, `NomeGruGalaxia`, `Ascendente`, `Declinacao`, `CoordSupergalat`, `NGalaxias`, `VelocidadeRecessao`, `Distancia`, `ClusterGalaxia_idClusterGalaxia`) VALUES (80, 'NGC4125', '09/08', '+60.1   ', '43/-10', 3, 1400, 75, 23);
INSERT INTO `basedadosespaco`.`GruGalaxia` (`idGruGalaxia`, `NomeGruGalaxia`, `Ascendente`, `Declinacao`, `CoordSupergalat`, `NGalaxias`, `VelocidadeRecessao`, `Distancia`, `ClusterGalaxia_idClusterGalaxia`) VALUES (81, 'NGC2768', '12/03', '+63.2   ', '53/+8', 8, 1434, 70, 7);
INSERT INTO `basedadosespaco`.`GruGalaxia` (`idGruGalaxia`, `NomeGruGalaxia`, `Ascendente`, `Declinacao`, `CoordSupergalat`, `NGalaxias`, `VelocidadeRecessao`, `Distancia`, `ClusterGalaxia_idClusterGalaxia`) VALUES (82, 'NGC1052', '2/40', '-8.1  ', '295/-27', 9, 1438, 65, 20);
INSERT INTO `basedadosespaco`.`GruGalaxia` (`idGruGalaxia`, `NomeGruGalaxia`, `Ascendente`, `Declinacao`, `CoordSupergalat`, `NGalaxias`, `VelocidadeRecessao`, `Distancia`, `ClusterGalaxia_idClusterGalaxia`) VALUES (83, 'FornaxI', '03/32', '-35.5  ', '263/-41', 49, 1446, 65, 22);
INSERT INTO `basedadosespaco`.`GruGalaxia` (`idGruGalaxia`, `NomeGruGalaxia`, `Ascendente`, `Declinacao`, `CoordSupergalat`, `NGalaxias`, `VelocidadeRecessao`, `Distancia`, `ClusterGalaxia_idClusterGalaxia`) VALUES (84, 'NGC2217', '06/21', '-27.2  ', '240/-76', 4, 1456, 70, 8);
INSERT INTO `basedadosespaco`.`GruGalaxia` (`idGruGalaxia`, `NomeGruGalaxia`, `Ascendente`, `Declinacao`, `CoordSupergalat`, `NGalaxias`, `VelocidadeRecessao`, `Distancia`, `ClusterGalaxia_idClusterGalaxia`) VALUES (85, 'NGC2559', '08/18', '-26.3  ', '148/-68', 3, 1452, 75, 27);
INSERT INTO `basedadosespaco`.`GruGalaxia` (`idGruGalaxia`, `NomeGruGalaxia`, `Ascendente`, `Declinacao`, `CoordSupergalat`, `NGalaxias`, `VelocidadeRecessao`, `Distancia`, `ClusterGalaxia_idClusterGalaxia`) VALUES (86, 'NGC4666', '12/45', '-1.2  ', '117/-3', 4, 1485, 50, 23);
INSERT INTO `basedadosespaco`.`GruGalaxia` (`idGruGalaxia`, `NomeGruGalaxia`, `Ascendente`, `Declinacao`, `CoordSupergalat`, `NGalaxias`, `VelocidadeRecessao`, `Distancia`, `ClusterGalaxia_idClusterGalaxia`) VALUES (87, 'NGC908', '02/23', '-21.0  ', '280/-26', 6, 1495, 65, 35);
INSERT INTO `basedadosespaco`.`GruGalaxia` (`idGruGalaxia`, `NomeGruGalaxia`, `Ascendente`, `Declinacao`, `CoordSupergalat`, `NGalaxias`, `VelocidadeRecessao`, `Distancia`, `ClusterGalaxia_idClusterGalaxia`) VALUES (88, 'NGC3923', '11/50', '-28.8', '142/-21', 7, 1497, 80, 1);
INSERT INTO `basedadosespaco`.`GruGalaxia` (`idGruGalaxia`, `NomeGruGalaxia`, `Ascendente`, `Declinacao`, `CoordSupergalat`, `NGalaxias`, `VelocidadeRecessao`, `Distancia`, `ClusterGalaxia_idClusterGalaxia`) VALUES (89, 'NGC4038', '12/00', '-19.0  ', '132/-18', 14, 1502, 70, 12);
INSERT INTO `basedadosespaco`.`GruGalaxia` (`idGruGalaxia`, `NomeGruGalaxia`, `Ascendente`, `Declinacao`, `CoordSupergalat`, `NGalaxias`, `VelocidadeRecessao`, `Distancia`, `ClusterGalaxia_idClusterGalaxia`) VALUES (90, 'NGC3813', '11/40', '+36.4   ', '76/-5', 3, 1510, 90, 30);
INSERT INTO `basedadosespaco`.`GruGalaxia` (`idGruGalaxia`, `NomeGruGalaxia`, `Ascendente`, `Declinacao`, `CoordSupergalat`, `NGalaxias`, `VelocidadeRecessao`, `Distancia`, `ClusterGalaxia_idClusterGalaxia`) VALUES (91, 'NGC5566', '14/21', '+3.6  ', '119/+22', 5, 1511, 80, 10);
INSERT INTO `basedadosespaco`.`GruGalaxia` (`idGruGalaxia`, `NomeGruGalaxia`, `Ascendente`, `Declinacao`, `CoordSupergalat`, `NGalaxias`, `VelocidadeRecessao`, `Distancia`, `ClusterGalaxia_idClusterGalaxia`) VALUES (92, 'NGC2655', '09/00', '+77.9   ', '33/+5', 5, 1516, 80, 25);
INSERT INTO `basedadosespaco`.`GruGalaxia` (`idGruGalaxia`, `NomeGruGalaxia`, `Ascendente`, `Declinacao`, `CoordSupergalat`, `NGalaxias`, `VelocidadeRecessao`, `Distancia`, `ClusterGalaxia_idClusterGalaxia`) VALUES (93, 'Eridanus', '03/34', '-21.5  ', '281/-42', 34, 1533, 85, 13);
INSERT INTO `basedadosespaco`.`GruGalaxia` (`idGruGalaxia`, `NomeGruGalaxia`, `Ascendente`, `Declinacao`, `CoordSupergalat`, `NGalaxias`, `VelocidadeRecessao`, `Distancia`, `ClusterGalaxia_idClusterGalaxia`) VALUES (94, 'NGC134', '00/31', '-32.9  ', '263/-4', 5, 1556, 80, 6);
INSERT INTO `basedadosespaco`.`GruGalaxia` (`idGruGalaxia`, `NomeGruGalaxia`, `Ascendente`, `Declinacao`, `CoordSupergalat`, `NGalaxias`, `VelocidadeRecessao`, `Distancia`, `ClusterGalaxia_idClusterGalaxia`) VALUES (95, 'NGC3892', '11/46', '-10.6  ', '122/-19', 4, 1564, 75, 17);
INSERT INTO `basedadosespaco`.`GruGalaxia` (`idGruGalaxia`, `NomeGruGalaxia`, `Ascendente`, `Declinacao`, `CoordSupergalat`, `NGalaxias`, `VelocidadeRecessao`, `Distancia`, `ClusterGalaxia_idClusterGalaxia`) VALUES (96, 'ESO563-16', '08/43/', '-20.6  ', '131/-64', 3, 1570, 80, 22);
INSERT INTO `basedadosespaco`.`GruGalaxia` (`idGruGalaxia`, `NomeGruGalaxia`, `Ascendente`, `Declinacao`, `CoordSupergalat`, `NGalaxias`, `VelocidadeRecessao`, `Distancia`, `ClusterGalaxia_idClusterGalaxia`) VALUES (97, 'NGC3396', '10/51', '+33.2   ', '74/-16', 5, 1577, 95, 30);
INSERT INTO `basedadosespaco`.`GruGalaxia` (`idGruGalaxia`, `NomeGruGalaxia`, `Ascendente`, `Declinacao`, `CoordSupergalat`, `NGalaxias`, `VelocidadeRecessao`, `Distancia`, `ClusterGalaxia_idClusterGalaxia`) VALUES (98, 'NGC676', '1/49', '+5.8  ', '306/-11', 3, 1592, 80, 3);
INSERT INTO `basedadosespaco`.`GruGalaxia` (`idGruGalaxia`, `NomeGruGalaxia`, `Ascendente`, `Declinacao`, `CoordSupergalat`, `NGalaxias`, `VelocidadeRecessao`, `Distancia`, `ClusterGalaxia_idClusterGalaxia`) VALUES (99, 'NGC4303', '12/29', '+3.4  ', '111/-5', 15, 1592, 55, 28);
INSERT INTO `basedadosespaco`.`GruGalaxia` (`idGruGalaxia`, `NomeGruGalaxia`, `Ascendente`, `Declinacao`, `CoordSupergalat`, `NGalaxias`, `VelocidadeRecessao`, `Distancia`, `ClusterGalaxia_idClusterGalaxia`) VALUES (100, 'NGC5775', '14/54', '+3.6  ', '121/+30', 4, 1592, 75, 25);
INSERT INTO `basedadosespaco`.`GruGalaxia` (`idGruGalaxia`, `NomeGruGalaxia`, `Ascendente`, `Declinacao`, `CoordSupergalat`, `NGalaxias`, `VelocidadeRecessao`, `Distancia`, `ClusterGalaxia_idClusterGalaxia`) VALUES (101, 'NGC7507', '23/12', '-28.5  ', '261/+14', 3, 1599, 75, 20);
INSERT INTO `basedadosespaco`.`GruGalaxia` (`idGruGalaxia`, `NomeGruGalaxia`, `Ascendente`, `Declinacao`, `CoordSupergalat`, `NGalaxias`, `VelocidadeRecessao`, `Distancia`, `ClusterGalaxia_idClusterGalaxia`) VALUES (102, 'ESO505-3', '12/01', '-24.6  ', '138/-18', 3, 1601, 75, 31);
INSERT INTO `basedadosespaco`.`GruGalaxia` (`idGruGalaxia`, `NomeGruGalaxia`, `Ascendente`, `Declinacao`, `CoordSupergalat`, `NGalaxias`, `VelocidadeRecessao`, `Distancia`, `ClusterGalaxia_idClusterGalaxia`) VALUES (103, 'NGC7582', '23/11', '-42.8  ', '248/+7', 13, 1603, 70, 2);
INSERT INTO `basedadosespaco`.`GruGalaxia` (`idGruGalaxia`, `NomeGruGalaxia`, `Ascendente`, `Declinacao`, `CoordSupergalat`, `NGalaxias`, `VelocidadeRecessao`, `Distancia`, `ClusterGalaxia_idClusterGalaxia`) VALUES (104, 'NGC864', '2/16', '+6.1  ', '308/-18', 3, 1612, 75, 27);
INSERT INTO `basedadosespaco`.`GruGalaxia` (`idGruGalaxia`, `NomeGruGalaxia`, `Ascendente`, `Declinacao`, `CoordSupergalat`, `NGalaxias`, `VelocidadeRecessao`, `Distancia`, `ClusterGalaxia_idClusterGalaxia`) VALUES (105, 'NGC1255', '03/11', '-25.9  ', '276/-37', 7, 1626, 70, 6);
INSERT INTO `basedadosespaco`.`GruGalaxia` (`idGruGalaxia`, `NomeGruGalaxia`, `Ascendente`, `Declinacao`, `CoordSupergalat`, `NGalaxias`, `VelocidadeRecessao`, `Distancia`, `ClusterGalaxia_idClusterGalaxia`) VALUES (106, 'NGC4995', '13/9', '-7.3  ', '124/+1', 4, 1628, 70, 23);
INSERT INTO `basedadosespaco`.`GruGalaxia` (`idGruGalaxia`, `NomeGruGalaxia`, `Ascendente`, `Declinacao`, `CoordSupergalat`, `NGalaxias`, `VelocidadeRecessao`, `Distancia`, `ClusterGalaxia_idClusterGalaxia`) VALUES (107, 'NGC5084', '13/21', '-21.4  ', '139/0', 5, 1644, 80, 10);
INSERT INTO `basedadosespaco`.`GruGalaxia` (`idGruGalaxia`, `NomeGruGalaxia`, `Ascendente`, `Declinacao`, `CoordSupergalat`, `NGalaxias`, `VelocidadeRecessao`, `Distancia`, `ClusterGalaxia_idClusterGalaxia`) VALUES (108, 'NGC2859', '09/24', '+34.5   ', '61/-28', 3, 1649, 85, 15);
INSERT INTO `basedadosespaco`.`GruGalaxia` (`idGruGalaxia`, `NomeGruGalaxia`, `Ascendente`, `Declinacao`, `CoordSupergalat`, `NGalaxias`, `VelocidadeRecessao`, `Distancia`, `ClusterGalaxia_idClusterGalaxia`) VALUES (109, 'NGC3672', '11/23', '-10.0  ', '120/-25', 3, 1665, 90, 35);
INSERT INTO `basedadosespaco`.`GruGalaxia` (`idGruGalaxia`, `NomeGruGalaxia`, `Ascendente`, `Declinacao`, `CoordSupergalat`, `NGalaxias`, `VelocidadeRecessao`, `Distancia`, `ClusterGalaxia_idClusterGalaxia`) VALUES (110, 'IC1459', '22/58', '-35.9  ', '253/+13', 8, 1668, 90, 29);
INSERT INTO `basedadosespaco`.`GruGalaxia` (`idGruGalaxia`, `NomeGruGalaxia`, `Ascendente`, `Declinacao`, `CoordSupergalat`, `NGalaxias`, `VelocidadeRecessao`, `Distancia`, `ClusterGalaxia_idClusterGalaxia`) VALUES (111, 'NGC4105', '12/07', '-29.5  ', '143/-18', 6, 1692, 8, 31);
INSERT INTO `basedadosespaco`.`GruGalaxia` (`idGruGalaxia`, `NomeGruGalaxia`, `Ascendente`, `Declinacao`, `CoordSupergalat`, `NGalaxias`, `VelocidadeRecessao`, `Distancia`, `ClusterGalaxia_idClusterGalaxia`) VALUES (112, 'NGC720', '01/53', '-13.6  ', '287/-17', 4, 1717, 5, 11);
INSERT INTO `basedadosespaco`.`GruGalaxia` (`idGruGalaxia`, `NomeGruGalaxia`, `Ascendente`, `Declinacao`, `CoordSupergalat`, `NGalaxias`, `VelocidadeRecessao`, `Distancia`, `ClusterGalaxia_idClusterGalaxia`) VALUES (113, 'NGC2855', '09/21', '-12.0  ', '115/-54', 3, 1726, 80, 22);
INSERT INTO `basedadosespaco`.`GruGalaxia` (`idGruGalaxia`, `NomeGruGalaxia`, `Ascendente`, `Declinacao`, `CoordSupergalat`, `NGalaxias`, `VelocidadeRecessao`, `Distancia`, `ClusterGalaxia_idClusterGalaxia`) VALUES (114, 'NGC2805', '09/24', '+63.6   ', '42/-6', 3, 1728, 85, 28);
INSERT INTO `basedadosespaco`.`GruGalaxia` (`idGruGalaxia`, `NomeGruGalaxia`, `Ascendente`, `Declinacao`, `CoordSupergalat`, `NGalaxias`, `VelocidadeRecessao`, `Distancia`, `ClusterGalaxia_idClusterGalaxia`) VALUES (115, 'NGC2967', '9/46', '+1.0   ', '99/-45', 6, 1731, 80, 2);
INSERT INTO `basedadosespaco`.`GruGalaxia` (`idGruGalaxia`, `NomeGruGalaxia`, `Ascendente`, `Declinacao`, `CoordSupergalat`, `NGalaxias`, `VelocidadeRecessao`, `Distancia`, `ClusterGalaxia_idClusterGalaxia`) VALUES (116, 'NGC2280', '06/46', '-27.1  ', '217/-78', 4, 1732, 90, 7);
INSERT INTO `basedadosespaco`.`GruGalaxia` (`idGruGalaxia`, `NomeGruGalaxia`, `Ascendente`, `Declinacao`, `CoordSupergalat`, `NGalaxias`, `VelocidadeRecessao`, `Distancia`, `ClusterGalaxia_idClusterGalaxia`) VALUES (117, 'NGC5668', '14/31', '+3.7  ', '119/+24', 4, 1732, 70, 7);
INSERT INTO `basedadosespaco`.`GruGalaxia` (`idGruGalaxia`, `NomeGruGalaxia`, `Ascendente`, `Declinacao`, `CoordSupergalat`, `NGalaxias`, `VelocidadeRecessao`, `Distancia`, `ClusterGalaxia_idClusterGalaxia`) VALUES (118, 'NGC5746', '14/42', '+0.8  ', '123/+26', 11, 1750, 85, 15);
INSERT INTO `basedadosespaco`.`GruGalaxia` (`idGruGalaxia`, `NomeGruGalaxia`, `Ascendente`, `Declinacao`, `CoordSupergalat`, `NGalaxias`, `VelocidadeRecessao`, `Distancia`, `ClusterGalaxia_idClusterGalaxia`) VALUES (119, 'NGC1519', '04/07', '-17.3  ', '288/-50', 4, 1762, 85, 27);
INSERT INTO `basedadosespaco`.`GruGalaxia` (`idGruGalaxia`, `NomeGruGalaxia`, `Ascendente`, `Declinacao`, `CoordSupergalat`, `NGalaxias`, `VelocidadeRecessao`, `Distancia`, `ClusterGalaxia_idClusterGalaxia`) VALUES (120, 'NGC4750', '12/51', '+72.6   ', '44/+15', 5, 1771, 80, 14);
INSERT INTO `basedadosespaco`.`GruGalaxia` (`idGruGalaxia`, `NomeGruGalaxia`, `Ascendente`, `Declinacao`, `CoordSupergalat`, `NGalaxias`, `VelocidadeRecessao`, `Distancia`, `ClusterGalaxia_idClusterGalaxia`) VALUES (121, 'NGC3642', '11/21', '+58.3   ', '55/+2', 5, 1773, 90, 16);
INSERT INTO `basedadosespaco`.`GruGalaxia` (`idGruGalaxia`, `NomeGruGalaxia`, `Ascendente`, `Declinacao`, `CoordSupergalat`, `NGalaxias`, `VelocidadeRecessao`, `Distancia`, `ClusterGalaxia_idClusterGalaxia`) VALUES (122, 'NGC2781', '09/10', '-15.0  ', '120/-57', 3, 1794, 80, 1);
INSERT INTO `basedadosespaco`.`GruGalaxia` (`idGruGalaxia`, `NomeGruGalaxia`, `Ascendente`, `Declinacao`, `CoordSupergalat`, `NGalaxias`, `VelocidadeRecessao`, `Distancia`, `ClusterGalaxia_idClusterGalaxia`) VALUES (123, 'NGC4291', '12/26', '+75.2   ', '42/+13', 5, 1802, 85, 9);
INSERT INTO `basedadosespaco`.`GruGalaxia` (`idGruGalaxia`, `NomeGruGalaxia`, `Ascendente`, `Declinacao`, `CoordSupergalat`, `NGalaxias`, `VelocidadeRecessao`, `Distancia`, `ClusterGalaxia_idClusterGalaxia`) VALUES (124, 'NGC1832', '05/11', '-15.6  ', '293/-65', 3, 1833, 85, 14);
INSERT INTO `basedadosespaco`.`GruGalaxia` (`idGruGalaxia`, `NomeGruGalaxia`, `Ascendente`, `Declinacao`, `CoordSupergalat`, `NGalaxias`, `VelocidadeRecessao`, `Distancia`, `ClusterGalaxia_idClusterGalaxia`) VALUES (125, 'NGC4751', '12/53', '-42.8  ', '158/-11', 3, 1837, 85, 16);
INSERT INTO `basedadosespaco`.`GruGalaxia` (`idGruGalaxia`, `NomeGruGalaxia`, `Ascendente`, `Declinacao`, `CoordSupergalat`, `NGalaxias`, `VelocidadeRecessao`, `Distancia`, `ClusterGalaxia_idClusterGalaxia`) VALUES (126, 'NGC2962', '9/41', '+5.1   ', '93/-44', 3, 1847, 75, 9);
INSERT INTO `basedadosespaco`.`GruGalaxia` (`idGruGalaxia`, `NomeGruGalaxia`, `Ascendente`, `Declinacao`, `CoordSupergalat`, `NGalaxias`, `VelocidadeRecessao`, `Distancia`, `ClusterGalaxia_idClusterGalaxia`) VALUES (127, 'NGC5846', '15/5', '+1.4  ', '125/+32', 9, 1851, 90, 3);
INSERT INTO `basedadosespaco`.`GruGalaxia` (`idGruGalaxia`, `NomeGruGalaxia`, `Ascendente`, `Declinacao`, `CoordSupergalat`, `NGalaxias`, `VelocidadeRecessao`, `Distancia`, `ClusterGalaxia_idClusterGalaxia`) VALUES (128, 'NGC681', '01/50', '-10.1  ', '290/-16', 3, 1877, 85, 37);
INSERT INTO `basedadosespaco`.`GruGalaxia` (`idGruGalaxia`, `NomeGruGalaxia`, `Ascendente`, `Declinacao`, `CoordSupergalat`, `NGalaxias`, `VelocidadeRecessao`, `Distancia`, `ClusterGalaxia_idClusterGalaxia`) VALUES (129, 'NGC7144', '21/53', '-48.5  ', '235/+15', 5, 1880, 80, 25);
INSERT INTO `basedadosespaco`.`GruGalaxia` (`idGruGalaxia`, `NomeGruGalaxia`, `Ascendente`, `Declinacao`, `CoordSupergalat`, `NGalaxias`, `VelocidadeRecessao`, `Distancia`, `ClusterGalaxia_idClusterGalaxia`) VALUES (130, 'NGC5101', '13/20', '-26.8  ', '144/-2', 5, 1883, 80, 28);
INSERT INTO `basedadosespaco`.`GruGalaxia` (`idGruGalaxia`, `NomeGruGalaxia`, `Ascendente`, `Declinacao`, `CoordSupergalat`, `NGalaxias`, `VelocidadeRecessao`, `Distancia`, `ClusterGalaxia_idClusterGalaxia`) VALUES (131, 'NGC584', '1/33', '-7.0  ', '292/-11', 8, 1907, 90, 12);
INSERT INTO `basedadosespaco`.`GruGalaxia` (`idGruGalaxia`, `NomeGruGalaxia`, `Ascendente`, `Declinacao`, `CoordSupergalat`, `NGalaxias`, `VelocidadeRecessao`, `Distancia`, `ClusterGalaxia_idClusterGalaxia`) VALUES (132, 'NGC7421', '08/46', '-33.9  ', '158/-59', 3, 1918, 75, 37);
INSERT INTO `basedadosespaco`.`GruGalaxia` (`idGruGalaxia`, `NomeGruGalaxia`, `Ascendente`, `Declinacao`, `CoordSupergalat`, `NGalaxias`, `VelocidadeRecessao`, `Distancia`, `ClusterGalaxia_idClusterGalaxia`) VALUES (133, 'NGC2663', '22/57', '-36.6  ', '252/+13', 4, 1966, 95, 34);
INSERT INTO `basedadosespaco`.`GruGalaxia` (`idGruGalaxia`, `NomeGruGalaxia`, `Ascendente`, `Declinacao`, `CoordSupergalat`, `NGalaxias`, `VelocidadeRecessao`, `Distancia`, `ClusterGalaxia_idClusterGalaxia`) VALUES (134, 'NGC1359', '03/37', '-18.7  ', '285/-43', 4, 1976, 85, 8);
INSERT INTO `basedadosespaco`.`GruGalaxia` (`idGruGalaxia`, `NomeGruGalaxia`, `Ascendente`, `Declinacao`, `CoordSupergalat`, `NGalaxias`, `VelocidadeRecessao`, `Distancia`, `ClusterGalaxia_idClusterGalaxia`) VALUES (135, 'IC5181', '22/14', '-46.0  ', '240/+14', 3, 1996, 85, 5);
INSERT INTO `basedadosespaco`.`GruGalaxia` (`idGruGalaxia`, `NomeGruGalaxia`, `Ascendente`, `Declinacao`, `CoordSupergalat`, `NGalaxias`, `VelocidadeRecessao`, `Distancia`, `ClusterGalaxia_idClusterGalaxia`) VALUES (136, 'NGC5962', '15/36', '+16.0  ', '109/+42', 3, 2001, 80, 20);
INSERT INTO `basedadosespaco`.`GruGalaxia` (`idGruGalaxia`, `NomeGruGalaxia`, `Ascendente`, `Declinacao`, `CoordSupergalat`, `NGalaxias`, `VelocidadeRecessao`, `Distancia`, `ClusterGalaxia_idClusterGalaxia`) VALUES (137, 'IC764', '12/07', '-30.6  ', '144/-18', 6, 2002, 90, 34);
INSERT INTO `basedadosespaco`.`GruGalaxia` (`idGruGalaxia`, `NomeGruGalaxia`, `Ascendente`, `Declinacao`, `CoordSupergalat`, `NGalaxias`, `VelocidadeRecessao`, `Distancia`, `ClusterGalaxia_idClusterGalaxia`) VALUES (138, 'NGC2986', '09/43', '-21.0  ', '131/-50', 3, 2027, 100, 20);
INSERT INTO `basedadosespaco`.`GruGalaxia` (`idGruGalaxia`, `NomeGruGalaxia`, `Ascendente`, `Declinacao`, `CoordSupergalat`, `NGalaxias`, `VelocidadeRecessao`, `Distancia`, `ClusterGalaxia_idClusterGalaxia`) VALUES (139, 'NGC5485', '14/04', '+55.1   ', '63/+23', 7, 2047, 100, 9);
INSERT INTO `basedadosespaco`.`GruGalaxia` (`idGruGalaxia`, `NomeGruGalaxia`, `Ascendente`, `Declinacao`, `CoordSupergalat`, `NGalaxias`, `VelocidadeRecessao`, `Distancia`, `ClusterGalaxia_idClusterGalaxia`) VALUES (140, 'NGC6070', '16/11', '+0.5  ', '133/+47', 3, 2066, 90, 4);
INSERT INTO `basedadosespaco`.`GruGalaxia` (`idGruGalaxia`, `NomeGruGalaxia`, `Ascendente`, `Declinacao`, `CoordSupergalat`, `NGalaxias`, `VelocidadeRecessao`, `Distancia`, `ClusterGalaxia_idClusterGalaxia`) VALUES (141, 'NGC2273', '06/47', '+60.5   ', '25/-14', 4, 2069, 95, 29);
INSERT INTO `basedadosespaco`.`GruGalaxia` (`idGruGalaxia`, `NomeGruGalaxia`, `Ascendente`, `Declinacao`, `CoordSupergalat`, `NGalaxias`, `VelocidadeRecessao`, `Distancia`, `ClusterGalaxia_idClusterGalaxia`) VALUES (142, 'NGC5322', '13/50', '+60.3   ', '57/+20', 6, 2072, 100, 34);
INSERT INTO `basedadosespaco`.`GruGalaxia` (`idGruGalaxia`, `NomeGruGalaxia`, `Ascendente`, `Declinacao`, `CoordSupergalat`, `NGalaxias`, `VelocidadeRecessao`, `Distancia`, `ClusterGalaxia_idClusterGalaxia`) VALUES (143, 'NGC3665', '11/24', '+38.6   ', '73/-7', 3, 2074, 100, 2);
INSERT INTO `basedadosespaco`.`GruGalaxia` (`idGruGalaxia`, `NomeGruGalaxia`, `Ascendente`, `Declinacao`, `CoordSupergalat`, `NGalaxias`, `VelocidadeRecessao`, `Distancia`, `ClusterGalaxia_idClusterGalaxia`) VALUES (144, 'NGC5678', '14/29', '+57.1   ', '60/+26', 3, 2085, 105, 19);
INSERT INTO `basedadosespaco`.`GruGalaxia` (`idGruGalaxia`, `NomeGruGalaxia`, `Ascendente`, `Declinacao`, `CoordSupergalat`, `NGalaxias`, `VelocidadeRecessao`, `Distancia`, `ClusterGalaxia_idClusterGalaxia`) VALUES (145, 'NGC4965', '13/07', '-28.4  ', '145/-5', 3, 2087, 105, 5);
INSERT INTO `basedadosespaco`.`GruGalaxia` (`idGruGalaxia`, `NomeGruGalaxia`, `Ascendente`, `Declinacao`, `CoordSupergalat`, `NGalaxias`, `VelocidadeRecessao`, `Distancia`, `ClusterGalaxia_idClusterGalaxia`) VALUES (146, 'NGC3613', '11/20', '+57.9   ', '56/+1', 3, 2106, 100, 35);
INSERT INTO `basedadosespaco`.`GruGalaxia` (`idGruGalaxia`, `NomeGruGalaxia`, `Ascendente`, `Declinacao`, `CoordSupergalat`, `NGalaxias`, `VelocidadeRecessao`, `Distancia`, `ClusterGalaxia_idClusterGalaxia`) VALUES (147, 'NGC2300', '07/45', '+85.6   ', '27/+11', 4, 2125, 105, 27);
INSERT INTO `basedadosespaco`.`GruGalaxia` (`idGruGalaxia`, `NomeGruGalaxia`, `Ascendente`, `Declinacao`, `CoordSupergalat`, `NGalaxias`, `VelocidadeRecessao`, `Distancia`, `ClusterGalaxia_idClusterGalaxia`) VALUES (148, 'NGC7721', '23/40', '-6.4  ', '285/+16', 3, 2136, 100, 26);

COMMIT;


-- -----------------------------------------------------
-- Data for table `basedadosespaco`.`Galaxia`
-- -----------------------------------------------------
START TRANSACTION;
USE `basedadosespaco`;
INSERT INTO `basedadosespaco`.`Galaxia` (`idGalaxia`, `NomeGalaxia`, `Ascencao`, `Declinacao`, `CoordSupergalat`, `Tipo`, `MagnitudeAzul`, `Tamanho`, `Vista`, `Distancia`, `MetodoDistancia`, `GruGalaxia_idGruGalaxia`) VALUES (1, 'WLM', '00/01.9', '-15/27', '277.8/+8.1', 'Irr', 11.03   , 11, '3/4   ', 3.0    , ' P        ', 37);
INSERT INTO `basedadosespaco`.`Galaxia` (`idGalaxia`, `NomeGalaxia`, `Ascencao`, `Declinacao`, `CoordSupergalat`, `Tipo`, `MagnitudeAzul`, `Tamanho`, `Vista`, `Distancia`, `MetodoDistancia`, `GruGalaxia_idGruGalaxia`) VALUES (2, 'NGC 55', '00/15.1', '-39/13', '256.2/-2.4', 'SBm', 8.42   , 32, 'edge ', 6.5    , 'N  ', 27);
INSERT INTO `basedadosespaco`.`Galaxia` (`idGalaxia`, `NomeGalaxia`, `Ascencao`, `Declinacao`, `CoordSupergalat`, `Tipo`, `MagnitudeAzul`, `Tamanho`, `Vista`, `Distancia`, `MetodoDistancia`, `GruGalaxia_idGruGalaxia`) VALUES (3, 'NGC 134', '00/30.4', '-33/15', '262.9/-3.6', 'Sbc', 11.23    , 9, '1/4  ', 60, 'V', 56);
INSERT INTO `basedadosespaco`.`Galaxia` (`idGalaxia`, `NomeGalaxia`, `Ascencao`, `Declinacao`, `CoordSupergalat`, `Tipo`, `MagnitudeAzul`, `Tamanho`, `Vista`, `Distancia`, `MetodoDistancia`, `GruGalaxia_idGruGalaxia`) VALUES (4, 'NGC 147', '00/33.2', '+48/30', '343.3/+15.3', 'E', 10.47   , 13, '3/4   ', 2.4    , 'P   ', 110);
INSERT INTO `basedadosespaco`.`Galaxia` (`idGalaxia`, `NomeGalaxia`, `Ascencao`, `Declinacao`, `CoordSupergalat`, `Tipo`, `MagnitudeAzul`, `Tamanho`, `Vista`, `Distancia`, `MetodoDistancia`, `GruGalaxia_idGruGalaxia`) VALUES (5, 'NGC  157      ', '00/34.8', '-08/24', '287.0/+2.5', 'Sbc', 11.00    , 4, '3/4   ', 70, 'V  ', 91);
INSERT INTO `basedadosespaco`.`Galaxia` (`idGalaxia`, `NomeGalaxia`, `Ascencao`, `Declinacao`, `CoordSupergalat`, `Tipo`, `MagnitudeAzul`, `Tamanho`, `Vista`, `Distancia`, `MetodoDistancia`, `GruGalaxia_idGruGalaxia`) VALUES (6, 'NGC  185      ', '00/39.0', '+48/20', '343.3/+14.3', 'E  ', 10.10   , 12, 'full', 2.0    , 'P', 20);
INSERT INTO `basedadosespaco`.`Galaxia` (`idGalaxia`, `NomeGalaxia`, `Ascencao`, `Declinacao`, `CoordSupergalat`, `Tipo`, `MagnitudeAzul`, `Tamanho`, `Vista`, `Distancia`, `MetodoDistancia`, `GruGalaxia_idGruGalaxia`) VALUES (7, 'NGC  205 M110', '00/40.4', '+41/41', '336.5/+13.1', 'E', 8.92   , 22, '3/4   ', 2.7    , ' PN       ', 105);
INSERT INTO `basedadosespaco`.`Galaxia` (`idGalaxia`, `NomeGalaxia`, `Ascencao`, `Declinacao`, `CoordSupergalat`, `Tipo`, `MagnitudeAzul`, `Tamanho`, `Vista`, `Distancia`, `MetodoDistancia`, `GruGalaxia_idGruGalaxia`) VALUES (8, 'NGC  221 M32  ', '00/42.7', '/+40/52', '335.8/+12.5', 'E  ', 9.03    , 9, 'full', 2.6    , 'NS', 42);
INSERT INTO `basedadosespaco`.`Galaxia` (`idGalaxia`, `NomeGalaxia`, `Ascencao`, `Declinacao`, `CoordSupergalat`, `Tipo`, `MagnitudeAzul`, `Tamanho`, `Vista`, `Distancia`, `MetodoDistancia`, `GruGalaxia_idGruGalaxia`) VALUES (9, 'NGC  224 M31  ', '00/42.7', '+41/16', '336.2/+12.6', 'Sb', 4.36  , 190, '1/2  ', 2.6    , 'CPNGS', 21);
INSERT INTO `basedadosespaco`.`Galaxia` (`idGalaxia`, `NomeGalaxia`, `Ascencao`, `Declinacao`, `CoordSupergalat`, `Tipo`, `MagnitudeAzul`, `Tamanho`, `Vista`, `Distancia`, `MetodoDistancia`, `GruGalaxia_idGruGalaxia`) VALUES (10, 'NGC  247      ', '00/47.1', '-20/46', '275.9/-3.7', 'Scd', 9.67   , 21, '1/4   ', 8.1    , 'P', 137);
INSERT INTO `basedadosespaco`.`Galaxia` (`idGalaxia`, `NomeGalaxia`, `Ascencao`, `Declinacao`, `CoordSupergalat`, `Tipo`, `MagnitudeAzul`, `Tamanho`, `Vista`, `Distancia`, `MetodoDistancia`, `GruGalaxia_idGruGalaxia`) VALUES (11, 'NGC  253      ', '00/47.6', '-25/17', '271.6/-5.0', 'SBc', 8.04   , 28, '1/4  ', 13, 'P', 85);
INSERT INTO `basedadosespaco`.`Galaxia` (`idGalaxia`, `NomeGalaxia`, `Ascencao`, `Declinacao`, `CoordSupergalat`, `Tipo`, `MagnitudeAzul`, `Tamanho`, `Vista`, `Distancia`, `MetodoDistancia`, `GruGalaxia_idGruGalaxia`) VALUES (12, 'SMC  ', '00/52.6', '-72/48', '224.3/-14.8', 'SBm', 2.70  , 315, 'full', 0.21   , ' CN       ', 7);
INSERT INTO `basedadosespaco`.`Galaxia` (`idGalaxia`, `NomeGalaxia`, `Ascencao`, `Declinacao`, `CoordSupergalat`, `Tipo`, `MagnitudeAzul`, `Tamanho`, `Vista`, `Distancia`, `MetodoDistancia`, `GruGalaxia_idGruGalaxia`) VALUES (13, 'NGC  300      ', '00/54.9', '-37/41', '259.8/-9.5', 'Scd', 8.72   , 22, 'full ', 6.8    , 'CN', 49);
INSERT INTO `basedadosespaco`.`Galaxia` (`idGalaxia`, `NomeGalaxia`, `Ascencao`, `Declinacao`, `CoordSupergalat`, `Tipo`, `MagnitudeAzul`, `Tamanho`, `Vista`, `Distancia`, `MetodoDistancia`, `GruGalaxia_idGruGalaxia`) VALUES (14, 'Sculptor', '01/00.2', '-33/43', '264.0/-9.7', 'Irr', 10.50  , 40, 'full', 0.26   , 'P', 61);
INSERT INTO `basedadosespaco`.`Galaxia` (`idGalaxia`, `NomeGalaxia`, `Ascencao`, `Declinacao`, `CoordSupergalat`, `Tipo`, `MagnitudeAzul`, `Tamanho`, `Vista`, `Distancia`, `MetodoDistancia`, `GruGalaxia_idGruGalaxia`) VALUES (15, 'IC  1613      ', '01/04.8', '+02/07', '299.2/-1.8', 'Irr', 9.88   , 16, 'full ', 2.4    , 'CP', 118);
INSERT INTO `basedadosespaco`.`Galaxia` (`idGalaxia`, `NomeGalaxia`, `Ascencao`, `Declinacao`, `CoordSupergalat`, `Tipo`, `MagnitudeAzul`, `Tamanho`, `Vista`, `Distancia`, `MetodoDistancia`, `GruGalaxia_idGruGalaxia`) VALUES (16, 'NGC  404      ', '01/09.4', '+35/43', '331.9/+6.3', 'S0', 11.21    , 3, ' full   ', 11, ' S        ', 46);
INSERT INTO `basedadosespaco`.`Galaxia` (`idGalaxia`, `NomeGalaxia`, `Ascencao`, `Declinacao`, `CoordSupergalat`, `Tipo`, `MagnitudeAzul`, `Tamanho`, `Vista`, `Distancia`, `MetodoDistancia`, `GruGalaxia_idGruGalaxia`) VALUES (17, 'NGC  488      ', '01/21.8', '+05/15', '303.3/-5.0', 'Sb', 11.15    , 5, 'full ', 95, 'V  ', 117);
INSERT INTO `basedadosespaco`.`Galaxia` (`idGalaxia`, `NomeGalaxia`, `Ascencao`, `Declinacao`, `CoordSupergalat`, `Tipo`, `MagnitudeAzul`, `Tamanho`, `Vista`, `Distancia`, `MetodoDistancia`, `GruGalaxia_idGruGalaxia`) VALUES (18, 'NGC  598 M33  ', '01/33.8', '+30/40', '328.5/-0.1', 'Sc', 6.27   , 71, '3/4   ', 2.8    , 'CP', 119);
INSERT INTO `basedadosespaco`.`Galaxia` (`idGalaxia`, `NomeGalaxia`, `Ascencao`, `Declinacao`, `CoordSupergalat`, `Tipo`, `MagnitudeAzul`, `Tamanho`, `Vista`, `Distancia`, `MetodoDistancia`, `GruGalaxia_idGruGalaxia`) VALUES (19, 'NGC  613      ', '01/34.3', '-29/25', '269.7/-16.0', 'Sc', 10.73    , 5, '1/2   ', 55, 'V', 114);
INSERT INTO `basedadosespaco`.`Galaxia` (`idGalaxia`, `NomeGalaxia`, `Ascencao`, `Declinacao`, `CoordSupergalat`, `Tipo`, `MagnitudeAzul`, `Tamanho`, `Vista`, `Distancia`, `MetodoDistancia`, `GruGalaxia_idGruGalaxia`) VALUES (20, 'NGC  628 M74  ', '01/36.7', '+15/47', '314.5/-5.4', 'SBbc  ', 9.95   , 10, ' full   ', 24, ' P        ', 89);
INSERT INTO `basedadosespaco`.`Galaxia` (`idGalaxia`, `NomeGalaxia`, `Ascencao`, `Declinacao`, `CoordSupergalat`, `Tipo`, `MagnitudeAzul`, `Tamanho`, `Vista`, `Distancia`, `MetodoDistancia`, `GruGalaxia_idGruGalaxia`) VALUES (21, 'NGC  720      ', '01/53.0', '-13/44', '286.6/-17.4', 'E  ', 11.16    , 5, '3/4  ', 90, ' S        ', 58);
INSERT INTO `basedadosespaco`.`Galaxia` (`idGalaxia`, `NomeGalaxia`, `Ascencao`, `Declinacao`, `CoordSupergalat`, `Tipo`, `MagnitudeAzul`, `Tamanho`, `Vista`, `Distancia`, `MetodoDistancia`, `GruGalaxia_idGruGalaxia`) VALUES (22, 'NGC  772      ', '01/59.3', '+19/00', '319.4/-9.4', 'Sb  ', 11.09    , 7, 'full', 105, ' V        ', 31);
INSERT INTO `basedadosespaco`.`Galaxia` (`idGalaxia`, `NomeGalaxia`, `Ascencao`, `Declinacao`, `CoordSupergalat`, `Tipo`, `MagnitudeAzul`, `Tamanho`, `Vista`, `Distancia`, `MetodoDistancia`, `GruGalaxia_idGruGalaxia`) VALUES (23, 'NGC  891      ', '02/22.6', '+42/21', '343.0/-4.8', 'Sb', 10.81   , 13, 'edge', 32, 'NS  ', 70);
INSERT INTO `basedadosespaco`.`Galaxia` (`idGalaxia`, `NomeGalaxia`, `Ascencao`, `Declinacao`, `CoordSupergalat`, `Tipo`, `MagnitudeAzul`, `Tamanho`, `Vista`, `Distancia`, `MetodoDistancia`, `GruGalaxia_idGruGalaxia`) VALUES (24, 'NGC  908      ', '02/23.1', '-21/14', '280.1/-25.8', 'Sc  ', 10.83    , 6, '1/2  ', 60, 'V', 52);
INSERT INTO `basedadosespaco`.`Galaxia` (`idGalaxia`, `NomeGalaxia`, `Ascencao`, `Declinacao`, `CoordSupergalat`, `Tipo`, `MagnitudeAzul`, `Tamanho`, `Vista`, `Distancia`, `MetodoDistancia`, `GruGalaxia_idGruGalaxia`) VALUES (25, 'NGC  925      ', '02/27.3', '+33/35', '335.5/-9.5', 'SBcd', 10.69   , 10, '3/4   ', 30, 'C  ', 18);
INSERT INTO `basedadosespaco`.`Galaxia` (`idGalaxia`, `NomeGalaxia`, `Ascencao`, `Declinacao`, `CoordSupergalat`, `Tipo`, `MagnitudeAzul`, `Tamanho`, `Vista`, `Distancia`, `MetodoDistancia`, `GruGalaxia_idGruGalaxia`) VALUES (26, 'NGC  936      ', '02/27.6', '-01/09', '301.9/-22.6', 'S0', 11.12    , 5, 'full', 75, ' S        ', 89);
INSERT INTO `basedadosespaco`.`Galaxia` (`idGalaxia`, `NomeGalaxia`, `Ascencao`, `Declinacao`, `CoordSupergalat`, `Tipo`, `MagnitudeAzul`, `Tamanho`, `Vista`, `Distancia`, `MetodoDistancia`, `GruGalaxia_idGruGalaxia`) VALUES (27, 'Fornax', '02/40.0', '-34/27', '265.4/-30.3', 'Irr', 9.04   , 17, 'full', 0.45   , 'P     ', 90);
INSERT INTO `basedadosespaco`.`Galaxia` (`idGalaxia`, `NomeGalaxia`, `Ascencao`, `Declinacao`, `CoordSupergalat`, `Tipo`, `MagnitudeAzul`, `Tamanho`, `Vista`, `Distancia`, `MetodoDistancia`, `GruGalaxia_idGruGalaxia`) VALUES (28, 'NGC 1023      ', '02/40.4', '+39/04', '341.6/-9.3', 'S0', 10.35    , 9, '1/2   ', 36, 'NS', 29);
INSERT INTO `basedadosespaco`.`Galaxia` (`idGalaxia`, `NomeGalaxia`, `Ascencao`, `Declinacao`, `CoordSupergalat`, `Tipo`, `MagnitudeAzul`, `Tamanho`, `Vista`, `Distancia`, `MetodoDistancia`, `GruGalaxia_idGruGalaxia`) VALUES (29, 'NGC 1068 M77  ', '02/42.7', '-00/01', '304.3/-25.8', 'Sb', 9.61    , 7, 'full', 45, 'V  ', 127);
INSERT INTO `basedadosespaco`.`Galaxia` (`idGalaxia`, `NomeGalaxia`, `Ascencao`, `Declinacao`, `CoordSupergalat`, `Tipo`, `MagnitudeAzul`, `Tamanho`, `Vista`, `Distancia`, `MetodoDistancia`, `GruGalaxia_idGruGalaxia`) VALUES (30, 'NGC 1097      ', '02/46.3', '-30/16', '270.2/-31.6', 'SBb', 10.23    , 9, 'full', 45, 'V', 62);
INSERT INTO `basedadosespaco`.`Galaxia` (`idGalaxia`, `NomeGalaxia`, `Ascencao`, `Declinacao`, `CoordSupergalat`, `Tipo`, `MagnitudeAzul`, `Tamanho`, `Vista`, `Distancia`, `MetodoDistancia`, `GruGalaxia_idGruGalaxia`) VALUES (31, 'NGC 1232      ', '03/09.8', '-20/35', '282.2/-36.5', 'Sc    ', 10.52    , 7, 'full  ', 65, 'V  ', 3);
INSERT INTO `basedadosespaco`.`Galaxia` (`idGalaxia`, `NomeGalaxia`, `Ascencao`, `Declinacao`, `CoordSupergalat`, `Tipo`, `MagnitudeAzul`, `Tamanho`, `Vista`, `Distancia`, `MetodoDistancia`, `GruGalaxia_idGruGalaxia`) VALUES (32, 'NGC 1291      ', '03/17.3', '-41/06', '256.5/-36.9', ' SBa    ', 9.39   , 10, 'full ', 30, 'V', 55);
INSERT INTO `basedadosespaco`.`Galaxia` (`idGalaxia`, `NomeGalaxia`, `Ascencao`, `Declinacao`, `CoordSupergalat`, `Tipo`, `MagnitudeAzul`, `Tamanho`, `Vista`, `Distancia`, `MetodoDistancia`, `GruGalaxia_idGruGalaxia`) VALUES (33, 'NGC 1313      ', '03/18.3', '-66/30', '228.0/-28.2', 'SBcd', 9.20    , 9, 'full ', 14, 'P  ', 41);
INSERT INTO `basedadosespaco`.`Galaxia` (`idGalaxia`, `NomeGalaxia`, `Ascencao`, `Declinacao`, `CoordSupergalat`, `Tipo`, `MagnitudeAzul`, `Tamanho`, `Vista`, `Distancia`, `MetodoDistancia`, `GruGalaxia_idGruGalaxia`) VALUES (34, 'NGC 1300      ', '03/19.7', '-19/25', '283.9/-38.7', 'SBbc', 11.11    , 6, '3/4  ', 60, 'V', 122);
INSERT INTO `basedadosespaco`.`Galaxia` (`idGalaxia`, `NomeGalaxia`, `Ascencao`, `Declinacao`, `CoordSupergalat`, `Tipo`, `MagnitudeAzul`, `Tamanho`, `Vista`, `Distancia`, `MetodoDistancia`, `GruGalaxia_idGruGalaxia`) VALUES (35, 'NGC 1316      ', '03/22.7', '-37/12', '261.0/-38.6', 'S0', 9.42   , 12, '3/4  ', 59, 'NS', 96);
INSERT INTO `basedadosespaco`.`Galaxia` (`idGalaxia`, `NomeGalaxia`, `Ascencao`, `Declinacao`, `CoordSupergalat`, `Tipo`, `MagnitudeAzul`, `Tamanho`, `Vista`, `Distancia`, `MetodoDistancia`, `GruGalaxia_idGruGalaxia`) VALUES (36, 'NGC 1350      ', '03/31.1', '33/38', '265.3/-40.9', 'SBab', 11.16    , 5, '1/2   ', 55, 'V', 92);
INSERT INTO `basedadosespaco`.`Galaxia` (`idGalaxia`, `NomeGalaxia`, `Ascencao`, `Declinacao`, `CoordSupergalat`, `Tipo`, `MagnitudeAzul`, `Tamanho`, `Vista`, `Distancia`, `MetodoDistancia`, `GruGalaxia_idGruGalaxia`) VALUES (37, 'NGC 1365      ', '03/33.6', '-36/08', '261.9/-41.0', 'SBb', 10.32   , 11, 'full', 59, ' C        ', 54);
INSERT INTO `basedadosespaco`.`Galaxia` (`idGalaxia`, `NomeGalaxia`, `Ascencao`, `Declinacao`, `CoordSupergalat`, `Tipo`, `MagnitudeAzul`, `Tamanho`, `Vista`, `Distancia`, `MetodoDistancia`, `GruGalaxia_idGruGalaxia`) VALUES (38, 'NGC 1380      ', '03/36.4', '-34/59', '263.3/-41.8', 'S0', 10.87    , 5, '1/2   ', 61, 'GS', 29);
INSERT INTO `basedadosespaco`.`Galaxia` (`idGalaxia`, `NomeGalaxia`, `Ascencao`, `Declinacao`, `CoordSupergalat`, `Tipo`, `MagnitudeAzul`, `Tamanho`, `Vista`, `Distancia`, `MetodoDistancia`, `GruGalaxia_idGruGalaxia`) VALUES (39, 'NGC 1399      ', '03/38.5', '-35/27', '262.5/-42.1', 'E', 10.55    , 7, ' full  ', 60, 'NGS  ', 136);
INSERT INTO `basedadosespaco`.`Galaxia` (`idGalaxia`, `NomeGalaxia`, `Ascencao`, `Declinacao`, `CoordSupergalat`, `Tipo`, `MagnitudeAzul`, `Tamanho`, `Vista`, `Distancia`, `MetodoDistancia`, `GruGalaxia_idGruGalaxia`) VALUES (40, 'NGC 1395      ', '03/38.5', '-23/02', '279.4/-43.3', 'E', 10.55    , 6, 'full', 81, ' S        ', 3);
INSERT INTO `basedadosespaco`.`Galaxia` (`idGalaxia`, `NomeGalaxia`, `Ascencao`, `Declinacao`, `CoordSupergalat`, `Tipo`, `MagnitudeAzul`, `Tamanho`, `Vista`, `Distancia`, `MetodoDistancia`, `GruGalaxia_idGruGalaxia`) VALUES (41, 'NGC 1404      ', '03/38.9', '35/36', '262.3/-42.1', 'E', 10.97    , 3, 'full', 60, ' NGS      ', 81);
INSERT INTO `basedadosespaco`.`Galaxia` (`idGalaxia`, `NomeGalaxia`, `Ascencao`, `Declinacao`, `CoordSupergalat`, `Tipo`, `MagnitudeAzul`, `Tamanho`, `Vista`, `Distancia`, `MetodoDistancia`, `GruGalaxia_idGruGalaxia`) VALUES (42, 'NGC 1398      ', '03/38.9', '-26/20', '274.9/-43.3', 'SBab', 10.57    , 7, '3/4  ', 55, 'V', 122);
INSERT INTO `basedadosespaco`.`Galaxia` (`idGalaxia`, `NomeGalaxia`, `Ascencao`, `Declinacao`, `CoordSupergalat`, `Tipo`, `MagnitudeAzul`, `Tamanho`, `Vista`, `Distancia`, `MetodoDistancia`, `GruGalaxia_idGruGalaxia`) VALUES (43, 'NGC 1407      ', '03/40.2', '-18/35', '285.5/-43.5', 'E', 10.70    , 5, 'full', 94, 'S  ', 67);
INSERT INTO `basedadosespaco`.`Galaxia` (`idGalaxia`, `NomeGalaxia`, `Ascencao`, `Declinacao`, `CoordSupergalat`, `Tipo`, `MagnitudeAzul`, `Tamanho`, `Vista`, `Distancia`, `MetodoDistancia`, `GruGalaxia_idGruGalaxia`) VALUES (44, 'NGC 1433      ', '03/42.0', '-47/13', '247.4/-39.3', 'SBab', 10.70    , 6, 'full', 40, 'V', 60);
INSERT INTO `basedadosespaco`.`Galaxia` (`idGalaxia`, `NomeGalaxia`, `Ascencao`, `Declinacao`, `CoordSupergalat`, `Tipo`, `MagnitudeAzul`, `Tamanho`, `Vista`, `Distancia`, `MetodoDistancia`, `GruGalaxia_idGruGalaxia`) VALUES (45, 'IC   342      ', '03/46.8', '+68/06', '10.6/+0.4', 'Sc', 9.10   , 21, 'full', 8.1    , 'S  ', 113);
INSERT INTO `basedadosespaco`.`Galaxia` (`idGalaxia`, `NomeGalaxia`, `Ascencao`, `Declinacao`, `CoordSupergalat`, `Tipo`, `MagnitudeAzul`, `Tamanho`, `Vista`, `Distancia`, `MetodoDistancia`, `GruGalaxia_idGruGalaxia`) VALUES (46, 'NGC 1512      ', '04/03.9', '-43/21', '250.2/-44.4', 'SBa', 11.13    , 9, 'full', 30, 'P', 71);
INSERT INTO `basedadosespaco`.`Galaxia` (`idGalaxia`, `NomeGalaxia`, `Ascencao`, `Declinacao`, `CoordSupergalat`, `Tipo`, `MagnitudeAzul`, `Tamanho`, `Vista`, `Distancia`, `MetodoDistancia`, `GruGalaxia_idGruGalaxia`) VALUES (47, 'NGC 1532      ', '04/12.1', '-32/52', '263.9/-49.4', 'SBb', 10.65   , 13, 'edge ', 45, 'V', 39);
INSERT INTO `basedadosespaco`.`Galaxia` (`idGalaxia`, `NomeGalaxia`, `Ascencao`, `Declinacao`, `CoordSupergalat`, `Tipo`, `MagnitudeAzul`, `Tamanho`, `Vista`, `Distancia`, `MetodoDistancia`, `GruGalaxia_idGruGalaxia`) VALUES (48, 'NGC 1549      ', '04/15.8', '-55/36', '234.6/-39.9', 'E', 10.72    , 5, 'full ', 64, 'V', 128);
INSERT INTO `basedadosespaco`.`Galaxia` (`idGalaxia`, `NomeGalaxia`, `Ascencao`, `Declinacao`, `CoordSupergalat`, `Tipo`, `MagnitudeAzul`, `Tamanho`, `Vista`, `Distancia`, `MetodoDistancia`, `GruGalaxia_idGruGalaxia`) VALUES (49, 'NGC 1553      ', '04/16.2', '-55/47', '234.3/-39.8', 'S0', 10.28    , 4, '3/4   ', 61, 'S', 115);
INSERT INTO `basedadosespaco`.`Galaxia` (`idGalaxia`, `NomeGalaxia`, `Ascencao`, `Declinacao`, `CoordSupergalat`, `Tipo`, `MagnitudeAzul`, `Tamanho`, `Vista`, `Distancia`, `MetodoDistancia`, `GruGalaxia_idGruGalaxia`) VALUES (50, 'NGC 1559      ', '04/17.6', '-62/47', '227.3/-35.5', 'SBc', 11.00    , 3, '1/2   ', 45, ' S        ', 61);
INSERT INTO `basedadosespaco`.`Galaxia` (`idGalaxia`, `NomeGalaxia`, `Ascencao`, `Declinacao`, `CoordSupergalat`, `Tipo`, `MagnitudeAzul`, `Tamanho`, `Vista`, `Distancia`, `MetodoDistancia`, `GruGalaxia_idGruGalaxia`) VALUES (51, 'NGC 1566      ', '04/20.0', '-54/56', '234.8/-40.8', 'Sbc', 10.33    , 8, 'full', 45, ' V        ', 116);
INSERT INTO `basedadosespaco`.`Galaxia` (`idGalaxia`, `NomeGalaxia`, `Ascencao`, `Declinacao`, `CoordSupergalat`, `Tipo`, `MagnitudeAzul`, `Tamanho`, `Vista`, `Distancia`, `MetodoDistancia`, `GruGalaxia_idGruGalaxia`) VALUES (52, 'NGC 1672      ', '04/45.7', '-59/15', '227.5/-40.4', 'SBb', 10.28    , 7, 'full ', 45, 'V', 84);
INSERT INTO `basedadosespaco`.`Galaxia` (`idGalaxia`, `NomeGalaxia`, `Ascencao`, `Declinacao`, `CoordSupergalat`, `Tipo`, `MagnitudeAzul`, `Tamanho`, `Vista`, `Distancia`, `MetodoDistancia`, `GruGalaxia_idGruGalaxia`) VALUES (53, 'NGC 1792      ', '05/05.3', '-37/59', '248.5/-57.2', 'Sbc', 10.87    , 5, '1/2   ', 45, 'V', 20);
INSERT INTO `basedadosespaco`.`Galaxia` (`idGalaxia`, `NomeGalaxia`, `Ascencao`, `Declinacao`, `CoordSupergalat`, `Tipo`, `MagnitudeAzul`, `Tamanho`, `Vista`, `Distancia`, `MetodoDistancia`, `GruGalaxia_idGruGalaxia`) VALUES (54, 'NGC 1808      ', '05/07.7', '-37/31', '248.7/-57.8', 'Sa', 10.74    , 6, '1/2   ', 35, 'V', 136);
INSERT INTO `basedadosespaco`.`Galaxia` (`idGalaxia`, `NomeGalaxia`, `Ascencao`, `Declinacao`, `CoordSupergalat`, `Tipo`, `MagnitudeAzul`, `Tamanho`, `Vista`, `Distancia`, `MetodoDistancia`, `GruGalaxia_idGruGalaxia`) VALUES (55, 'LMC           05', '05/23.6', '-69/45', '215.8/-34.1', 'SBm', 0.91  , 645, 'full', 0.17   , 'V', 128);
INSERT INTO `basedadosespaco`.`Galaxia` (`idGalaxia`, `NomeGalaxia`, `Ascencao`, `Declinacao`, `CoordSupergalat`, `Tipo`, `MagnitudeAzul`, `Tamanho`, `Vista`, `Distancia`, `MetodoDistancia`, `GruGalaxia_idGruGalaxia`) VALUES (56, 'NGC 2280      ', '06/44.8', '-27/38', '217.2/-77.8', 'Sc', 10.90    , 6, '1/2  ', 75, 'CPN', 54);
INSERT INTO `basedadosespaco`.`Galaxia` (`idGalaxia`, `NomeGalaxia`, `Ascencao`, `Declinacao`, `CoordSupergalat`, `Tipo`, `MagnitudeAzul`, `Tamanho`, `Vista`, `Distancia`, `MetodoDistancia`, `GruGalaxia_idGruGalaxia`) VALUES (57, 'NGC 2336      ', '07/27.1', '+80/11', '27.8/+6.0', 'SBbc', 11.05    , 7, '1/2  ', 110, 'V', 11);
INSERT INTO `basedadosespaco`.`Galaxia` (`idGalaxia`, `NomeGalaxia`, `Ascencao`, `Declinacao`, `CoordSupergalat`, `Tipo`, `MagnitudeAzul`, `Tamanho`, `Vista`, `Distancia`, `MetodoDistancia`, `GruGalaxia_idGruGalaxia`) VALUES (58, 'NGC 2403      ', '07/36.9', '+65/36', '30.8/-8.3', 'Sc', 8.93   , 22, '3/4   ', 11, 'V', 82);
INSERT INTO `basedadosespaco`.`Galaxia` (`idGalaxia`, `NomeGalaxia`, `Ascencao`, `Declinacao`, `CoordSupergalat`, `Tipo`, `MagnitudeAzul`, `Tamanho`, `Vista`, `Distancia`, `MetodoDistancia`, `GruGalaxia_idGruGalaxia`) VALUES (59, 'UGC 4305      ', '08/19.1', '+70/43', '33.3/-2.4', ' Irr   ', 11.10    , 8, '3/4   ', 12, 'CN', 4);
INSERT INTO `basedadosespaco`.`Galaxia` (`idGalaxia`, `NomeGalaxia`, `Ascencao`, `Declinacao`, `CoordSupergalat`, `Tipo`, `MagnitudeAzul`, `Tamanho`, `Vista`, `Distancia`, `MetodoDistancia`, `GruGalaxia_idGruGalaxia`) VALUES (60, 'NGC 2613      ', '08/33.4', '-22/58', '137.7//-65.7', 'Sb', 11.16    , 7, '1/4  ', 70, 'P', 50);
INSERT INTO `basedadosespaco`.`Galaxia` (`idGalaxia`, `NomeGalaxia`, `Ascencao`, `Declinacao`, `CoordSupergalat`, `Tipo`, `MagnitudeAzul`, `Tamanho`, `Vista`, `Distancia`, `MetodoDistancia`, `GruGalaxia_idGruGalaxia`) VALUES (61, 'NGC 2683      ', '08/52.7', '+33/25', '55.9/-33.4', 'Sb', 10.64    , 9, '1/4   ', 30, ' V        ', 85);
INSERT INTO `basedadosespaco`.`Galaxia` (`idGalaxia`, `NomeGalaxia`, `Ascencao`, `Declinacao`, `CoordSupergalat`, `Tipo`, `MagnitudeAzul`, `Tamanho`, `Vista`, `Distancia`, `MetodoDistancia`, `GruGalaxia_idGruGalaxia`) VALUES (62, 'NGC 2681      ', '08/53.6', '+51/19', '45.4/-18.2', 'Sa', 11.09    , 4, 'full ', 56, 'P', 68);
INSERT INTO `basedadosespaco`.`Galaxia` (`idGalaxia`, `NomeGalaxia`, `Ascencao`, `Declinacao`, `CoordSupergalat`, `Tipo`, `MagnitudeAzul`, `Tamanho`, `Vista`, `Distancia`, `MetodoDistancia`, `GruGalaxia_idGruGalaxia`) VALUES (63, 'NGC 2655      ', '08/55.6', '+78/13', '32.4/+5.5', 'Sa', 10.96    , 5, ' full  ', 75, 'S', 41);
INSERT INTO `basedadosespaco`.`Galaxia` (`idGalaxia`, `NomeGalaxia`, `Ascencao`, `Declinacao`, `CoordSupergalat`, `Tipo`, `MagnitudeAzul`, `Tamanho`, `Vista`, `Distancia`, `MetodoDistancia`, `GruGalaxia_idGruGalaxia`) VALUES (64, 'NGC 2775      ', '09/10.3', '+07/02', '84.8/-49.5', ' Sab   ', 11.03    , 4, 'full', 55, 'V', 87);
INSERT INTO `basedadosespaco`.`Galaxia` (`idGalaxia`, `NomeGalaxia`, `Ascencao`, `Declinacao`, `CoordSupergalat`, `Tipo`, `MagnitudeAzul`, `Tamanho`, `Vista`, `Distancia`, `MetodoDistancia`, `GruGalaxia_idGruGalaxia`) VALUES (65, 'NGC 2768      ', '09/11.6', '+60/02', '43.0/-9.4', 'E  ', 10.84    , 8, '1/2  ', 73, ' V        ', 14);
INSERT INTO `basedadosespaco`.`Galaxia` (`idGalaxia`, `NomeGalaxia`, `Ascencao`, `Declinacao`, `CoordSupergalat`, `Tipo`, `MagnitudeAzul`, `Tamanho`, `Vista`, `Distancia`, `MetodoDistancia`, `GruGalaxia_idGruGalaxia`) VALUES (66, 'NGC 2835      ', '09/17.9', '-22/21', '133.2/-55.7', 'SBc', 11.01    , 7, 'full', 35, 'S', 96);
INSERT INTO `basedadosespaco`.`Galaxia` (`idGalaxia`, `NomeGalaxia`, `Ascencao`, `Declinacao`, `CoordSupergalat`, `Tipo`, `MagnitudeAzul`, `Tamanho`, `Vista`, `Distancia`, `MetodoDistancia`, `GruGalaxia_idGruGalaxia`) VALUES (67, 'NGC 2841      ', '09/22.0', '+50/59', '49.5/-16.0', 'Sb', 10.09    , 8, '1/2   ', 40, 'V', 101);
INSERT INTO `basedadosespaco`.`Galaxia` (`idGalaxia`, `NomeGalaxia`, `Ascencao`, `Declinacao`, `CoordSupergalat`, `Tipo`, `MagnitudeAzul`, `Tamanho`, `Vista`, `Distancia`, `MetodoDistancia`, `GruGalaxia_idGruGalaxia`) VALUES (68, 'NGC 2903      ', '09/32.2', '+21/30', '73.5/-36.4', 'Sbc  ', 9.68   , 13, '1/2  ', 30, ' C        ', 98);
INSERT INTO `basedadosespaco`.`Galaxia` (`idGalaxia`, `NomeGalaxia`, `Ascencao`, `Declinacao`, `CoordSupergalat`, `Tipo`, `MagnitudeAzul`, `Tamanho`, `Vista`, `Distancia`, `MetodoDistancia`, `GruGalaxia_idGruGalaxia`) VALUES (69, 'NGC 2997      ', '09/45.7', '-31/11', '146.0/-48.2', 'Sc  ', 10.06    , 9, ' full  ', 45, 'P', 147);
INSERT INTO `basedadosespaco`.`Galaxia` (`idGalaxia`, `NomeGalaxia`, `Ascencao`, `Declinacao`, `CoordSupergalat`, `Tipo`, `MagnitudeAzul`, `Tamanho`, `Vista`, `Distancia`, `MetodoDistancia`, `GruGalaxia_idGruGalaxia`) VALUES (70, 'NGC 2976      ', '09/47.3', '+67/55', '41.3/-0.8', 'Sc', 10.82    , 6, '1/2   ', 15, 'V', 25);
INSERT INTO `basedadosespaco`.`Galaxia` (`idGalaxia`, `NomeGalaxia`, `Ascencao`, `Declinacao`, `CoordSupergalat`, `Tipo`, `MagnitudeAzul`, `Tamanho`, `Vista`, `Distancia`, `MetodoDistancia`, `GruGalaxia_idGruGalaxia`) VALUES (71, 'NGC 2985      ', '09/50.3', '+72/17', '38.6/+2.7', 'Sab', 11.18    , 5, 'full', 75, ' P        ', 108);
INSERT INTO `basedadosespaco`.`Galaxia` (`idGalaxia`, `NomeGalaxia`, `Ascencao`, `Declinacao`, `CoordSupergalat`, `Tipo`, `MagnitudeAzul`, `Tamanho`, `Vista`, `Distancia`, `MetodoDistancia`, `GruGalaxia_idGruGalaxia`) VALUES (72, 'NGC 3031 M81', '09/55.6', '+69/04', '41.1/+0.6', 'Sab', 7.89   , 27, '3/4   ', 12, 'V', 53);
INSERT INTO `basedadosespaco`.`Galaxia` (`idGalaxia`, `NomeGalaxia`, `Ascencao`, `Declinacao`, `CoordSupergalat`, `Tipo`, `MagnitudeAzul`, `Tamanho`, `Vista`, `Distancia`, `MetodoDistancia`, `GruGalaxia_idGruGalaxia`) VALUES (73, 'NGC 3034 M82  ', '09/55.9', '+69/41', '40.7/+1.1', 'Irr', 9.30   , 11, '1/4   ', 12, 'CNS', 18);
INSERT INTO `basedadosespaco`.`Galaxia` (`idGalaxia`, `NomeGalaxia`, `Ascencao`, `Declinacao`, `CoordSupergalat`, `Tipo`, `MagnitudeAzul`, `Tamanho`, `Vista`, `Distancia`, `MetodoDistancia`, `GruGalaxia_idGruGalaxia`) VALUES (74, 'NGC 3109      ', '10/03.1', '-26/10', '137.9/-45.1', 'SBm', 10.39   , 19, '1/4   ', 4.1    , 'near M81', 136);
INSERT INTO `basedadosespaco`.`Galaxia` (`idGalaxia`, `NomeGalaxia`, `Ascencao`, `Declinacao`, `CoordSupergalat`, `Tipo`, `MagnitudeAzul`, `Tamanho`, `Vista`, `Distancia`, `MetodoDistancia`, `GruGalaxia_idGruGalaxia`) VALUES (75, 'NGC 3077      ', '10/03.4', '+68/44', '41.8/+0.8', 'Irr', 10.61    , 5, '3/4   ', 12, 'CP', 38);
INSERT INTO `basedadosespaco`.`Galaxia` (`idGalaxia`, `NomeGalaxia`, `Ascencao`, `Declinacao`, `CoordSupergalat`, `Tipo`, `MagnitudeAzul`, `Tamanho`, `Vista`, `Distancia`, `MetodoDistancia`, `GruGalaxia_idGruGalaxia`) VALUES (76, 'NGC 3115      ', '10/05.2', '-07/43', '112.4/-42.9', 'S0', 9.87    , 7, 'edge', 33, 'P', 94);
INSERT INTO `basedadosespaco`.`Galaxia` (`idGalaxia`, `NomeGalaxia`, `Ascencao`, `Declinacao`, `CoordSupergalat`, `Tipo`, `MagnitudeAzul`, `Tamanho`, `Vista`, `Distancia`, `MetodoDistancia`, `GruGalaxia_idGruGalaxia`) VALUES (77, 'NGC 3169      ', '10/08.5', '+12/18', '88.9/-34.6', 'Irr', 11.18   , 10, 'full ', 0.82   , 'PNG', 32);
INSERT INTO `basedadosespaco`.`Galaxia` (`idGalaxia`, `NomeGalaxia`, `Ascencao`, `Declinacao`, `CoordSupergalat`, `Tipo`, `MagnitudeAzul`, `Tamanho`, `Vista`, `Distancia`, `MetodoDistancia`, `GruGalaxia_idGruGalaxia`) VALUES (78, 'Leo I         10', '10/14.2', '+03/28', '99.5/-37.1', 'Sa', 11.08    , 4, '1/2   ', 65, 'V', 93);
INSERT INTO `basedadosespaco`.`Galaxia` (`idGalaxia`, `NomeGalaxia`, `Ascencao`, `Declinacao`, `CoordSupergalat`, `Tipo`, `MagnitudeAzul`, `Tamanho`, `Vista`, `Distancia`, `MetodoDistancia`, `GruGalaxia_idGruGalaxia`) VALUES (79, 'NGC 3184      ', '10/18.3', '+41/25', '63.7/-16.1', 'Sc', 10.36    , 7, 'full', 47, 'P', 111);
INSERT INTO `basedadosespaco`.`Galaxia` (`idGalaxia`, `NomeGalaxia`, `Ascencao`, `Declinacao`, `CoordSupergalat`, `Tipo`, `MagnitudeAzul`, `Tamanho`, `Vista`, `Distancia`, `MetodoDistancia`, `GruGalaxia_idGruGalaxia`) VALUES (80, 'NGC 3198      ', '10/19.9', '+45/33', '60.6/-13.2', 'SBc', 10.87    , 9, '1/2  ', 47, 'V', 133);
INSERT INTO `basedadosespaco`.`Galaxia` (`idGalaxia`, `NomeGalaxia`, `Ascencao`, `Declinacao`, `CoordSupergalat`, `Tipo`, `MagnitudeAzul`, `Tamanho`, `Vista`, `Distancia`, `MetodoDistancia`, `GruGalaxia_idGruGalaxia`) VALUES (81, 'NGC 3227      ', '10/23.5', '+19/52', '83.4/-27.6', 'Sa', 11.10    , 5, '3/4  ', 65, 'C', 100);
INSERT INTO `basedadosespaco`.`Galaxia` (`idGalaxia`, `NomeGalaxia`, `Ascencao`, `Declinacao`, `CoordSupergalat`, `Tipo`, `MagnitudeAzul`, `Tamanho`, `Vista`, `Distancia`, `MetodoDistancia`, `GruGalaxia_idGruGalaxia`) VALUES (82, 'IC  2574      ', '10/28.4', '+68/25', '43.6/+2.3', 'SBm', 10.80   , 13, '1/2   ', 12, 'C', 142);
INSERT INTO `basedadosespaco`.`Galaxia` (`idGalaxia`, `NomeGalaxia`, `Ascencao`, `Declinacao`, `CoordSupergalat`, `Tipo`, `MagnitudeAzul`, `Tamanho`, `Vista`, `Distancia`, `MetodoDistancia`, `GruGalaxia_idGruGalaxia`) VALUES (83, 'NGC 3310      ', '10/38.8', '+53/30', '56.1/-5.9', 'Sbc', 11.15    , 3, 'full ', 60, 'V', 76);
INSERT INTO `basedadosespaco`.`Galaxia` (`idGalaxia`, `NomeGalaxia`, `Ascencao`, `Declinacao`, `CoordSupergalat`, `Tipo`, `MagnitudeAzul`, `Tamanho`, `Vista`, `Distancia`, `MetodoDistancia`, `GruGalaxia_idGruGalaxia`) VALUES (84, 'NGC 3344      ', '10/43.5', '+24/55', '81.2/-21.1', 'Sbc', 10.45    , 7, 'full ', 20, 'P', 124);
INSERT INTO `basedadosespaco`.`Galaxia` (`idGalaxia`, `NomeGalaxia`, `Ascencao`, `Declinacao`, `CoordSupergalat`, `Tipo`, `MagnitudeAzul`, `Tamanho`, `Vista`, `Distancia`, `MetodoDistancia`, `GruGalaxia_idGruGalaxia`) VALUES (85, 'NGC 3351 M95  ', '10/44.0', '+11/42', '94.1/-27.1', 'SBb', 10.53    , 7, '3/4   ', 33, 'V  ', 24);
INSERT INTO `basedadosespaco`.`Galaxia` (`idGalaxia`, `NomeGalaxia`, `Ascencao`, `Declinacao`, `CoordSupergalat`, `Tipo`, `MagnitudeAzul`, `Tamanho`, `Vista`, `Distancia`, `MetodoDistancia`, `GruGalaxia_idGruGalaxia`) VALUES (86, 'NGC 3359      ', '10/46.6', '+63/13', '48.9/+0.6', 'SBc', 11.03    , 7, '3/4  ', 65, 'V', 132);
INSERT INTO `basedadosespaco`.`Galaxia` (`idGalaxia`, `NomeGalaxia`, `Ascencao`, `Declinacao`, `CoordSupergalat`, `Tipo`, `MagnitudeAzul`, `Tamanho`, `Vista`, `Distancia`, `MetodoDistancia`, `GruGalaxia_idGruGalaxia`) VALUES (87, 'NGC 3368 M96  ', '10/46.8', '+11/49', '94.3/-26.4', 'Sab', 10.11    , 8, '3/4   ', 34, 'C', 67);
INSERT INTO `basedadosespaco`.`Galaxia` (`idGalaxia`, `NomeGalaxia`, `Ascencao`, `Declinacao`, `CoordSupergalat`, `Tipo`, `MagnitudeAzul`, `Tamanho`, `Vista`, `Distancia`, `MetodoDistancia`, `GruGalaxia_idGruGalaxia`) VALUES (88, 'NGC 3379 M105', '10/47.8', '+12/35', '93.6/-25.9', 'E', 10.24    , 5, 'full', 6, 'V', 117);
INSERT INTO `basedadosespaco`.`Galaxia` (`idGalaxia`, `NomeGalaxia`, `Ascencao`, `Declinacao`, `CoordSupergalat`, `Tipo`, `MagnitudeAzul`, `Tamanho`, `Vista`, `Distancia`, `MetodoDistancia`, `GruGalaxia_idGruGalaxia`) VALUES (89, 'NGC 3384      ', '10/48.3', '+12/38', '93.6/-25.7', 'E', 10.85    , 5, '1/2   ', 3, 'CNS', 83);
INSERT INTO `basedadosespaco`.`Galaxia` (`idGalaxia`, `NomeGalaxia`, `Ascencao`, `Declinacao`, `CoordSupergalat`, `Tipo`, `MagnitudeAzul`, `Tamanho`, `Vista`, `Distancia`, `MetodoDistancia`, `GruGalaxia_idGruGalaxia`) VALUES (90, 'NGC 3489      ', '11/00.3', '+13/54', '93.7/-22.5', 'S0', 11.12    , 4, '1/2   ', 37, 'PNGS', 142);
INSERT INTO `basedadosespaco`.`Galaxia` (`idGalaxia`, `NomeGalaxia`, `Ascencao`, `Declinacao`, `CoordSupergalat`, `Tipo`, `MagnitudeAzul`, `Tamanho`, `Vista`, `Distancia`, `MetodoDistancia`, `GruGalaxia_idGruGalaxia`) VALUES (91, 'NGC 3486      ', '11/00.4', '+28/59', '79.4/-15.8', 'Sc  ', 11.05    , 7, 'full', 39, 'NS', 68);
INSERT INTO `basedadosespaco`.`Galaxia` (`idGalaxia`, `NomeGalaxia`, `Ascencao`, `Declinacao`, `CoordSupergalat`, `Tipo`, `MagnitudeAzul`, `Tamanho`, `Vista`, `Distancia`, `MetodoDistancia`, `GruGalaxia_idGruGalaxia`) VALUES (92, 'NGC 3521      ', '11/05.8', '-00/02', '108.5/-26.2', 'Sbc', 9.83   , 11, '1/2   ', 25, 'S', 24);
INSERT INTO `basedadosespaco`.`Galaxia` (`idGalaxia`, `NomeGalaxia`, `Ascencao`, `Declinacao`, `CoordSupergalat`, `Tipo`, `MagnitudeAzul`, `Tamanho`, `Vista`, `Distancia`, `MetodoDistancia`, `GruGalaxia_idGruGalaxia`) VALUES (93, 'NGC 3556 M108', '11/11.5', '+55/40', '57.0/-0.8', 'SBc', 10.69    , 9, '1/4  ', 25, 'V  ', 135);
INSERT INTO `basedadosespaco`.`Galaxia` (`idGalaxia`, `NomeGalaxia`, `Ascencao`, `Declinacao`, `CoordSupergalat`, `Tipo`, `MagnitudeAzul`, `Tamanho`, `Vista`, `Distancia`, `MetodoDistancia`, `GruGalaxia_idGruGalaxia`) VALUES (94, 'NGC 3585      ', '11/13.3', '-26/45', '138.7/-29.4', 'E', 10.88    , 5, '3/4   ', 45, 'V', 27);
INSERT INTO `basedadosespaco`.`Galaxia` (`idGalaxia`, `NomeGalaxia`, `Ascencao`, `Declinacao`, `CoordSupergalat`, `Tipo`, `MagnitudeAzul`, `Tamanho`, `Vista`, `Distancia`, `MetodoDistancia`, `GruGalaxia_idGruGalaxia`) VALUES (95, 'NGC 3607      ', '11/16.9', '+18/03', '91.3/-17.2', 'S0', 10.82    , 12, 'full', 65, 'V', 61);
INSERT INTO `basedadosespaco`.`Galaxia` (`idGalaxia`, `NomeGalaxia`, `Ascencao`, `Declinacao`, `CoordSupergalat`, `Tipo`, `MagnitudeAzul`, `Tamanho`, `Vista`, `Distancia`, `MetodoDistancia`, `GruGalaxia_idGruGalaxia`) VALUES (96, 'NGC 3621      ', '11/18.3', '-32/49', '145.6/-28.6', 'Scd', 10.28   , 10, '1/2   ', 65, 'S', 24);
INSERT INTO `basedadosespaco`.`Galaxia` (`idGalaxia`, `NomeGalaxia`, `Ascencao`, `Declinacao`, `CoordSupergalat`, `Tipo`, `MagnitudeAzul`, `Tamanho`, `Vista`, `Distancia`, `MetodoDistancia`, `GruGalaxia_idGruGalaxia`) VALUES (97, 'NGC 3623 M65  ', '11/18.9', '+13/06', '96.4/-18.7', 'Sa', 10.25   , 9, '1/4   ', 22, 'V', 55);
INSERT INTO `basedadosespaco`.`Galaxia` (`idGalaxia`, `NomeGalaxia`, `Ascencao`, `Declinacao`, `CoordSupergalat`, `Tipo`, `MagnitudeAzul`, `Tamanho`, `Vista`, `Distancia`, `MetodoDistancia`, `GruGalaxia_idGruGalaxia`) VALUES (98, 'NGC 3627 M66  ', '11/20.3', '+12/59', '96.6/-18.4', 'Sb', 9.65    , 15, '3/4   ', 25, 'C', 115);
INSERT INTO `basedadosespaco`.`Galaxia` (`idGalaxia`, `NomeGalaxia`, `Ascencao`, `Declinacao`, `CoordSupergalat`, `Tipo`, `MagnitudeAzul`, `Tamanho`, `Vista`, `Distancia`, `MetodoDistancia`, `GruGalaxia_idGruGalaxia`) VALUES (99, 'NGC 3628      ', '11/20.3', '+13/35', '96.0/-18.2', 'Sb', 10.28   , 5, 'edge', 34, 'V', 85);
INSERT INTO `basedadosespaco`.`Galaxia` (`idGalaxia`, `NomeGalaxia`, `Ascencao`, `Declinacao`, `CoordSupergalat`, `Tipo`, `MagnitudeAzul`, `Tamanho`, `Vista`, `Distancia`, `MetodoDistancia`, `GruGalaxia_idGruGalaxia`) VALUES (100, 'NGC 3631      ', '11/21.0', '+53/10', '59.8/-0.8', 'Sc', 11.01    , 6, 'full ', 25, 'C', 95);
INSERT INTO `basedadosespaco`.`Galaxia` (`idGalaxia`, `NomeGalaxia`, `Ascencao`, `Declinacao`, `CoordSupergalat`, `Tipo`, `MagnitudeAzul`, `Tamanho`, `Vista`, `Distancia`, `MetodoDistancia`, `GruGalaxia_idGruGalaxia`) VALUES (101, 'NGC 3675      ', '11/26.1', '+43/35', '66.2/-1.8', 'Sb', 11.00    , 6, '1/2   ', 70, 'V', 79);
INSERT INTO `basedadosespaco`.`Galaxia` (`idGalaxia`, `NomeGalaxia`, `Ascencao`, `Declinacao`, `CoordSupergalat`, `Tipo`, `MagnitudeAzul`, `Tamanho`, `Vista`, `Distancia`, `MetodoDistancia`, `GruGalaxia_idGruGalaxia`) VALUES (102, 'NGC 3726      ', '11/33.3', '+47/02', '68.7/-4.4', 'Sc', 10.91    , 4, '3/4  ', 40, 'V', 121);
INSERT INTO `basedadosespaco`.`Galaxia` (`idGalaxia`, `NomeGalaxia`, `Ascencao`, `Declinacao`, `CoordSupergalat`, `Tipo`, `MagnitudeAzul`, `Tamanho`, `Vista`, `Distancia`, `MetodoDistancia`, `GruGalaxia_idGruGalaxia`) VALUES (103, 'NGC 3893      ', '11/48.7', '+48/43', '65.7/+1.3', 'Sc', 11.16    , 6, 'full', 55, 'V', 138);
INSERT INTO `basedadosespaco`.`Galaxia` (`idGalaxia`, `NomeGalaxia`, `Ascencao`, `Declinacao`, `CoordSupergalat`, `Tipo`, `MagnitudeAzul`, `Tamanho`, `Vista`, `Distancia`, `MetodoDistancia`, `GruGalaxia_idGruGalaxia`) VALUES (104, 'NGC 3923      ', '11/51.0', '-28/48', '141.8/-21.3', 'E', 10.80    , 5, ' full  ', 55, 'V', 73);
INSERT INTO `basedadosespaco`.`Galaxia` (`idGalaxia`, `NomeGalaxia`, `Ascencao`, `Declinacao`, `CoordSupergalat`, `Tipo`, `MagnitudeAzul`, `Tamanho`, `Vista`, `Distancia`, `MetodoDistancia`, `GruGalaxia_idGruGalaxia`) VALUES (105, 'NGC 3938      ', '11/52.8', '+44/07', '70.2/+0.2', 'Sc', 10.90    , 7, 'full', 75, 'V', 42);
INSERT INTO `basedadosespaco`.`Galaxia` (`idGalaxia`, `NomeGalaxia`, `Ascencao`, `Declinacao`, `CoordSupergalat`, `Tipo`, `MagnitudeAzul`, `Tamanho`, `Vista`, `Distancia`, `MetodoDistancia`, `GruGalaxia_idGruGalaxia`) VALUES (106, 'NGC 3953      ', '11/53.8', '+52/20', '62.6/+3.4', 'SBbc', 10.84    , 8, '1/2  ', 55, 'S', 34);
INSERT INTO `basedadosespaco`.`Galaxia` (`idGalaxia`, `NomeGalaxia`, `Ascencao`, `Declinacao`, `CoordSupergalat`, `Tipo`, `MagnitudeAzul`, `Tamanho`, `Vista`, `Distancia`, `MetodoDistancia`, `GruGalaxia_idGruGalaxia`) VALUES (107, 'NGC 3992 M109', '11/57.6', '+53/23', '61.9/+4.3', 'SBbc', 10.60    , 5, '3/4  ', 55, 'V', 127);
INSERT INTO `basedadosespaco`.`Galaxia` (`idGalaxia`, `NomeGalaxia`, `Ascencao`, `Declinacao`, `CoordSupergalat`, `Tipo`, `MagnitudeAzul`, `Tamanho`, `Vista`, `Distancia`, `MetodoDistancia`, `GruGalaxia_idGruGalaxia`) VALUES (108, 'NGC 4051      ', '12/03.2', '+44/32', '70.5/+2.1', 'Sbc', 10.83    , 6, '3/4   ', 55, 'V', 40);
INSERT INTO `basedadosespaco`.`Galaxia` (`idGalaxia`, `NomeGalaxia`, `Ascencao`, `Declinacao`, `CoordSupergalat`, `Tipo`, `MagnitudeAzul`, `Tamanho`, `Vista`, `Distancia`, `MetodoDistancia`, `GruGalaxia_idGruGalaxia`) VALUES (109, 'NGC 4088      ', '12/05.6', '+50/33', '65.0/+4.5', 'Sbc', 11.15    , 6, '1/4   ', 55, 'V', 142);
INSERT INTO `basedadosespaco`.`Galaxia` (`idGalaxia`, `NomeGalaxia`, `Ascencao`, `Declinacao`, `CoordSupergalat`, `Tipo`, `MagnitudeAzul`, `Tamanho`, `Vista`, `Distancia`, `MetodoDistancia`, `GruGalaxia_idGruGalaxia`) VALUES (110, 'NGC 4125      ', '12/08.1', '+65/10', '51.1/+9.4', 'E', 10.65    , 10, '3/4', 55, 'V', 83);
INSERT INTO `basedadosespaco`.`Galaxia` (`idGalaxia`, `NomeGalaxia`, `Ascencao`, `Declinacao`, `CoordSupergalat`, `Tipo`, `MagnitudeAzul`, `Tamanho`, `Vista`, `Distancia`, `MetodoDistancia`, `GruGalaxia_idGruGalaxia`) VALUES (111, 'NGC 4192 M98  ', '12/13.8', '+14/54', '99.3/-5.6', 'Sab', 10.95   , 9, ' 1/4  ', 78, 'V', 20);
INSERT INTO `basedadosespaco`.`Galaxia` (`idGalaxia`, `NomeGalaxia`, `Ascencao`, `Declinacao`, `CoordSupergalat`, `Tipo`, `MagnitudeAzul`, `Tamanho`, `Vista`, `Distancia`, `MetodoDistancia`, `GruGalaxia_idGruGalaxia`) VALUES (112, 'NGC 4214      ', '12/15.7', '+36/20', '79.0/+1.6', 'Irr', 10.24    , 8, 'full ', 55, 'S', 7);
INSERT INTO `basedadosespaco`.`Galaxia` (`idGalaxia`, `NomeGalaxia`, `Ascencao`, `Declinacao`, `CoordSupergalat`, `Tipo`, `MagnitudeAzul`, `Tamanho`, `Vista`, `Distancia`, `MetodoDistancia`, `GruGalaxia_idGruGalaxia`) VALUES (113, 'NGC 4216      ', '12/15.9', '+13/09', '101.1/-5.6', ' Sb    ', 10.99    , 22, '1/4  ', 13, 'V', 91);
INSERT INTO `basedadosespaco`.`Galaxia` (`idGalaxia`, `NomeGalaxia`, `Ascencao`, `Declinacao`, `CoordSupergalat`, `Tipo`, `MagnitudeAzul`, `Tamanho`, `Vista`, `Distancia`, `MetodoDistancia`, `GruGalaxia_idGruGalaxia`) VALUES (114, 'NGC 4236      ', '12/16.7', '+69/28', '47.1/+1.4', 'SBd', 10.05   , 17, '1/2   ', 55, 'P', 70);
INSERT INTO `basedadosespaco`.`Galaxia` (`idGalaxia`, `NomeGalaxia`, `Ascencao`, `Declinacao`, `CoordSupergalat`, `Tipo`, `MagnitudeAzul`, `Tamanho`, `Vista`, `Distancia`, `MetodoDistancia`, `GruGalaxia_idGruGalaxia`) VALUES (115, 'NGC 4244      ', '12/17.5', '+37/48', '77.7/+2.4', 'Sc', 10.88   , 5, 'edge', 11, 'V', 40);
INSERT INTO `basedadosespaco`.`Galaxia` (`idGalaxia`, `NomeGalaxia`, `Ascencao`, `Declinacao`, `CoordSupergalat`, `Tipo`, `MagnitudeAzul`, `Tamanho`, `Vista`, `Distancia`, `MetodoDistancia`, `GruGalaxia_idGruGalaxia`) VALUES (116, 'NGC 4258 M106', '12/18.8', '+14/25', '100.1/-4.5', 'Sc', 10.44    , 19, 'full', 15, 'P', 113);
INSERT INTO `basedadosespaco`.`Galaxia` (`idGalaxia`, `NomeGalaxia`, `Ascencao`, `Declinacao`, `CoordSupergalat`, `Tipo`, `MagnitudeAzul`, `Tamanho`, `Vista`, `Distancia`, `MetodoDistancia`, `GruGalaxia_idGruGalaxia`) VALUES (117, 'NGC 4254 M99  ', '12/19.0', '+47/18', '68.7/+5.6', 'Sbc', 9.10   , 4, '1/2  ', 55, 'P', 68);
INSERT INTO `basedadosespaco`.`Galaxia` (`idGalaxia`, `NomeGalaxia`, `Ascencao`, `Declinacao`, `CoordSupergalat`, `Tipo`, `MagnitudeAzul`, `Tamanho`, `Vista`, `Distancia`, `MetodoDistancia`, `GruGalaxia_idGruGalaxia`) VALUES (118, 'NGC 4278      ', '12/20.1', '+29/17', '86.0/+0.3', 'E  ', 11.09    , 6, ' full   ', 24, ' V        ', 140);
INSERT INTO `basedadosespaco`.`Galaxia` (`idGalaxia`, `NomeGalaxia`, `Ascencao`, `Declinacao`, `CoordSupergalat`, `Tipo`, `MagnitudeAzul`, `Tamanho`, `Vista`, `Distancia`, `MetodoDistancia`, `GruGalaxia_idGruGalaxia`) VALUES (119, 'NGC 4303 M61  ', '12/21.9', '+04/28', '109.9/-6.7', 'SBbc', 10.18    , 7, 'full', 41, 'S', 61);
INSERT INTO `basedadosespaco`.`Galaxia` (`idGalaxia`, `NomeGalaxia`, `Ascencao`, `Declinacao`, `CoordSupergalat`, `Tipo`, `MagnitudeAzul`, `Tamanho`, `Vista`, `Distancia`, `MetodoDistancia`, `GruGalaxia_idGruGalaxia`) VALUES (120, 'NGC 4321 M100', '12/22.9', '+15/49', '99.0/-3.2', 'Sbc', 10.05    , 7, ' full  ', 50, 'NGS  ', 118);
INSERT INTO `basedadosespaco`.`Galaxia` (`idGalaxia`, `NomeGalaxia`, `Ascencao`, `Declinacao`, `CoordSupergalat`, `Tipo`, `MagnitudeAzul`, `Tamanho`, `Vista`, `Distancia`, `MetodoDistancia`, `GruGalaxia_idGruGalaxia`) VALUES (121, 'NGC 4365      ', '12/24.5', '+07/19', '107.3/-5.3', 'E  ', 10.52    , 6, 'full', 53, 'V', 119);
INSERT INTO `basedadosespaco`.`Galaxia` (`idGalaxia`, `NomeGalaxia`, `Ascencao`, `Declinacao`, `CoordSupergalat`, `Tipo`, `MagnitudeAzul`, `Tamanho`, `Vista`, `Distancia`, `MetodoDistancia`, `GruGalaxia_idGruGalaxia`) VALUES (122, 'NGC 4374 M84  ', '12/25.1', '+12/53', '102.0/-3.5', 'E', 10.09    , 7, 'full', 69, 'C', 147);
INSERT INTO `basedadosespaco`.`Galaxia` (`idGalaxia`, `NomeGalaxia`, `Ascencao`, `Declinacao`, `CoordSupergalat`, `Tipo`, `MagnitudeAzul`, `Tamanho`, `Vista`, `Distancia`, `MetodoDistancia`, `GruGalaxia_idGruGalaxia`) VALUES (123, 'NGC 4382 M85  ', '12/25.4', '+18/11', '96.9/-1.9', 'S0', 10.00    , 13, '3/4  ', 57, ' GS       ', 125);
INSERT INTO `basedadosespaco`.`Galaxia` (`idGalaxia`, `NomeGalaxia`, `Ascencao`, `Declinacao`, `CoordSupergalat`, `Tipo`, `MagnitudeAzul`, `Tamanho`, `Vista`, `Distancia`, `MetodoDistancia`, `GruGalaxia_idGruGalaxia`) VALUES (124, 'NGC 4395      ', '12/25.8', '+33/33', '82.3/+2.7', 'SBm', 10.64   , 9, ' full   ', 53, 'NS  ', 53);
INSERT INTO `basedadosespaco`.`Galaxia` (`idGalaxia`, `NomeGalaxia`, `Ascencao`, `Declinacao`, `CoordSupergalat`, `Tipo`, `MagnitudeAzul`, `Tamanho`, `Vista`, `Distancia`, `MetodoDistancia`, `GruGalaxia_idGruGalaxia`) VALUES (125, 'NGC 4406 M86  ', '12/26.2', '+12/57', '102.0/-3.3', 'E', 9.83    , 4, 'full ', 14, 'NS', 77);
INSERT INTO `basedadosespaco`.`Galaxia` (`idGalaxia`, `NomeGalaxia`, `Ascencao`, `Declinacao`, `CoordSupergalat`, `Tipo`, `MagnitudeAzul`, `Tamanho`, `Vista`, `Distancia`, `MetodoDistancia`, `GruGalaxia_idGruGalaxia`) VALUES (126, 'NGC 4414      ', '12/26.5', '+31/13', '84.6/+2.2', 'Sc  ', 10.96    , 6, '3/4   ', 57, 'P', 108);
INSERT INTO `basedadosespaco`.`Galaxia` (`idGalaxia`, `NomeGalaxia`, `Ascencao`, `Declinacao`, `CoordSupergalat`, `Tipo`, `MagnitudeAzul`, `Tamanho`, `Vista`, `Distancia`, `MetodoDistancia`, `GruGalaxia_idGruGalaxia`) VALUES (127, 'NGC 4429      ', '12/27.4', '+11/06', '103.9/-3.5', 'S0', 11.02    , 9, '1/2   ', 62, 'P', 37);
INSERT INTO `basedadosespaco`.`Galaxia` (`idGalaxia`, `NomeGalaxia`, `Ascencao`, `Declinacao`, `CoordSupergalat`, `Tipo`, `MagnitudeAzul`, `Tamanho`, `Vista`, `Distancia`, `MetodoDistancia`, `GruGalaxia_idGruGalaxia`) VALUES (128, 'NGC 4438      ', '12/27.8', '+13/01', '102.1/-2.9', 'Sa', 11.02    , 6, '1/4  ', 55, 'NS', 105);
INSERT INTO `basedadosespaco`.`Galaxia` (`idGalaxia`, `NomeGalaxia`, `Ascencao`, `Declinacao`, `CoordSupergalat`, `Tipo`, `MagnitudeAzul`, `Tamanho`, `Vista`, `Distancia`, `MetodoDistancia`, `GruGalaxia_idGruGalaxia`) VALUES (129, 'NGC 4449      ', '12/28.2', '+44/06', '72.3/+6.2', 'Irr', 9.99    , 5, '3/4   ', 55, 'C  ', 56);
INSERT INTO `basedadosespaco`.`Galaxia` (`idGalaxia`, `NomeGalaxia`, `Ascencao`, `Declinacao`, `CoordSupergalat`, `Tipo`, `MagnitudeAzul`, `Tamanho`, `Vista`, `Distancia`, `MetodoDistancia`, `GruGalaxia_idGruGalaxia`) VALUES (130, 'NGC 4450      ', '12/28.5', '+17/05', '98.2/-1.5', 'Sab', 10.90    , 10, '3/4   ', 12, 'V', 142);
INSERT INTO `basedadosespaco`.`Galaxia` (`idGalaxia`, `NomeGalaxia`, `Ascencao`, `Declinacao`, `CoordSupergalat`, `Tipo`, `MagnitudeAzul`, `Tamanho`, `Vista`, `Distancia`, `MetodoDistancia`, `GruGalaxia_idGruGalaxia`) VALUES (131, 'NGC 4472 M49  ', '12/29.8', '+07/60', '107.0/-3.8', ' E      ', 9.37   , 4, '1/2   ', 55, 'V  ', 138);
INSERT INTO `basedadosespaco`.`Galaxia` (`idGalaxia`, `NomeGalaxia`, `Ascencao`, `Declinacao`, `CoordSupergalat`, `Tipo`, `MagnitudeAzul`, `Tamanho`, `Vista`, `Distancia`, `MetodoDistancia`, `GruGalaxia_idGruGalaxia`) VALUES (132, 'NGC 4473      ', '12/29.8', '+13/26', '101.8/-2.3', 'E  ', 11.16    , 6, ' full  ', 53, 'P', 129);
INSERT INTO `basedadosespaco`.`Galaxia` (`idGalaxia`, `NomeGalaxia`, `Ascencao`, `Declinacao`, `CoordSupergalat`, `Tipo`, `MagnitudeAzul`, `Tamanho`, `Vista`, `Distancia`, `MetodoDistancia`, `GruGalaxia_idGruGalaxia`) VALUES (133, 'NGC 4490      ', '12/30.6', '+41/38', '74.8/+5.9', 'SBcd', 10.22    , 8, '3/4   ', 54, 'V', 41);
INSERT INTO `basedadosespaco`.`Galaxia` (`idGalaxia`, `NomeGalaxia`, `Ascencao`, `Declinacao`, `CoordSupergalat`, `Tipo`, `MagnitudeAzul`, `Tamanho`, `Vista`, `Distancia`, `MetodoDistancia`, `GruGalaxia_idGruGalaxia`) VALUES (134, 'NGC 4486 M87  ', '12/30.8', '+12/23', '102.9/-2.3', ' E      ', 9.59    , 5, 'full', 25, 'NGS', 43);
INSERT INTO `basedadosespaco`.`Galaxia` (`idGalaxia`, `NomeGalaxia`, `Ascencao`, `Declinacao`, `CoordSupergalat`, `Tipo`, `MagnitudeAzul`, `Tamanho`, `Vista`, `Distancia`, `MetodoDistancia`, `GruGalaxia_idGruGalaxia`) VALUES (135, 'NGC 4494      ', '12/31.4', '+25/46', '90.1/+1.6', 'E', 10.71    , 7, 'full', 51, 'S  ', 78);
INSERT INTO `basedadosespaco`.`Galaxia` (`idGalaxia`, `NomeGalaxia`, `Ascencao`, `Declinacao`, `CoordSupergalat`, `Tipo`, `MagnitudeAzul`, `Tamanho`, `Vista`, `Distancia`, `MetodoDistancia`, `GruGalaxia_idGruGalaxia`) VALUES (136, 'NGC 4501 M88  ', '12/32.0', '+14/25', '101.0/-1.5', 'Sb', 10.36    , 10, '1/2  ', 47, 'V', 4);
INSERT INTO `basedadosespaco`.`Galaxia` (`idGalaxia`, `NomeGalaxia`, `Ascencao`, `Declinacao`, `CoordSupergalat`, `Tipo`, `MagnitudeAzul`, `Tamanho`, `Vista`, `Distancia`, `MetodoDistancia`, `GruGalaxia_idGruGalaxia`) VALUES (137, 'NGC 4517      ', '12/32.8', '+00/07', '114.8/-5.3', 'Scd', 11.10   , 7, 'edge', 55, 'NGS', 65);
INSERT INTO `basedadosespaco`.`Galaxia` (`idGalaxia`, `NomeGalaxia`, `Ascencao`, `Declinacao`, `CoordSupergalat`, `Tipo`, `MagnitudeAzul`, `Tamanho`, `Vista`, `Distancia`, `MetodoDistancia`, `GruGalaxia_idGruGalaxia`) VALUES (138, 'NGC 4526      ', '12/34.0', '+07/42', '107.6/-2.9', 'S0  ', 10.66    , 7, '1/4  ', 30, 'NGS', 35);
INSERT INTO `basedadosespaco`.`Galaxia` (`idGalaxia`, `NomeGalaxia`, `Ascencao`, `Declinacao`, `CoordSupergalat`, `Tipo`, `MagnitudeAzul`, `Tamanho`, `Vista`, `Distancia`, `MetodoDistancia`, `GruGalaxia_idGruGalaxia`) VALUES (139, 'NGC 4535      ', '12/34.3', '+08/12', '107.2/-2.7', 'Sc', 10.59    , 8, '3/4  ', 55, ' V        ', 123);
INSERT INTO `basedadosespaco`.`Galaxia` (`idGalaxia`, `NomeGalaxia`, `Ascencao`, `Declinacao`, `CoordSupergalat`, `Tipo`, `MagnitudeAzul`, `Tamanho`, `Vista`, `Distancia`, `MetodoDistancia`, `GruGalaxia_idGruGalaxia`) VALUES (140, 'NGC 4536      ', '12/34.4', '+02/11', '112.9/-4.3', 'Sbc', 11.16    , 5, '1/2  ', 52, 'V', 112);
INSERT INTO `basedadosespaco`.`Galaxia` (`idGalaxia`, `NomeGalaxia`, `Ascencao`, `Declinacao`, `CoordSupergalat`, `Tipo`, `MagnitudeAzul`, `Tamanho`, `Vista`, `Distancia`, `MetodoDistancia`, `GruGalaxia_idGruGalaxia`) VALUES (141, 'NGC 4548 M91  ', '12/35.4', '+14/30', '101.2/-0.7', 'SBb', 10.96    , 5, 'full', 51, 'S', 45);
INSERT INTO `basedadosespaco`.`Galaxia` (`idGalaxia`, `NomeGalaxia`, `Ascencao`, `Declinacao`, `CoordSupergalat`, `Tipo`, `MagnitudeAzul`, `Tamanho`, `Vista`, `Distancia`, `MetodoDistancia`, `GruGalaxia_idGruGalaxia`) VALUES (142, 'NGC 4552 M89  ', '12/35.7', '+12/33', '103.1/-1.2', 'E', 10.73    , 11, 'full', 53, 'C', 106);
INSERT INTO `basedadosespaco`.`Galaxia` (`idGalaxia`, `NomeGalaxia`, `Ascencao`, `Declinacao`, `CoordSupergalat`, `Tipo`, `MagnitudeAzul`, `Tamanho`, `Vista`, `Distancia`, `MetodoDistancia`, `GruGalaxia_idGruGalaxia`) VALUES (143, 'NGC 4559      ', '12/36.0', '+27/58', '88.3/+3.2', 'Sc', 10.46   , 16, '1/2   ', 52, 'C', 36);
INSERT INTO `basedadosespaco`.`Galaxia` (`idGalaxia`, `NomeGalaxia`, `Ascencao`, `Declinacao`, `CoordSupergalat`, `Tipo`, `MagnitudeAzul`, `Tamanho`, `Vista`, `Distancia`, `MetodoDistancia`, `GruGalaxia_idGruGalaxia`) VALUES (144, 'NGC 4565      ', '12/36.3', '+25/59', '90.2/+2.8', 'Sb', 10.42   , 10, 'edge', 30, ' CS       ', 82);
INSERT INTO `basedadosespaco`.`Galaxia` (`idGalaxia`, `NomeGalaxia`, `Ascencao`, `Declinacao`, `CoordSupergalat`, `Tipo`, `MagnitudeAzul`, `Tamanho`, `Vista`, `Distancia`, `MetodoDistancia`, `GruGalaxia_idGruGalaxia`) VALUES (145, 'NGC 4569 M90  ', '12/36.8', '+13/10', '102.6/-0.7', 'Sab', 10.26   , 6, '1/2  ', 44, ' S        ', 2);
INSERT INTO `basedadosespaco`.`Galaxia` (`idGalaxia`, `NomeGalaxia`, `Ascencao`, `Declinacao`, `CoordSupergalat`, `Tipo`, `MagnitudeAzul`, `Tamanho`, `Vista`, `Distancia`, `MetodoDistancia`, `GruGalaxia_idGruGalaxia`) VALUES (146, 'NGC 4579 M58  ', '12/37.7', '+11/49', '103.9/-0.9', 'Sb', 10.48    , 9, '3/4   ', 55, 'V  ', 23);
INSERT INTO `basedadosespaco`.`Galaxia` (`idGalaxia`, `NomeGalaxia`, `Ascencao`, `Declinacao`, `CoordSupergalat`, `Tipo`, `MagnitudeAzul`, `Tamanho`, `Vista`, `Distancia`, `MetodoDistancia`, `GruGalaxia_idGruGalaxia`) VALUES (147, 'NGC 4594 M104', '12/40.0', '-11/37', '126.7/-6.7', 'Sa', 8.98    , 6, 'edge', 30, 'NGS', 89);
INSERT INTO `basedadosespaco`.`Galaxia` (`idGalaxia`, `NomeGalaxia`, `Ascencao`, `Declinacao`, `CoordSupergalat`, `Tipo`, `MagnitudeAzul`, `Tamanho`, `Vista`, `Distancia`, `MetodoDistancia`, `GruGalaxia_idGruGalaxia`) VALUES (148, 'NGC 4605      ', '12/40.0', '+61/37', '55.5/+12.0', 'SBc', 10.89    , 4, '1/4   ', 17, 'V', 84);
INSERT INTO `basedadosespaco`.`Galaxia` (`idGalaxia`, `NomeGalaxia`, `Ascencao`, `Declinacao`, `CoordSupergalat`, `Tipo`, `MagnitudeAzul`, `Tamanho`, `Vista`, `Distancia`, `MetodoDistancia`, `GruGalaxia_idGruGalaxia`) VALUES (149, 'NGC 4618      ', '12/41.6', '+41/09', '75.8/+7.8', 'SBd', 11.22    , 5, '3/4   ', 25, 'V', 36);
INSERT INTO `basedadosespaco`.`Galaxia` (`idGalaxia`, `NomeGalaxia`, `Ascencao`, `Declinacao`, `CoordSupergalat`, `Tipo`, `MagnitudeAzul`, `Tamanho`, `Vista`, `Distancia`, `MetodoDistancia`, `GruGalaxia_idGruGalaxia`) VALUES (150, 'NGC 4621 M59  ', '12/42.0', '+11/39', '104.4/+0.1', 'E', 10.57    , 15, '3/4   ', 52, 'NS', 52);
INSERT INTO `basedadosespaco`.`Galaxia` (`idGalaxia`, `NomeGalaxia`, `Ascencao`, `Declinacao`, `CoordSupergalat`, `Tipo`, `MagnitudeAzul`, `Tamanho`, `Vista`, `Distancia`, `MetodoDistancia`, `GruGalaxia_idGruGalaxia`) VALUES (151, 'NGC 4631      ', '12/42.1', '+32/32', '84.2/+5.7', 'SBcd', 9.75   , 6, 'edge  ', 25, 'P', 126);
INSERT INTO `basedadosespaco`.`Galaxia` (`idGalaxia`, `NomeGalaxia`, `Ascencao`, `Declinacao`, `CoordSupergalat`, `Tipo`, `MagnitudeAzul`, `Tamanho`, `Vista`, `Distancia`, `MetodoDistancia`, `GruGalaxia_idGruGalaxia`) VALUES (152, 'NGC 4636      ', '12/42.8', '+02/41', '113.0/-2.2', 'E', 10.43    , 7, 'full ', 49, 'V', 142);
INSERT INTO `basedadosespaco`.`Galaxia` (`idGalaxia`, `NomeGalaxia`, `Ascencao`, `Declinacao`, `CoordSupergalat`, `Tipo`, `MagnitudeAzul`, `Tamanho`, `Vista`, `Distancia`, `MetodoDistancia`, `GruGalaxia_idGruGalaxia`) VALUES (153, 'NGC 4649 M60  ', '12/43.7', '+11/33', '104.6/+0.4', 'E', 9.81    , 5, 'full', 54, 'S', 9);
INSERT INTO `basedadosespaco`.`Galaxia` (`idGalaxia`, `NomeGalaxia`, `Ascencao`, `Declinacao`, `CoordSupergalat`, `Tipo`, `MagnitudeAzul`, `Tamanho`, `Vista`, `Distancia`, `MetodoDistancia`, `GruGalaxia_idGruGalaxia`) VALUES (154, 'NGC 4654      ', '12/43.9', '+13/08', '103.1/+0.9', 'Sc', 11.10    , 15, '3/4   ', 55, 'V', 109);
INSERT INTO `basedadosespaco`.`Galaxia` (`idGalaxia`, `NomeGalaxia`, `Ascencao`, `Declinacao`, `CoordSupergalat`, `Tipo`, `MagnitudeAzul`, `Tamanho`, `Vista`, `Distancia`, `MetodoDistancia`, `GruGalaxia_idGruGalaxia`) VALUES (155, 'NGC 4656      ', '12/44.0', '+32/10', '84.7/+6.0', 'SBm', 10.96   , 4, 'edge', 25, 'S', 8);
INSERT INTO `basedadosespaco`.`Galaxia` (`idGalaxia`, `NomeGalaxia`, `Ascencao`, `Declinacao`, `CoordSupergalat`, `Tipo`, `MagnitudeAzul`, `Tamanho`, `Vista`, `Distancia`, `MetodoDistancia`, `GruGalaxia_idGruGalaxia`) VALUES (156, 'NGC 4665      ', '12/45.1', '+03/03', '112.8/-1.5', 'SBa', 10.50    , 7, 'full ', 60, 'NGS  ', 129);
INSERT INTO `basedadosespaco`.`Galaxia` (`idGalaxia`, `NomeGalaxia`, `Ascencao`, `Declinacao`, `CoordSupergalat`, `Tipo`, `MagnitudeAzul`, `Tamanho`, `Vista`, `Distancia`, `MetodoDistancia`, `GruGalaxia_idGruGalaxia`) VALUES (157, 'NGC 4697      ', '12/48.6', '-05/48', '121.6/-3.1', 'E', 10.14    , 4, '3/4   ', 38, 'V', 29);
INSERT INTO `basedadosespaco`.`Galaxia` (`idGalaxia`, `NomeGalaxia`, `Ascencao`, `Declinacao`, `CoordSupergalat`, `Tipo`, `MagnitudeAzul`, `Tamanho`, `Vista`, `Distancia`, `MetodoDistancia`, `GruGalaxia_idGruGalaxia`) VALUES (158, 'NGC 4699      ', '12/49.0', '-08/40', '124.4/-3.8', 'Sb', 10.41    , 11, '3/4   ', 85, 'V', 34);
INSERT INTO `basedadosespaco`.`Galaxia` (`idGalaxia`, `NomeGalaxia`, `Ascencao`, `Declinacao`, `CoordSupergalat`, `Tipo`, `MagnitudeAzul`, `Tamanho`, `Vista`, `Distancia`, `MetodoDistancia`, `GruGalaxia_idGruGalaxia`) VALUES (159, 'NGC 4725      ', '12/50.4', '+25/30', '91.5/+5.7', 'SBab', 10.11   , 11, '3/4  ', 42, ' V        ', 69);
INSERT INTO `basedadosespaco`.`Galaxia` (`idGalaxia`, `NomeGalaxia`, `Ascencao`, `Declinacao`, `CoordSupergalat`, `Tipo`, `MagnitudeAzul`, `Tamanho`, `Vista`, `Distancia`, `MetodoDistancia`, `GruGalaxia_idGruGalaxia`) VALUES (160, 'NGC 4736 M94  ', '12/50.9', '+41/07', '76.2/+9.5', 'Sab', 8.99   , 6, 'full', 17, 'S', 24);
INSERT INTO `basedadosespaco`.`Galaxia` (`idGalaxia`, `NomeGalaxia`, `Ascencao`, `Declinacao`, `CoordSupergalat`, `Tipo`, `MagnitudeAzul`, `Tamanho`, `Vista`, `Distancia`, `MetodoDistancia`, `GruGalaxia_idGruGalaxia`) VALUES (161, 'NGC 4753      ', '12/52.4', '-01/12', '117.4/-1.0', 'Irr', 10.85    , 9, '3/4  ', 77, 'V', 125);
INSERT INTO `basedadosespaco`.`Galaxia` (`idGalaxia`, `NomeGalaxia`, `Ascencao`, `Declinacao`, `CoordSupergalat`, `Tipo`, `MagnitudeAzul`, `Tamanho`, `Vista`, `Distancia`, `MetodoDistancia`, `GruGalaxia_idGruGalaxia`) VALUES (162, 'NGC 4762      ', '12/52.9', '+11/14', '105.5/+2.5', 'S0', 11.12    , 10, 'edge', 55, 'CS', 137);
INSERT INTO `basedadosespaco`.`Galaxia` (`idGalaxia`, `NomeGalaxia`, `Ascencao`, `Declinacao`, `CoordSupergalat`, `Tipo`, `MagnitudeAzul`, `Tamanho`, `Vista`, `Distancia`, `MetodoDistancia`, `GruGalaxia_idGruGalaxia`) VALUES (163, 'NGC 4826 M64  ', '12/56.7', '+21/41', '95.6/+6.1', 'Sab', 9.36   , 20, '3/4   ', 24, 'S', 4);
INSERT INTO `basedadosespaco`.`Galaxia` (`idGalaxia`, `NomeGalaxia`, `Ascencao`, `Declinacao`, `CoordSupergalat`, `Tipo`, `MagnitudeAzul`, `Tamanho`, `Vista`, `Distancia`, `MetodoDistancia`, `GruGalaxia_idGruGalaxia`) VALUES (164, 'NGC 4945      ', '13/05.4', '-49/28', '165.2/-10.2', 'SBc', 9.30   , 6, '1/4  ', 15, ' S        ', 106);
INSERT INTO `basedadosespaco`.`Galaxia` (`idGalaxia`, `NomeGalaxia`, `Ascencao`, `Declinacao`, `CoordSupergalat`, `Tipo`, `MagnitudeAzul`, `Tamanho`, `Vista`, `Distancia`, `MetodoDistancia`, `GruGalaxia_idGruGalaxia`) VALUES (165, 'NGC 4976      ', '13/08.6', '-49/30', '165.3/-9.7', 'E', 11.04    , 6, '3/4  ', 60, 'V', 103);
INSERT INTO `basedadosespaco`.`Galaxia` (`idGalaxia`, `NomeGalaxia`, `Ascencao`, `Declinacao`, `CoordSupergalat`, `Tipo`, `MagnitudeAzul`, `Tamanho`, `Vista`, `Distancia`, `MetodoDistancia`, `GruGalaxia_idGruGalaxia`) VALUES (166, 'NGC 5005      ', '13/10.9', '+37/03', '81.1/+12.5', 'Sbc', 10.61    , 11, '1/2  ', 70, 'S', 63);
INSERT INTO `basedadosespaco`.`Galaxia` (`idGalaxia`, `NomeGalaxia`, `Ascencao`, `Declinacao`, `CoordSupergalat`, `Tipo`, `MagnitudeAzul`, `Tamanho`, `Vista`, `Distancia`, `MetodoDistancia`, `GruGalaxia_idGruGalaxia`) VALUES (167, 'NGC 5033      ', '13/13.5', '+36/36', '81.6/+12.9', 'Sc', 10.75   , 13, '1/2  ', 60, 'V', 6);
INSERT INTO `basedadosespaco`.`Galaxia` (`idGalaxia`, `NomeGalaxia`, `Ascencao`, `Declinacao`, `CoordSupergalat`, `Tipo`, `MagnitudeAzul`, `Tamanho`, `Vista`, `Distancia`, `MetodoDistancia`, `GruGalaxia_idGruGalaxia`) VALUES (168, 'NGC 5055 M63  ', '13/15.8', '+42/02', '76.2/+14.3', 'Sbc', 9.31   , 7, '3/4   ', 25, ' V        ', 36);
INSERT INTO `basedadosespaco`.`Galaxia` (`idGalaxia`, `NomeGalaxia`, `Ascencao`, `Declinacao`, `CoordSupergalat`, `Tipo`, `MagnitudeAzul`, `Tamanho`, `Vista`, `Distancia`, `MetodoDistancia`, `GruGalaxia_idGruGalaxia`) VALUES (169, 'NGC 5068      ', '13/18.9', '-21/02', '138.3/-0.2', 'SBc', 10.70    , 9, 'full   ', 20, 'V', 148);
INSERT INTO `basedadosespaco`.`Galaxia` (`idGalaxia`, `NomeGalaxia`, `Ascencao`, `Declinacao`, `CoordSupergalat`, `Tipo`, `MagnitudeAzul`, `Tamanho`, `Vista`, `Distancia`, `MetodoDistancia`, `GruGalaxia_idGruGalaxia`) VALUES (170, 'NGC 5102      ', '13/22.0', '-36/38', '153.4/-4.1', 'S0', 10.35    , 26, '1/2   ', 12, 'V', 1);
INSERT INTO `basedadosespaco`.`Galaxia` (`idGalaxia`, `NomeGalaxia`, `Ascencao`, `Declinacao`, `CoordSupergalat`, `Tipo`, `MagnitudeAzul`, `Tamanho`, `Vista`, `Distancia`, `MetodoDistancia`, `GruGalaxia_idGruGalaxia`) VALUES (171, 'NGC 5128      ', '13/25.5', '-43/01', '159.8/-5.3', 'S0', 7.84   , 1, 'edge', 12, 'V', 6);
INSERT INTO `basedadosespaco`.`Galaxia` (`idGalaxia`, `NomeGalaxia`, `Ascencao`, `Declinacao`, `CoordSupergalat`, `Tipo`, `MagnitudeAzul`, `Tamanho`, `Vista`, `Distancia`, `MetodoDistancia`, `GruGalaxia_idGruGalaxia`) VALUES (172, 'NGC 5194 M51  ', '13/29.9', '+47/12', '71.2/+17.3', ' Sbc    ', 8.96   , 1, 'full', 26, 'V   ', 109);
INSERT INTO `basedadosespaco`.`Galaxia` (`idGalaxia`, `NomeGalaxia`, `Ascencao`, `Declinacao`, `CoordSupergalat`, `Tipo`, `MagnitudeAzul`, `Tamanho`, `Vista`, `Distancia`, `MetodoDistancia`, `GruGalaxia_idGruGalaxia`) VALUES (173, 'NGC 5195      ', '13/30.0', '+47/16', '71.1/+17.4', 'Irr  ', 10.45    , 6, ' full   ', 26, 'NS', 66);
INSERT INTO `basedadosespaco`.`Galaxia` (`idGalaxia`, `NomeGalaxia`, `Ascencao`, `Declinacao`, `CoordSupergalat`, `Tipo`, `MagnitudeAzul`, `Tamanho`, `Vista`, `Distancia`, `MetodoDistancia`, `GruGalaxia_idGruGalaxia`) VALUES (174, 'NGC 5236 M83  ', '13/37.0', '-29/52', '147.9+1.0', 'Sc', 8.20   , 13, ' full   ', 15, ' PNS      ', 114);
INSERT INTO `basedadosespaco`.`Galaxia` (`idGalaxia`, `NomeGalaxia`, `Ascencao`, `Declinacao`, `CoordSupergalat`, `Tipo`, `MagnitudeAzul`, `Tamanho`, `Vista`, `Distancia`, `MetodoDistancia`, `GruGalaxia_idGruGalaxia`) VALUES (175, 'NGC 5248      ', '13/37.5', '+08/53', '110.6/+12.6', 'Sbc', 10.97    , 6, '3/4  ', 75, 'NS', 109);
INSERT INTO `basedadosespaco`.`Galaxia` (`idGalaxia`, `NomeGalaxia`, `Ascencao`, `Declinacao`, `CoordSupergalat`, `Tipo`, `MagnitudeAzul`, `Tamanho`, `Vista`, `Distancia`, `MetodoDistancia`, `GruGalaxia_idGruGalaxia`) VALUES (176, 'NGC 5247      ', '13/38.1', '-17/53', '136.6/+5.1', 'Sbc', 10.50    , 6, 'full', 70, 'near M51', 99);
INSERT INTO `basedadosespaco`.`Galaxia` (`idGalaxia`, `NomeGalaxia`, `Ascencao`, `Declinacao`, `CoordSupergalat`, `Tipo`, `MagnitudeAzul`, `Tamanho`, `Vista`, `Distancia`, `MetodoDistancia`, `GruGalaxia_idGruGalaxia`) VALUES (177, 'NGC 5253      ', '13/39.9', '-31/39', '149.8/+1.0', ' Irr   ', 10.87    , 5, '1/2   ', 12, 'CP', 73);
INSERT INTO `basedadosespaco`.`Galaxia` (`idGalaxia`, `NomeGalaxia`, `Ascencao`, `Declinacao`, `CoordSupergalat`, `Tipo`, `MagnitudeAzul`, `Tamanho`, `Vista`, `Distancia`, `MetodoDistancia`, `GruGalaxia_idGruGalaxia`) VALUES (178, 'NGC 5363      ', '13/49.3', '+60/11', '57.5/+20.3', 'E  ', 11.14    , 6, '3/4  ', 102, ' V        ', 146);
INSERT INTO `basedadosespaco`.`Galaxia` (`idGalaxia`, `NomeGalaxia`, `Ascencao`, `Declinacao`, `CoordSupergalat`, `Tipo`, `MagnitudeAzul`, `Tamanho`, `Vista`, `Distancia`, `MetodoDistancia`, `GruGalaxia_idGruGalaxia`) VALUES (179, 'NGC 5322      ', '13/56.1', '+05/15', '115.4/+16.1', ' Irr   ', 11.05    , 4, '3/4  ', 85, 'V', 73);
INSERT INTO `basedadosespaco`.`Galaxia` (`idGalaxia`, `NomeGalaxia`, `Ascencao`, `Declinacao`, `CoordSupergalat`, `Tipo`, `MagnitudeAzul`, `Tamanho`, `Vista`, `Distancia`, `MetodoDistancia`, `GruGalaxia_idGruGalaxia`) VALUES (180, 'NGC 5364      ', '13/56.2', '+05/01', '115.7/+16.1', ' Sbc   ', 11.17    , 7, '3/4  ', 85, 'CN', 117);
INSERT INTO `basedadosespaco`.`Galaxia` (`idGalaxia`, `NomeGalaxia`, `Ascencao`, `Declinacao`, `CoordSupergalat`, `Tipo`, `MagnitudeAzul`, `Tamanho`, `Vista`, `Distancia`, `MetodoDistancia`, `GruGalaxia_idGruGalaxia`) VALUES (181, 'NGC 5457 M101', '14/03.2', '+54/21', '63.6/+22.6', 'Sc', 8.31   , 29, 'full', 24, ' S        ', 134);
INSERT INTO `basedadosespaco`.`Galaxia` (`idGalaxia`, `NomeGalaxia`, `Ascencao`, `Declinacao`, `CoordSupergalat`, `Tipo`, `MagnitudeAzul`, `Tamanho`, `Vista`, `Distancia`, `MetodoDistancia`, `GruGalaxia_idGruGalaxia`) VALUES (182, 'NGC 5585      ', '14/19.8', '+56/44', '60.7/+24.7', 'Scd', 11.20    , 6, '3/4   ', 28, 'V', 113);
INSERT INTO `basedadosespaco`.`Galaxia` (`idGalaxia`, `NomeGalaxia`, `Ascencao`, `Declinacao`, `CoordSupergalat`, `Tipo`, `MagnitudeAzul`, `Tamanho`, `Vista`, `Distancia`, `MetodoDistancia`, `GruGalaxia_idGruGalaxia`) VALUES (183, 'NGC 5643      ', '14/32.7', '-44/10', '165.4+5.6', 'Sc', 10.74    , 5, 'full', 55, 'V', 77);
INSERT INTO `basedadosespaco`.`Galaxia` (`idGalaxia`, `NomeGalaxia`, `Ascencao`, `Declinacao`, `CoordSupergalat`, `Tipo`, `MagnitudeAzul`, `Tamanho`, `Vista`, `Distancia`, `MetodoDistancia`, `GruGalaxia_idGruGalaxia`) VALUES (184, 'NGC 5846      ', '15/06.5', '+01/36', '124.6/+32.0', 'E', 11.05    , 4, 'full', 84, 'CN', 1);
INSERT INTO `basedadosespaco`.`Galaxia` (`idGalaxia`, `NomeGalaxia`, `Ascencao`, `Declinacao`, `CoordSupergalat`, `Tipo`, `MagnitudeAzul`, `Tamanho`, `Vista`, `Distancia`, `MetodoDistancia`, `GruGalaxia_idGruGalaxia`) VALUES (185, 'NGC 5866      ', '15/06.5', '+55/46', '60.0/+31.2', 'S0', 10.74    , 5, 'edge', 50, 'P', 123);
INSERT INTO `basedadosespaco`.`Galaxia` (`idGalaxia`, `NomeGalaxia`, `Ascencao`, `Declinacao`, `CoordSupergalat`, `Tipo`, `MagnitudeAzul`, `Tamanho`, `Vista`, `Distancia`, `MetodoDistancia`, `GruGalaxia_idGruGalaxia`) VALUES (186, 'NGC 5907      ', '15/15.9', '+56/20', '58.8/+32.2', 'Sc', 11.12   , 13, 'edge', 50, 'V', 52);
INSERT INTO `basedadosespaco`.`Galaxia` (`idGalaxia`, `NomeGalaxia`, `Ascencao`, `Declinacao`, `CoordSupergalat`, `Tipo`, `MagnitudeAzul`, `Tamanho`, `Vista`, `Distancia`, `MetodoDistancia`, `GruGalaxia_idGruGalaxia`) VALUES (187, 'NGC 6221      ', '16/52.8', '-59/13', '191.1/+11.1', 'SBc', 10.66    , 4, '3/4   ', 45, 'GS', 9);
INSERT INTO `basedadosespaco`.`Galaxia` (`idGalaxia`, `NomeGalaxia`, `Ascencao`, `Declinacao`, `CoordSupergalat`, `Tipo`, `MagnitudeAzul`, `Tamanho`, `Vista`, `Distancia`, `MetodoDistancia`, `GruGalaxia_idGruGalaxia`) VALUES (188, 'NGC 6300      ', '17/17.0', '-62/49', '195.4+9.2', 'SBb  ', 10.98    , 4, '3/4   ', 65, 'S', 19);
INSERT INTO `basedadosespaco`.`Galaxia` (`idGalaxia`, `NomeGalaxia`, `Ascencao`, `Declinacao`, `CoordSupergalat`, `Tipo`, `MagnitudeAzul`, `Tamanho`, `Vista`, `Distancia`, `MetodoDistancia`, `GruGalaxia_idGruGalaxia`) VALUES (189, 'NGC 6384      ', '17/32.4', '+07/04', '137.3/+68.0', 'SBbc', 11.14    , 6, '3/4  ', 85, 'V', 78);
INSERT INTO `basedadosespaco`.`Galaxia` (`idGalaxia`, `NomeGalaxia`, `Ascencao`, `Declinacao`, `CoordSupergalat`, `Tipo`, `MagnitudeAzul`, `Tamanho`, `Vista`, `Distancia`, `MetodoDistancia`, `GruGalaxia_idGruGalaxia`) VALUES (190, 'NGC 6503      ', '17/49.5', '+70/09', '33.1/+34.6', 'Sc  ', 10.91    , 7, '1/4   ', 17, 'V', 108);
INSERT INTO `basedadosespaco`.`Galaxia` (`idGalaxia`, `NomeGalaxia`, `Ascencao`, `Declinacao`, `CoordSupergalat`, `Tipo`, `MagnitudeAzul`, `Tamanho`, `Vista`, `Distancia`, `MetodoDistancia`, `GruGalaxia_idGruGalaxia`) VALUES (191, 'NGC 6744      ', '19/09.8', '-63/51', '208.1/+10.4', 'SBbc', 9.14   , 20, '3/4  ', 35, 'V', 14);
INSERT INTO `basedadosespaco`.`Galaxia` (`idGalaxia`, `NomeGalaxia`, `Ascencao`, `Declinacao`, `CoordSupergalat`, `Tipo`, `MagnitudeAzul`, `Tamanho`, `Vista`, `Distancia`, `MetodoDistancia`, `GruGalaxia_idGruGalaxia`) VALUES (192, 'NGC 6822      ', '19/45.0', '-14/48', '229.1/+57.1', 'Irr', 9.31   , 15, '3/4    ', 1.6    , 'V', 91);
INSERT INTO `basedadosespaco`.`Galaxia` (`idGalaxia`, `NomeGalaxia`, `Ascencao`, `Declinacao`, `CoordSupergalat`, `Tipo`, `MagnitudeAzul`, `Tamanho`, `Vista`, `Distancia`, `MetodoDistancia`, `GruGalaxia_idGruGalaxia`) VALUES (193, 'NGC 6946      ', '20/34.9', '+60/09', '10.0/+42.0', 'Sc', 9.61   , 11, 'full', 20, 'P', 75);
INSERT INTO `basedadosespaco`.`Galaxia` (`idGalaxia`, `NomeGalaxia`, `Ascencao`, `Declinacao`, `CoordSupergalat`, `Tipo`, `MagnitudeAzul`, `Tamanho`, `Vista`, `Distancia`, `MetodoDistancia`, `GruGalaxia_idGruGalaxia`) VALUES (194, 'IC  5052      ', '20/52.1', '-69/12', '216.5/+2.6', 'SBcd', 11.16    , 6, 'edge', 20, 'V', 3);
INSERT INTO `basedadosespaco`.`Galaxia` (`idGalaxia`, `NomeGalaxia`, `Ascencao`, `Declinacao`, `CoordSupergalat`, `Tipo`, `MagnitudeAzul`, `Tamanho`, `Vista`, `Distancia`, `MetodoDistancia`, `GruGalaxia_idGruGalaxia`) VALUES (195, 'NGC 7217      ', '22/07.9', '+31/22', '325.0/+43.5', 'Sab', 11.02    , 4, 'full', 50, 'CP', 148);
INSERT INTO `basedadosespaco`.`Galaxia` (`idGalaxia`, `NomeGalaxia`, `Ascencao`, `Declinacao`, `CoordSupergalat`, `Tipo`, `MagnitudeAzul`, `Tamanho`, `Vista`, `Distancia`, `MetodoDistancia`, `GruGalaxia_idGruGalaxia`) VALUES (196, 'NGC 7213      ', '22/09.3', '-47/10', '238.1/+13.6', 'Sa    ', 11.01    , 3, 'full', 70, 'P', 136);
INSERT INTO `basedadosespaco`.`Galaxia` (`idGalaxia`, `NomeGalaxia`, `Ascencao`, `Declinacao`, `CoordSupergalat`, `Tipo`, `MagnitudeAzul`, `Tamanho`, `Vista`, `Distancia`, `MetodoDistancia`, `GruGalaxia_idGruGalaxia`) VALUES (197, 'NGC 7331      ', '22/37.1', '+34/25', '328.0/+37.1', 'Sb', 10.35   , 10, '1/2  ', 48, 'V', 4);
INSERT INTO `basedadosespaco`.`Galaxia` (`idGalaxia`, `NomeGalaxia`, `Ascencao`, `Declinacao`, `CoordSupergalat`, `Tipo`, `MagnitudeAzul`, `Tamanho`, `Vista`, `Distancia`, `MetodoDistancia`, `GruGalaxia_idGruGalaxia`) VALUES (198, 'IC  1459      ', '22/57.2', '-36/28', '252.3/+12.7', 'E', 10.97    , 5, ' full  ', 95, 'V', 47);
INSERT INTO `basedadosespaco`.`Galaxia` (`idGalaxia`, `NomeGalaxia`, `Ascencao`, `Declinacao`, `CoordSupergalat`, `Tipo`, `MagnitudeAzul`, `Tamanho`, `Vista`, `Distancia`, `MetodoDistancia`, `GruGalaxia_idGruGalaxia`) VALUES (199, 'NGC 7424      ', '22/57.3', '-41/04', '248.3/+10.3', 'SBc  ', 10.96   , 10, ' full  ', 40, 'V', 107);
INSERT INTO `basedadosespaco`.`Galaxia` (`idGalaxia`, `NomeGalaxia`, `Ascencao`, `Declinacao`, `CoordSupergalat`, `Tipo`, `MagnitudeAzul`, `Tamanho`, `Vista`, `Distancia`, `MetodoDistancia`, `GruGalaxia_idGruGalaxia`) VALUES (200, 'NGC 7793      ', '23/57.8', '-32/35', '261.3/+3.1', 'Scd', 9.63    , 9, '3/4   ', 13, 'CS', 107);
INSERT INTO `basedadosespaco`.`Galaxia` (`idGalaxia`, `NomeGalaxia`, `Ascencao`, `Declinacao`, `CoordSupergalat`, `Tipo`, `MagnitudeAzul`, `Tamanho`, `Vista`, `Distancia`, `MetodoDistancia`, `GruGalaxia_idGruGalaxia`) VALUES (201, 'Milkyway', '1/73', '2/35', '352.0/+43.5', 'SBcd', 9.31   , 8, 'edge', 0, 'V', 38);

COMMIT;


-- -----------------------------------------------------
-- Data for table `basedadosespaco`.`Constelacao`
-- -----------------------------------------------------
START TRANSACTION;
USE `basedadosespaco`;
INSERT INTO `basedadosespaco`.`Constelacao` (`idConstelacao`, `NomeConstelacao`, `Abreviatura`, `Genitivo`, `Familia`, `Significado`, `EstrelaBrilhante`, `HN`, `HS`) VALUES (1, 'Andromeda', 'And', 'Andromedae', 'Perseus', 'Andromeda (The chained lady or the Princess)', 'Alpheratz', 'Outono', 'Primavera');
INSERT INTO `basedadosespaco`.`Constelacao` (`idConstelacao`, `NomeConstelacao`, `Abreviatura`, `Genitivo`, `Familia`, `Significado`, `EstrelaBrilhante`, `HN`, `HS`) VALUES (2, 'Antlia', 'Ant', 'Antliae', 'La Caille', 'air pump', ' Antliae', 'Primavera', 'Outono');
INSERT INTO `basedadosespaco`.`Constelacao` (`idConstelacao`, `NomeConstelacao`, `Abreviatura`, `Genitivo`, `Familia`, `Significado`, `EstrelaBrilhante`, `HN`, `HS`) VALUES (3, 'Apus', 'Aps', 'Apodis', 'Bayer', 'Bird-of-paradise/Exotic Bird/Extraordinary Bird', ' Apodis', 'Nunca', 'Sempre');
INSERT INTO `basedadosespaco`.`Constelacao` (`idConstelacao`, `NomeConstelacao`, `Abreviatura`, `Genitivo`, `Familia`, `Significado`, `EstrelaBrilhante`, `HN`, `HS`) VALUES (4, 'Aquarius', 'Aqr', 'Aquarii', 'Zodiac', 'water-bearer', 'Sadalsuud', 'Outono', 'Primavera');
INSERT INTO `basedadosespaco`.`Constelacao` (`idConstelacao`, `NomeConstelacao`, `Abreviatura`, `Genitivo`, `Familia`, `Significado`, `EstrelaBrilhante`, `HN`, `HS`) VALUES (5, 'Aquila', 'Aql', 'Aquilae', 'Hercules', 'eagle', 'Altair', 'Verão', 'Inverno');
INSERT INTO `basedadosespaco`.`Constelacao` (`idConstelacao`, `NomeConstelacao`, `Abreviatura`, `Genitivo`, `Familia`, `Significado`, `EstrelaBrilhante`, `HN`, `HS`) VALUES (6, 'Ara', 'Ara', 'Arae', 'Hercules', 'altar', ' Arae', 'Verão', 'Inverno');
INSERT INTO `basedadosespaco`.`Constelacao` (`idConstelacao`, `NomeConstelacao`, `Abreviatura`, `Genitivo`, `Familia`, `Significado`, `EstrelaBrilhante`, `HN`, `HS`) VALUES (7, 'Aries', 'Ari', 'Arietis', 'Zodiac', 'ram', 'Hamal', 'Outono', 'Primavera');
INSERT INTO `basedadosespaco`.`Constelacao` (`idConstelacao`, `NomeConstelacao`, `Abreviatura`, `Genitivo`, `Familia`, `Significado`, `EstrelaBrilhante`, `HN`, `HS`) VALUES (8, 'Auriga', 'Aur', 'Aurigae', 'Perseus', 'charioteer', 'Capella', 'Inverno', 'Verão');
INSERT INTO `basedadosespaco`.`Constelacao` (`idConstelacao`, `NomeConstelacao`, `Abreviatura`, `Genitivo`, `Familia`, `Significado`, `EstrelaBrilhante`, `HN`, `HS`) VALUES (9, 'Boötes', 'Boo', 'Boötis', 'Ursa Major', 'herdsman', 'Arcturus', 'Primavera', 'Outono');
INSERT INTO `basedadosespaco`.`Constelacao` (`idConstelacao`, `NomeConstelacao`, `Abreviatura`, `Genitivo`, `Familia`, `Significado`, `EstrelaBrilhante`, `HN`, `HS`) VALUES (10, 'Caelum', 'Cae', 'Caeli', 'La Caille', 'chisel', 'Caeli', 'Inverno', 'Verão');
INSERT INTO `basedadosespaco`.`Constelacao` (`idConstelacao`, `NomeConstelacao`, `Abreviatura`, `Genitivo`, `Familia`, `Significado`, `EstrelaBrilhante`, `HN`, `HS`) VALUES (11, 'Camelopardalis', 'Cam', 'Camelopardalis', 'Ursa Major', 'giraffe', 'Camelopardalis', 'Sempre', 'Nunca');
INSERT INTO `basedadosespaco`.`Constelacao` (`idConstelacao`, `NomeConstelacao`, `Abreviatura`, `Genitivo`, `Familia`, `Significado`, `EstrelaBrilhante`, `HN`, `HS`) VALUES (12, 'Cancer', 'Cnc', 'Cancri', 'Zodiac', 'crab', 'Tarf', 'Primavera', 'Outono');
INSERT INTO `basedadosespaco`.`Constelacao` (`idConstelacao`, `NomeConstelacao`, `Abreviatura`, `Genitivo`, `Familia`, `Significado`, `EstrelaBrilhante`, `HN`, `HS`) VALUES (13, 'Canes Venatici', 'CVn', 'Canum Venaticorum', 'Ursa Major', 'hunting dogs', 'Cor Caroli', 'Primavera', 'Outono');
INSERT INTO `basedadosespaco`.`Constelacao` (`idConstelacao`, `NomeConstelacao`, `Abreviatura`, `Genitivo`, `Familia`, `Significado`, `EstrelaBrilhante`, `HN`, `HS`) VALUES (14, 'Canis Major', 'CMa', 'Canis Majoris', 'Orion', 'greater dog', 'Sirius', 'Inverno', 'Verão');
INSERT INTO `basedadosespaco`.`Constelacao` (`idConstelacao`, `NomeConstelacao`, `Abreviatura`, `Genitivo`, `Familia`, `Significado`, `EstrelaBrilhante`, `HN`, `HS`) VALUES (15, 'Canis Minor', 'CMi', 'Canis Minoris', 'Orion', 'lesser dog', 'Procyon', 'Inverno', 'Verão');
INSERT INTO `basedadosespaco`.`Constelacao` (`idConstelacao`, `NomeConstelacao`, `Abreviatura`, `Genitivo`, `Familia`, `Significado`, `EstrelaBrilhante`, `HN`, `HS`) VALUES (16, 'Capricornus', 'Cap', 'Capricorni', 'Zodiac', 'sea goat', 'Deneb Algiedi', 'Verão', 'Inverno');
INSERT INTO `basedadosespaco`.`Constelacao` (`idConstelacao`, `NomeConstelacao`, `Abreviatura`, `Genitivo`, `Familia`, `Significado`, `EstrelaBrilhante`, `HN`, `HS`) VALUES (17, 'Carina', 'Car', 'Carinae', 'Heavenly Waters', 'keel', 'Canopus', 'Inverno', 'Verão');
INSERT INTO `basedadosespaco`.`Constelacao` (`idConstelacao`, `NomeConstelacao`, `Abreviatura`, `Genitivo`, `Familia`, `Significado`, `EstrelaBrilhante`, `HN`, `HS`) VALUES (18, 'Cassiopeia', 'Cas', 'Cassiopeiae', 'Perseus', 'Cassiopeia (mythological character)', 'Shedir', 'Sempre', 'Nunca');
INSERT INTO `basedadosespaco`.`Constelacao` (`idConstelacao`, `NomeConstelacao`, `Abreviatura`, `Genitivo`, `Familia`, `Significado`, `EstrelaBrilhante`, `HN`, `HS`) VALUES (19, 'Centaurus', 'Cen', 'Centauri', 'Hercules', 'centaur', 'Alpha Centauri', 'Primavera', 'Outono');
INSERT INTO `basedadosespaco`.`Constelacao` (`idConstelacao`, `NomeConstelacao`, `Abreviatura`, `Genitivo`, `Familia`, `Significado`, `EstrelaBrilhante`, `HN`, `HS`) VALUES (20, 'Cepheus', 'Cep', 'Cephei', 'Perseus', 'Cepheus (mythological character)', 'Alderamin', 'Sempre', 'Nunca');
INSERT INTO `basedadosespaco`.`Constelacao` (`idConstelacao`, `NomeConstelacao`, `Abreviatura`, `Genitivo`, `Familia`, `Significado`, `EstrelaBrilhante`, `HN`, `HS`) VALUES (21, 'Cetus', 'Cet', 'Ceti', 'Perseus', 'sea monster (later interpreted as a whale)', 'Deneb Kaitos', 'Outono', 'Primavera');
INSERT INTO `basedadosespaco`.`Constelacao` (`idConstelacao`, `NomeConstelacao`, `Abreviatura`, `Genitivo`, `Familia`, `Significado`, `EstrelaBrilhante`, `HN`, `HS`) VALUES (22, 'Chamaeleon', 'Cha', 'Chamaeleontis', 'Bayer', 'chameleon', 'Chamaeleontis', 'Nunca', 'Sempre');
INSERT INTO `basedadosespaco`.`Constelacao` (`idConstelacao`, `NomeConstelacao`, `Abreviatura`, `Genitivo`, `Familia`, `Significado`, `EstrelaBrilhante`, `HN`, `HS`) VALUES (23, 'Circinus', 'Cir', 'Circini', 'La Caille', 'compass (drawing tool)', ' Circini', 'Nunca', 'Sempre');
INSERT INTO `basedadosespaco`.`Constelacao` (`idConstelacao`, `NomeConstelacao`, `Abreviatura`, `Genitivo`, `Familia`, `Significado`, `EstrelaBrilhante`, `HN`, `HS`) VALUES (24, 'Columba', 'Col', 'Columbae', 'Heavenly Waters', 'dove', 'Phact', 'Inverno', 'Verão');
INSERT INTO `basedadosespaco`.`Constelacao` (`idConstelacao`, `NomeConstelacao`, `Abreviatura`, `Genitivo`, `Familia`, `Significado`, `EstrelaBrilhante`, `HN`, `HS`) VALUES (25, 'Coma Berenices', 'Com', 'Comae Berenices', 'Ursa Major', 'Berenice\'s hair', 'Comae Berenices', 'Primavera', 'Outono');
INSERT INTO `basedadosespaco`.`Constelacao` (`idConstelacao`, `NomeConstelacao`, `Abreviatura`, `Genitivo`, `Familia`, `Significado`, `EstrelaBrilhante`, `HN`, `HS`) VALUES (26, 'Corona Australis', 'CrA', 'Coronae Australis', 'Hercules', 'southern crown', 'Alphekka Meridiana', 'Verão', 'Inverno');
INSERT INTO `basedadosespaco`.`Constelacao` (`idConstelacao`, `NomeConstelacao`, `Abreviatura`, `Genitivo`, `Familia`, `Significado`, `EstrelaBrilhante`, `HN`, `HS`) VALUES (27, 'Corona Borealis', 'CrB', 'Coronae Borealis', 'Ursa Major', 'northern crown', 'Alphecca', 'Verão', 'Inverno');
INSERT INTO `basedadosespaco`.`Constelacao` (`idConstelacao`, `NomeConstelacao`, `Abreviatura`, `Genitivo`, `Familia`, `Significado`, `EstrelaBrilhante`, `HN`, `HS`) VALUES (28, 'Corvus', 'Crv', 'Corvi', 'Hercules', 'crow', 'Gienah', 'Primavera', 'Outono');
INSERT INTO `basedadosespaco`.`Constelacao` (`idConstelacao`, `NomeConstelacao`, `Abreviatura`, `Genitivo`, `Familia`, `Significado`, `EstrelaBrilhante`, `HN`, `HS`) VALUES (29, 'Crater', 'Crt', 'Crateris', 'Hercules', 'cup', 'Labrum', 'Primavera', 'Outono');
INSERT INTO `basedadosespaco`.`Constelacao` (`idConstelacao`, `NomeConstelacao`, `Abreviatura`, `Genitivo`, `Familia`, `Significado`, `EstrelaBrilhante`, `HN`, `HS`) VALUES (30, 'Crux', 'Cru', 'Crucis', 'Hercules', 'southern cross', 'Acrux', 'Nunca', 'Sempre');
INSERT INTO `basedadosespaco`.`Constelacao` (`idConstelacao`, `NomeConstelacao`, `Abreviatura`, `Genitivo`, `Familia`, `Significado`, `EstrelaBrilhante`, `HN`, `HS`) VALUES (31, 'Cygnus', 'Cyg', 'Cygni', 'Hercules', 'swan or Northern Cross', 'Deneb', 'Verão', 'Inverno');
INSERT INTO `basedadosespaco`.`Constelacao` (`idConstelacao`, `NomeConstelacao`, `Abreviatura`, `Genitivo`, `Familia`, `Significado`, `EstrelaBrilhante`, `HN`, `HS`) VALUES (32, 'Delphinus', 'Del', 'Delphini', 'Heavenly Waters', 'dolphin', 'Rotanev', 'Verão', 'Inverno');
INSERT INTO `basedadosespaco`.`Constelacao` (`idConstelacao`, `NomeConstelacao`, `Abreviatura`, `Genitivo`, `Familia`, `Significado`, `EstrelaBrilhante`, `HN`, `HS`) VALUES (33, 'Dorado', 'Dor', 'Doradus', 'Bayer', 'goldfish', ' Doradus', 'Nunca', 'Sempre');
INSERT INTO `basedadosespaco`.`Constelacao` (`idConstelacao`, `NomeConstelacao`, `Abreviatura`, `Genitivo`, `Familia`, `Significado`, `EstrelaBrilhante`, `HN`, `HS`) VALUES (34, 'Draco', 'Dra', 'Draconis', 'Ursa Major', 'dragon', 'Etamin', 'Sempre', 'Nunca');
INSERT INTO `basedadosespaco`.`Constelacao` (`idConstelacao`, `NomeConstelacao`, `Abreviatura`, `Genitivo`, `Familia`, `Significado`, `EstrelaBrilhante`, `HN`, `HS`) VALUES (35, 'Equuleus', 'Equ', 'Equulei', 'Heavenly Waters', 'pony', 'Kitalpha', 'Verão', 'Inverno');
INSERT INTO `basedadosespaco`.`Constelacao` (`idConstelacao`, `NomeConstelacao`, `Abreviatura`, `Genitivo`, `Familia`, `Significado`, `EstrelaBrilhante`, `HN`, `HS`) VALUES (36, 'Eridanus', 'Eri', 'Eridani', 'Heavenly Waters', 'river Eridanus (mythology)', 'Achernar', 'Inverno', 'Verão');
INSERT INTO `basedadosespaco`.`Constelacao` (`idConstelacao`, `NomeConstelacao`, `Abreviatura`, `Genitivo`, `Familia`, `Significado`, `EstrelaBrilhante`, `HN`, `HS`) VALUES (37, 'Fornax', 'For', 'Fornacis', 'La Caille', 'chemical furnace', 'Fornacis', 'Inverno', 'Verão');
INSERT INTO `basedadosespaco`.`Constelacao` (`idConstelacao`, `NomeConstelacao`, `Abreviatura`, `Genitivo`, `Familia`, `Significado`, `EstrelaBrilhante`, `HN`, `HS`) VALUES (38, 'Gemini', 'Gem', 'Geminorum', 'Zodiac', 'twins', 'Pollux', 'Inverno', 'Verão');
INSERT INTO `basedadosespaco`.`Constelacao` (`idConstelacao`, `NomeConstelacao`, `Abreviatura`, `Genitivo`, `Familia`, `Significado`, `EstrelaBrilhante`, `HN`, `HS`) VALUES (39, 'Grus', 'Gru', 'Gruis', 'Bayer', 'Crane', 'Alnair', 'Outono', 'Primavera');
INSERT INTO `basedadosespaco`.`Constelacao` (`idConstelacao`, `NomeConstelacao`, `Abreviatura`, `Genitivo`, `Familia`, `Significado`, `EstrelaBrilhante`, `HN`, `HS`) VALUES (40, 'Hercules', 'Her', 'Herculis', 'Hercules', 'Hercules (mythological character)', 'Kornephoros', 'Verão', 'Inverno');
INSERT INTO `basedadosespaco`.`Constelacao` (`idConstelacao`, `NomeConstelacao`, `Abreviatura`, `Genitivo`, `Familia`, `Significado`, `EstrelaBrilhante`, `HN`, `HS`) VALUES (41, 'Horologium', 'Hor', 'Horologii', 'La Caille', 'pendulum clock', ' Horologii', 'Inverno', 'Verão');
INSERT INTO `basedadosespaco`.`Constelacao` (`idConstelacao`, `NomeConstelacao`, `Abreviatura`, `Genitivo`, `Familia`, `Significado`, `EstrelaBrilhante`, `HN`, `HS`) VALUES (42, 'Hydra', 'Hya', 'Hydrae', 'Hercules', 'Hydra (mythological creature)', 'Alphard', 'Primavera', 'Outono');
INSERT INTO `basedadosespaco`.`Constelacao` (`idConstelacao`, `NomeConstelacao`, `Abreviatura`, `Genitivo`, `Familia`, `Significado`, `EstrelaBrilhante`, `HN`, `HS`) VALUES (43, 'Hydrus', 'Hyi', 'Hydri', 'Bayer', 'lesser water snake', ' Hydri', 'Nunca', 'Sempre');
INSERT INTO `basedadosespaco`.`Constelacao` (`idConstelacao`, `NomeConstelacao`, `Abreviatura`, `Genitivo`, `Familia`, `Significado`, `EstrelaBrilhante`, `HN`, `HS`) VALUES (44, 'Indus', 'Ind', 'Indi', 'Bayer', 'Indian (American indigenous)', 'The Persian', 'Verão', 'Inverno');
INSERT INTO `basedadosespaco`.`Constelacao` (`idConstelacao`, `NomeConstelacao`, `Abreviatura`, `Genitivo`, `Familia`, `Significado`, `EstrelaBrilhante`, `HN`, `HS`) VALUES (45, 'Lacerta', 'Lac', 'Lacertae', 'Perseus', 'lizard', ' Lacertae', 'Outono', 'Primavera');
INSERT INTO `basedadosespaco`.`Constelacao` (`idConstelacao`, `NomeConstelacao`, `Abreviatura`, `Genitivo`, `Familia`, `Significado`, `EstrelaBrilhante`, `HN`, `HS`) VALUES (46, 'Leo', 'Leo', 'Leonis', 'Zodiac', 'lion', 'Regulus', 'Primavera', 'Outono');
INSERT INTO `basedadosespaco`.`Constelacao` (`idConstelacao`, `NomeConstelacao`, `Abreviatura`, `Genitivo`, `Familia`, `Significado`, `EstrelaBrilhante`, `HN`, `HS`) VALUES (47, 'Leo Minor', 'LMi', 'Leonis Minoris', 'Ursa Major', 'lesser lion', 'Praecipua', 'Primavera', 'Outono');
INSERT INTO `basedadosespaco`.`Constelacao` (`idConstelacao`, `NomeConstelacao`, `Abreviatura`, `Genitivo`, `Familia`, `Significado`, `EstrelaBrilhante`, `HN`, `HS`) VALUES (48, 'Lepus', 'Lep', 'Leporis', 'Orion', 'hare', 'Arneb', 'Inverno', 'Verão');
INSERT INTO `basedadosespaco`.`Constelacao` (`idConstelacao`, `NomeConstelacao`, `Abreviatura`, `Genitivo`, `Familia`, `Significado`, `EstrelaBrilhante`, `HN`, `HS`) VALUES (49, 'Libra', 'Lib', 'Librae', 'Zodiac', 'balance', 'Zubeneshamali', 'Verão', 'Inverno');
INSERT INTO `basedadosespaco`.`Constelacao` (`idConstelacao`, `NomeConstelacao`, `Abreviatura`, `Genitivo`, `Familia`, `Significado`, `EstrelaBrilhante`, `HN`, `HS`) VALUES (50, 'Lupus', 'Lup', 'Lupi', 'Hercules', 'wolf', 'Men', 'Primavera', 'Outono');
INSERT INTO `basedadosespaco`.`Constelacao` (`idConstelacao`, `NomeConstelacao`, `Abreviatura`, `Genitivo`, `Familia`, `Significado`, `EstrelaBrilhante`, `HN`, `HS`) VALUES (51, 'Lynx', 'Lyn', 'Lyncis', 'Ursa Major', 'lynx', 'Elvashak', 'Primavera', 'Outono');
INSERT INTO `basedadosespaco`.`Constelacao` (`idConstelacao`, `NomeConstelacao`, `Abreviatura`, `Genitivo`, `Familia`, `Significado`, `EstrelaBrilhante`, `HN`, `HS`) VALUES (52, 'Lyra', 'Lyr', 'Lyrae', 'Hercules', 'lyre / harp', 'Vega', 'Verão', 'Inverno');
INSERT INTO `basedadosespaco`.`Constelacao` (`idConstelacao`, `NomeConstelacao`, `Abreviatura`, `Genitivo`, `Familia`, `Significado`, `EstrelaBrilhante`, `HN`, `HS`) VALUES (53, 'Mensa', 'Men', 'Mensae', 'La Caille', 'Table Mountain (South Africa)', ' Mensae', 'Nunca', 'Sempre');
INSERT INTO `basedadosespaco`.`Constelacao` (`idConstelacao`, `NomeConstelacao`, `Abreviatura`, `Genitivo`, `Familia`, `Significado`, `EstrelaBrilhante`, `HN`, `HS`) VALUES (54, 'Microscopium', 'Mic', 'Microscopii', 'La Caille', 'microscope', ' Microscopii', 'Verão', 'Inverno');
INSERT INTO `basedadosespaco`.`Constelacao` (`idConstelacao`, `NomeConstelacao`, `Abreviatura`, `Genitivo`, `Familia`, `Significado`, `EstrelaBrilhante`, `HN`, `HS`) VALUES (55, 'Monoceros', 'Mon', 'Monocerotis', 'Orion', 'unicorn', 'Monocerotis', 'Inverno', 'Verão');
INSERT INTO `basedadosespaco`.`Constelacao` (`idConstelacao`, `NomeConstelacao`, `Abreviatura`, `Genitivo`, `Familia`, `Significado`, `EstrelaBrilhante`, `HN`, `HS`) VALUES (56, 'Musca', 'Mus', 'Muscae', 'Bayer', 'fly', 'Muscae', 'Nunca', 'Sempre');
INSERT INTO `basedadosespaco`.`Constelacao` (`idConstelacao`, `NomeConstelacao`, `Abreviatura`, `Genitivo`, `Familia`, `Significado`, `EstrelaBrilhante`, `HN`, `HS`) VALUES (57, 'Norma', 'Nor', 'Normae', 'La Caille', 'carpenter\'s level', '2 Normae', 'Nunca', 'Sempre');
INSERT INTO `basedadosespaco`.`Constelacao` (`idConstelacao`, `NomeConstelacao`, `Abreviatura`, `Genitivo`, `Familia`, `Significado`, `EstrelaBrilhante`, `HN`, `HS`) VALUES (58, 'Octans', 'Oct', 'Octantis', 'La Caille', 'octant (instrument)', 'Oct', 'Nunca', 'Sempre');
INSERT INTO `basedadosespaco`.`Constelacao` (`idConstelacao`, `NomeConstelacao`, `Abreviatura`, `Genitivo`, `Familia`, `Significado`, `EstrelaBrilhante`, `HN`, `HS`) VALUES (59, 'Ophiuchus', 'Oph', 'Ophiuchi', 'Hercules', 'serpent-bearer', 'Ras Alhague', 'Verão', 'Inverno');
INSERT INTO `basedadosespaco`.`Constelacao` (`idConstelacao`, `NomeConstelacao`, `Abreviatura`, `Genitivo`, `Familia`, `Significado`, `EstrelaBrilhante`, `HN`, `HS`) VALUES (60, 'Orion', 'Ori', 'Orionis', 'Orion', 'Orion (mythological character)', 'Rigel', 'Inverno', 'Verão');
INSERT INTO `basedadosespaco`.`Constelacao` (`idConstelacao`, `NomeConstelacao`, `Abreviatura`, `Genitivo`, `Familia`, `Significado`, `EstrelaBrilhante`, `HN`, `HS`) VALUES (61, 'Pavo', 'Pav', 'Pavonis', 'Bayer', 'peacock', 'Peacock', 'Nunca', 'Sempre');
INSERT INTO `basedadosespaco`.`Constelacao` (`idConstelacao`, `NomeConstelacao`, `Abreviatura`, `Genitivo`, `Familia`, `Significado`, `EstrelaBrilhante`, `HN`, `HS`) VALUES (62, 'Pegasus', 'Peg', 'Pegasi', 'Perseus', 'Pegasus (mythological winged horse)', 'Enif', 'Outono', 'Primavera');
INSERT INTO `basedadosespaco`.`Constelacao` (`idConstelacao`, `NomeConstelacao`, `Abreviatura`, `Genitivo`, `Familia`, `Significado`, `EstrelaBrilhante`, `HN`, `HS`) VALUES (63, 'Perseus', 'Per', 'Persei', 'Perseus', 'Perseus (mythological character)', 'Mirfak', 'Outono', 'Primavera');
INSERT INTO `basedadosespaco`.`Constelacao` (`idConstelacao`, `NomeConstelacao`, `Abreviatura`, `Genitivo`, `Familia`, `Significado`, `EstrelaBrilhante`, `HN`, `HS`) VALUES (64, 'Phoenix', 'Phe', 'Phoenicis', 'Bayer', 'phoenix', 'Ankaa', 'Outono', 'Phoenix');
INSERT INTO `basedadosespaco`.`Constelacao` (`idConstelacao`, `NomeConstelacao`, `Abreviatura`, `Genitivo`, `Familia`, `Significado`, `EstrelaBrilhante`, `HN`, `HS`) VALUES (65, 'Pictor', 'Pic', 'Pictoris', 'La Caille', 'easel', ' Pictoris', 'Inverno', 'Verão');
INSERT INTO `basedadosespaco`.`Constelacao` (`idConstelacao`, `NomeConstelacao`, `Abreviatura`, `Genitivo`, `Familia`, `Significado`, `EstrelaBrilhante`, `HN`, `HS`) VALUES (66, 'Pisces', 'Psc', 'Piscium', 'Zodiac', 'fishes', 'Alpherg', 'Outono', 'Primavera');
INSERT INTO `basedadosespaco`.`Constelacao` (`idConstelacao`, `NomeConstelacao`, `Abreviatura`, `Genitivo`, `Familia`, `Significado`, `EstrelaBrilhante`, `HN`, `HS`) VALUES (67, 'Piscis Austrinus', 'PsA', 'Piscis Austrini', 'Heavenly Waters', 'southern fish', 'Fomalhaut', 'Outono', 'Primavera');
INSERT INTO `basedadosespaco`.`Constelacao` (`idConstelacao`, `NomeConstelacao`, `Abreviatura`, `Genitivo`, `Familia`, `Significado`, `EstrelaBrilhante`, `HN`, `HS`) VALUES (68, 'Puppis', 'Pup', 'Puppis', 'Heavenly Waters', 'poop deck', 'Naos', 'Inverno', 'Verão');
INSERT INTO `basedadosespaco`.`Constelacao` (`idConstelacao`, `NomeConstelacao`, `Abreviatura`, `Genitivo`, `Familia`, `Significado`, `EstrelaBrilhante`, `HN`, `HS`) VALUES (69, 'Pyxis', 'Pyx', 'Pyxidis', 'Heavenly Waters', 'mariner\'s compass', ' Pyxidis', 'Primavera', 'Outono');
INSERT INTO `basedadosespaco`.`Constelacao` (`idConstelacao`, `NomeConstelacao`, `Abreviatura`, `Genitivo`, `Familia`, `Significado`, `EstrelaBrilhante`, `HN`, `HS`) VALUES (70, 'Reticulum', 'Ret', 'Reticuli', 'La Caille', 'eyepiece graticule', 'Reticuli', 'Inverno', 'Verão');
INSERT INTO `basedadosespaco`.`Constelacao` (`idConstelacao`, `NomeConstelacao`, `Abreviatura`, `Genitivo`, `Familia`, `Significado`, `EstrelaBrilhante`, `HN`, `HS`) VALUES (71, 'Sagitta', 'Sge', 'Sagittae', 'Hercules', 'arrow', 'Sagittae', 'Verão', 'Inverno');
INSERT INTO `basedadosespaco`.`Constelacao` (`idConstelacao`, `NomeConstelacao`, `Abreviatura`, `Genitivo`, `Familia`, `Significado`, `EstrelaBrilhante`, `HN`, `HS`) VALUES (72, 'Sagittarius', 'Sgr', 'Sagittarii', 'Zodiac', 'archer', 'Kaus Australis', 'Verão', 'Inverno');
INSERT INTO `basedadosespaco`.`Constelacao` (`idConstelacao`, `NomeConstelacao`, `Abreviatura`, `Genitivo`, `Familia`, `Significado`, `EstrelaBrilhante`, `HN`, `HS`) VALUES (73, 'Scorpius', 'Sco', 'Scorpii', 'Zodiac', 'scorpion', 'Antares', 'Verão', 'Inverno');
INSERT INTO `basedadosespaco`.`Constelacao` (`idConstelacao`, `NomeConstelacao`, `Abreviatura`, `Genitivo`, `Familia`, `Significado`, `EstrelaBrilhante`, `HN`, `HS`) VALUES (74, 'Sculptor', 'Scl', 'Sculptoris', 'La Caille', 'sculptor', 'Sculptoris', 'Outono', 'Primavera');
INSERT INTO `basedadosespaco`.`Constelacao` (`idConstelacao`, `NomeConstelacao`, `Abreviatura`, `Genitivo`, `Familia`, `Significado`, `EstrelaBrilhante`, `HN`, `HS`) VALUES (75, 'Scutum', 'Sct', 'Scuti', 'Hercules', 'shield (of Sobieski)', 'Scuti', 'Verão', 'Inverno');
INSERT INTO `basedadosespaco`.`Constelacao` (`idConstelacao`, `NomeConstelacao`, `Abreviatura`, `Genitivo`, `Familia`, `Significado`, `EstrelaBrilhante`, `HN`, `HS`) VALUES (76, 'Serpens', 'Ser', 'Serpentis', 'Hercules', 'snake', 'Unukalhai', 'Verão', 'Inverno');
INSERT INTO `basedadosespaco`.`Constelacao` (`idConstelacao`, `NomeConstelacao`, `Abreviatura`, `Genitivo`, `Familia`, `Significado`, `EstrelaBrilhante`, `HN`, `HS`) VALUES (77, 'Sextans', 'Sex', 'Sextantis', 'Hercules', 'sextant', 'Sextantis', 'Primavera', 'Outono');
INSERT INTO `basedadosespaco`.`Constelacao` (`idConstelacao`, `NomeConstelacao`, `Abreviatura`, `Genitivo`, `Familia`, `Significado`, `EstrelaBrilhante`, `HN`, `HS`) VALUES (78, 'Taurus', 'Tau', 'Tauri', 'Zodiac', 'bull', 'Aldebaran', 'Inverno', 'Verão');
INSERT INTO `basedadosespaco`.`Constelacao` (`idConstelacao`, `NomeConstelacao`, `Abreviatura`, `Genitivo`, `Familia`, `Significado`, `EstrelaBrilhante`, `HN`, `HS`) VALUES (79, 'Telescopium', 'Tel', 'Telescopii', 'La Caille', 'telescope', 'Telescopii', 'Verão', 'Inverno');
INSERT INTO `basedadosespaco`.`Constelacao` (`idConstelacao`, `NomeConstelacao`, `Abreviatura`, `Genitivo`, `Familia`, `Significado`, `EstrelaBrilhante`, `HN`, `HS`) VALUES (80, 'Triangulum', 'Tri', 'Trianguli', 'Perseus', 'triangle', 'Trianguli', 'Outono', 'Primavera');
INSERT INTO `basedadosespaco`.`Constelacao` (`idConstelacao`, `NomeConstelacao`, `Abreviatura`, `Genitivo`, `Familia`, `Significado`, `EstrelaBrilhante`, `HN`, `HS`) VALUES (81, 'Triangulum Australe', 'TrA', 'Trianguli Australis', 'Hercules', 'southern triangle', 'Atria', 'Nunca', 'Sempre');
INSERT INTO `basedadosespaco`.`Constelacao` (`idConstelacao`, `NomeConstelacao`, `Abreviatura`, `Genitivo`, `Familia`, `Significado`, `EstrelaBrilhante`, `HN`, `HS`) VALUES (82, 'Tucana', 'Tuc', 'Tucanae', 'Bayer', 'toucan', 'Tucanae', 'Nunca', 'Sempre');
INSERT INTO `basedadosespaco`.`Constelacao` (`idConstelacao`, `NomeConstelacao`, `Abreviatura`, `Genitivo`, `Familia`, `Significado`, `EstrelaBrilhante`, `HN`, `HS`) VALUES (83, 'Ursa Major', 'UMa', 'Ursae Majoris', 'Ursa Major', 'great bear', 'Alioth', 'Sempre', 'Nunca');
INSERT INTO `basedadosespaco`.`Constelacao` (`idConstelacao`, `NomeConstelacao`, `Abreviatura`, `Genitivo`, `Familia`, `Significado`, `EstrelaBrilhante`, `HN`, `HS`) VALUES (84, 'Ursa Minor', 'UMi', 'Ursae Minoris', 'Ursa Major', 'lesser bear', 'Polaris', 'Sempre', 'Nunca');
INSERT INTO `basedadosespaco`.`Constelacao` (`idConstelacao`, `NomeConstelacao`, `Abreviatura`, `Genitivo`, `Familia`, `Significado`, `EstrelaBrilhante`, `HN`, `HS`) VALUES (85, 'Vela', 'Vel', 'Velorum', 'Heavenly Waters', 'sails', 'Regor', 'Inverno', 'Verão');
INSERT INTO `basedadosespaco`.`Constelacao` (`idConstelacao`, `NomeConstelacao`, `Abreviatura`, `Genitivo`, `Familia`, `Significado`, `EstrelaBrilhante`, `HN`, `HS`) VALUES (86, 'Virgo', 'Vir', 'Virginis', 'Zodiac', 'virgin or maiden', 'Spica', 'Primavera', 'Outono');
INSERT INTO `basedadosespaco`.`Constelacao` (`idConstelacao`, `NomeConstelacao`, `Abreviatura`, `Genitivo`, `Familia`, `Significado`, `EstrelaBrilhante`, `HN`, `HS`) VALUES (87, 'Volans', 'Vol', 'Volantis', 'Bayer', 'flying fish', 'Volantis', 'Nunca', 'Sempre');
INSERT INTO `basedadosespaco`.`Constelacao` (`idConstelacao`, `NomeConstelacao`, `Abreviatura`, `Genitivo`, `Familia`, `Significado`, `EstrelaBrilhante`, `HN`, `HS`) VALUES (88, 'Vulpecula', 'Vul', 'Vulpeculae', 'Hercules', 'fox', 'Anser', 'Verão', 'Inverno');

COMMIT;


-- -----------------------------------------------------
-- Data for table `basedadosespaco`.`SPlanetario`
-- -----------------------------------------------------
START TRANSACTION;
USE `basedadosespaco`;
INSERT INTO `basedadosespaco`.`SPlanetario` (`idSPlanetario`, `NomeEstrela`, `Ascencao`, `Declinacao`, `MagnitudeAparente`, `Distancia`, `TipoEspectro`, `Massa`, `Temperatura`, `Idade`, `NPlanetas`, `Constelacao_idConstelacao`, `Galaxia_idGalaxia`) VALUES (1, 'Sun', '0', '0', 26.74, 0.000016, 'G2V', 1, 5778, 4572, 8, NULL, 201);
INSERT INTO `basedadosespaco`.`SPlanetario` (`idSPlanetario`, `NomeEstrela`, `Ascencao`, `Declinacao`, `MagnitudeAparente`, `Distancia`, `TipoEspectro`, `Massa`, `Temperatura`, `Idade`, `NPlanetas`, `Constelacao_idConstelacao`, `Galaxia_idGalaxia`) VALUES (2, 'Gliese 876', '22h 53m 16.73s', '14° 15 49.3', 10.17, 15, 'M4V', 0.334, 3348, 4893, 4, 6, 180);
INSERT INTO `basedadosespaco`.`SPlanetario` (`idSPlanetario`, `NomeEstrela`, `Ascencao`, `Declinacao`, `MagnitudeAparente`, `Distancia`, `TipoEspectro`, `Massa`, `Temperatura`, `Idade`, `NPlanetas`, `Constelacao_idConstelacao`, `Galaxia_idGalaxia`) VALUES (3, '82 G. Eridani', '03h 19m 55.65s', '43° 04 11.2', 4254, 20, 'G8V', 1.27, 5401, 5.76, 3, 88, 26);
INSERT INTO `basedadosespaco`.`SPlanetario` (`idSPlanetario`, `NomeEstrela`, `Ascencao`, `Declinacao`, `MagnitudeAparente`, `Distancia`, `TipoEspectro`, `Massa`, `Temperatura`, `Idade`, `NPlanetas`, `Constelacao_idConstelacao`, `Galaxia_idGalaxia`) VALUES (4, 'Gliese 581', '15h 19m 26.83s', '07° 43 20.2', 10.56, 20, 'M3V', 0.311, 3484, 4326, 3, 44, 184);
INSERT INTO `basedadosespaco`.`SPlanetario` (`idSPlanetario`, `NomeEstrela`, `Ascencao`, `Declinacao`, `MagnitudeAparente`, `Distancia`, `TipoEspectro`, `Massa`, `Temperatura`, `Idade`, `NPlanetas`, `Constelacao_idConstelacao`, `Galaxia_idGalaxia`) VALUES (5, 'Gliese 667 C', '17h 18m 57.16s', '34° 59 23.14', 10.20, 21, 'M1.5V', 0.31, 3700, NULL, 5, 37, 118);
INSERT INTO `basedadosespaco`.`SPlanetario` (`idSPlanetario`, `NomeEstrela`, `Ascencao`, `Declinacao`, `MagnitudeAparente`, `Distancia`, `TipoEspectro`, `Massa`, `Temperatura`, `Idade`, `NPlanetas`, `Constelacao_idConstelacao`, `Galaxia_idGalaxia`) VALUES (6, '61 Virginis', '13h 18m 24.31s', '18° 18 40.3', 4.74, 28, 'G5V', 0.954, 5531, 8.96, 3, 77, 119);
INSERT INTO `basedadosespaco`.`SPlanetario` (`idSPlanetario`, `NomeEstrela`, `Ascencao`, `Declinacao`, `MagnitudeAparente`, `Distancia`, `TipoEspectro`, `Massa`, `Temperatura`, `Idade`, `NPlanetas`, `Constelacao_idConstelacao`, `Galaxia_idGalaxia`) VALUES (7, '55 Cancri', '08h 52m 35.81s', '+28° 19 50.9', 5.95, 40, 'G8V', 1026, 5217, 5543, 5, 82, 200);
INSERT INTO `basedadosespaco`.`SPlanetario` (`idSPlanetario`, `NomeEstrela`, `Ascencao`, `Declinacao`, `MagnitudeAparente`, `Distancia`, `TipoEspectro`, `Massa`, `Temperatura`, `Idade`, `NPlanetas`, `Constelacao_idConstelacao`, `Galaxia_idGalaxia`) VALUES (8, 'HD 69830', '08h 18m 23.95s', '12° 37 55.8', 5.95, 41, 'K0V', 0.856, 5385, 7446, 3, 70, 106);
INSERT INTO `basedadosespaco`.`SPlanetario` (`idSPlanetario`, `NomeEstrela`, `Ascencao`, `Declinacao`, `MagnitudeAparente`, `Distancia`, `TipoEspectro`, `Massa`, `Temperatura`, `Idade`, `NPlanetas`, `Constelacao_idConstelacao`, `Galaxia_idGalaxia`) VALUES (9, 'HD 40307', '05h 54m 04.24s', '60° 01 24.5', 7.17, 42, 'K2.5V', 0.752, 4977, 1198, 6, 60, 26);
INSERT INTO `basedadosespaco`.`SPlanetario` (`idSPlanetario`, `NomeEstrela`, `Ascencao`, `Declinacao`, `MagnitudeAparente`, `Distancia`, `TipoEspectro`, `Massa`, `Temperatura`, `Idade`, `NPlanetas`, `Constelacao_idConstelacao`, `Galaxia_idGalaxia`) VALUES (10, 'Upsilon Andromedae', '01h 36m 47.84s', '+41° 24 19.7', 4.09, 44, 'F8V', 1.27, 6107, 3781, 4, 4, 144);
INSERT INTO `basedadosespaco`.`SPlanetario` (`idSPlanetario`, `NomeEstrela`, `Ascencao`, `Declinacao`, `MagnitudeAparente`, `Distancia`, `TipoEspectro`, `Massa`, `Temperatura`, `Idade`, `NPlanetas`, `Constelacao_idConstelacao`, `Galaxia_idGalaxia`) VALUES (11, '47 Ursae Majoris', '10h 59m 27.97s', '+40° 25 48.9', 5.10, 46, 'G0V', 1029, 5892, 7434, 3, 49, 115);
INSERT INTO `basedadosespaco`.`SPlanetario` (`idSPlanetario`, `NomeEstrela`, `Ascencao`, `Declinacao`, `MagnitudeAparente`, `Distancia`, `TipoEspectro`, `Massa`, `Temperatura`, `Idade`, `NPlanetas`, `Constelacao_idConstelacao`, `Galaxia_idGalaxia`) VALUES (12, 'Nu2 Lupi', '15h 21m 49.57s', '48° 19 01.1', 5.65, 47, 'G2V', NULL, NULL, NULL, 3, 53, 127);
INSERT INTO `basedadosespaco`.`SPlanetario` (`idSPlanetario`, `NomeEstrela`, `Ascencao`, `Declinacao`, `MagnitudeAparente`, `Distancia`, `TipoEspectro`, `Massa`, `Temperatura`, `Idade`, `NPlanetas`, `Constelacao_idConstelacao`, `Galaxia_idGalaxia`) VALUES (13, 'Gliese 163', '04h 09m 16s', '53° 22 25', 11.8, 49, 'M3.5V', 0.4, NULL, 3, 3, 3, 71);
INSERT INTO `basedadosespaco`.`SPlanetario` (`idSPlanetario`, `NomeEstrela`, `Ascencao`, `Declinacao`, `MagnitudeAparente`, `Distancia`, `TipoEspectro`, `Massa`, `Temperatura`, `Idade`, `NPlanetas`, `Constelacao_idConstelacao`, `Galaxia_idGalaxia`) VALUES (14, 'Mu Arae', '17h 44m 08.70s', '51° 50 02.6', 5.15, 51, 'G3IV-V', 1077, 5704, 6413, 4, 26, 90);
INSERT INTO `basedadosespaco`.`SPlanetario` (`idSPlanetario`, `NomeEstrela`, `Ascencao`, `Declinacao`, `MagnitudeAparente`, `Distancia`, `TipoEspectro`, `Massa`, `Temperatura`, `Idade`, `NPlanetas`, `Constelacao_idConstelacao`, `Galaxia_idGalaxia`) VALUES (15, 'HD 113538', '13h 04m 57.48s', '52° 26 34.5', 9.10, 52, 'K9V', 0.698, 4685, 1278, 2, 40, 20);
INSERT INTO `basedadosespaco`.`SPlanetario` (`idSPlanetario`, `NomeEstrela`, `Ascencao`, `Declinacao`, `MagnitudeAparente`, `Distancia`, `TipoEspectro`, `Massa`, `Temperatura`, `Idade`, `NPlanetas`, `Constelacao_idConstelacao`, `Galaxia_idGalaxia`) VALUES (16, 'Gliese 777', '20h 03m 37.41s', '+29° 53 48.5', 5.71, 52, 'G6IV', 1037, 5588, 12.11, 2, 3, 27);
INSERT INTO `basedadosespaco`.`SPlanetario` (`idSPlanetario`, `NomeEstrela`, `Ascencao`, `Declinacao`, `MagnitudeAparente`, `Distancia`, `TipoEspectro`, `Massa`, `Temperatura`, `Idade`, `NPlanetas`, `Constelacao_idConstelacao`, `Galaxia_idGalaxia`) VALUES (17, 'Gliese 676 A', '17h 30m 11.2042s', '51° 38 13.116', 9.59, 53, 'M0V', 0.71, NULL, NULL, 4, 40, 78);
INSERT INTO `basedadosespaco`.`SPlanetario` (`idSPlanetario`, `NomeEstrela`, `Ascencao`, `Declinacao`, `MagnitudeAparente`, `Distancia`, `TipoEspectro`, `Massa`, `Temperatura`, `Idade`, `NPlanetas`, `Constelacao_idConstelacao`, `Galaxia_idGalaxia`) VALUES (18, 'HD 128311', '14h 36m 00.56s', '+09° 44 47.5', 7.51, 54, 'K0V', 0.804, 4965, 0.394, 2, 59, 176);
INSERT INTO `basedadosespaco`.`SPlanetario` (`idSPlanetario`, `NomeEstrela`, `Ascencao`, `Declinacao`, `MagnitudeAparente`, `Distancia`, `TipoEspectro`, `Massa`, `Temperatura`, `Idade`, `NPlanetas`, `Constelacao_idConstelacao`, `Galaxia_idGalaxia`) VALUES (19, '14 Herculis', '16h 10m 24.31s', '+43° 49 03.5', 6.67, 57, 'K0V', 0.902, 5311, 0.706, 2, 23, 28);
INSERT INTO `basedadosespaco`.`SPlanetario` (`idSPlanetario`, `NomeEstrela`, `Ascencao`, `Declinacao`, `MagnitudeAparente`, `Distancia`, `TipoEspectro`, `Massa`, `Temperatura`, `Idade`, `NPlanetas`, `Constelacao_idConstelacao`, `Galaxia_idGalaxia`) VALUES (20, '83 Leonis', '11h 26m 46.28s', '+03° 00 22.8', 7.57, 59, 'K2V', 0.777, 4875, 4486, 2, 40, 43);
INSERT INTO `basedadosespaco`.`SPlanetario` (`idSPlanetario`, `NomeEstrela`, `Ascencao`, `Declinacao`, `MagnitudeAparente`, `Distancia`, `TipoEspectro`, `Massa`, `Temperatura`, `Idade`, `NPlanetas`, `Constelacao_idConstelacao`, `Galaxia_idGalaxia`) VALUES (21, 'HD 217107', '22h 58m 15.54s', '02° 23 43.4', 6.18, 65, 'G8IV', 1019, 5646, 7.32, 2, 51, 146);
INSERT INTO `basedadosespaco`.`SPlanetario` (`idSPlanetario`, `NomeEstrela`, `Ascencao`, `Declinacao`, `MagnitudeAparente`, `Distancia`, `TipoEspectro`, `Massa`, `Temperatura`, `Idade`, `NPlanetas`, `Constelacao_idConstelacao`, `Galaxia_idGalaxia`) VALUES (22, 'Gliese 221', '05h 53m 0s', '05° 59 41', 9.69, 66, 'K7V or M0V', 0.7, 4324, 4.4, 2, 12, 92);
INSERT INTO `basedadosespaco`.`SPlanetario` (`idSPlanetario`, `NomeEstrela`, `Ascencao`, `Declinacao`, `MagnitudeAparente`, `Distancia`, `TipoEspectro`, `Massa`, `Temperatura`, `Idade`, `NPlanetas`, `Constelacao_idConstelacao`, `Galaxia_idGalaxia`) VALUES (23, 'HD 215152', '22h 43m 21s', '06° 24 03', 8.13, 70, 'G8IV', 1019, 5646, 7.32, 2, 17, 34);
INSERT INTO `basedadosespaco`.`SPlanetario` (`idSPlanetario`, `NomeEstrela`, `Ascencao`, `Declinacao`, `MagnitudeAparente`, `Distancia`, `TipoEspectro`, `Massa`, `Temperatura`, `Idade`, `NPlanetas`, `Constelacao_idConstelacao`, `Galaxia_idGalaxia`) VALUES (24, 'HD 1461', '00h 18m 41.62s', '08° 03 09.5', 6.47, 76, 'G0V', 1.08, 5765, 6.3, 2, 25, 140);
INSERT INTO `basedadosespaco`.`SPlanetario` (`idSPlanetario`, `NomeEstrela`, `Ascencao`, `Declinacao`, `MagnitudeAparente`, `Distancia`, `TipoEspectro`, `Massa`, `Temperatura`, `Idade`, `NPlanetas`, `Constelacao_idConstelacao`, `Galaxia_idGalaxia`) VALUES (25, 'HD 134060', '15h 10m 44.97s', '61° 25 20.3', 6.29, 79, 'G3IV', NULL, NULL, NULL, 2, 58, 123);
INSERT INTO `basedadosespaco`.`SPlanetario` (`idSPlanetario`, `NomeEstrela`, `Ascencao`, `Declinacao`, `MagnitudeAparente`, `Distancia`, `TipoEspectro`, `Massa`, `Temperatura`, `Idade`, `NPlanetas`, `Constelacao_idConstelacao`, `Galaxia_idGalaxia`) VALUES (26, 'HD 60532', '07h 34m 03.18s', '22° 17 45.8', 4.46, 83, 'F6IV-V', 1444, 6095, 2671, 2, 58, 72);
INSERT INTO `basedadosespaco`.`SPlanetario` (`idSPlanetario`, `NomeEstrela`, `Ascencao`, `Declinacao`, `MagnitudeAparente`, `Distancia`, `TipoEspectro`, `Massa`, `Temperatura`, `Idade`, `NPlanetas`, `Constelacao_idConstelacao`, `Galaxia_idGalaxia`) VALUES (27, 'HD 96700', '11h 07m 54s', '30° 10 28', 6.50, 83, 'G0V', NULL, NULL, NULL, 2, 70, 156);
INSERT INTO `basedadosespaco`.`SPlanetario` (`idSPlanetario`, `NomeEstrela`, `Ascencao`, `Declinacao`, `MagnitudeAparente`, `Distancia`, `TipoEspectro`, `Massa`, `Temperatura`, `Idade`, `NPlanetas`, `Constelacao_idConstelacao`, `Galaxia_idGalaxia`) VALUES (28, 'HD 142', '00h 06m 18.66s', '49° 04 30.3', 5.70, 84, 'G1IV...', 1.1, 6180, 5.93, 2, 6, 113);
INSERT INTO `basedadosespaco`.`SPlanetario` (`idSPlanetario`, `NomeEstrela`, `Ascencao`, `Declinacao`, `MagnitudeAparente`, `Distancia`, `TipoEspectro`, `Massa`, `Temperatura`, `Idade`, `NPlanetas`, `Constelacao_idConstelacao`, `Galaxia_idGalaxia`) VALUES (29, 'HD 39194', '05h 44m 32s', '70° 08 37', 8.08, 84, 'K0V', NULL, NULL, NULL, 3, 3, 118);
INSERT INTO `basedadosespaco`.`SPlanetario` (`idSPlanetario`, `NomeEstrela`, `Ascencao`, `Declinacao`, `MagnitudeAparente`, `Distancia`, `TipoEspectro`, `Massa`, `Temperatura`, `Idade`, `NPlanetas`, `Constelacao_idConstelacao`, `Galaxia_idGalaxia`) VALUES (30, '23 Librae', '15h 13m 28.67s', '25° 18 33.6', 6.45, 85, 'G5V', 1047, 5559, 7322, 2, 78, 18);
INSERT INTO `basedadosespaco`.`SPlanetario` (`idSPlanetario`, `NomeEstrela`, `Ascencao`, `Declinacao`, `MagnitudeAparente`, `Distancia`, `TipoEspectro`, `Massa`, `Temperatura`, `Idade`, `NPlanetas`, `Constelacao_idConstelacao`, `Galaxia_idGalaxia`) VALUES (31, 'HIP 57274', '11h 44m 41s', '+30° 57 33', 8.96, 85, 'K5V', 0.73, 4640, 7.87, 3, 43, 182);
INSERT INTO `basedadosespaco`.`SPlanetario` (`idSPlanetario`, `NomeEstrela`, `Ascencao`, `Declinacao`, `MagnitudeAparente`, `Distancia`, `TipoEspectro`, `Massa`, `Temperatura`, `Idade`, `NPlanetas`, `Constelacao_idConstelacao`, `Galaxia_idGalaxia`) VALUES (32, 'HD 181433', '19h 25m 09.57s', '66° 28 07.7', 8.38, 87, 'K5V', 0.777, 4962, 8974, 3, 49, 144);
INSERT INTO `basedadosespaco`.`SPlanetario` (`idSPlanetario`, `NomeEstrela`, `Ascencao`, `Declinacao`, `MagnitudeAparente`, `Distancia`, `TipoEspectro`, `Massa`, `Temperatura`, `Idade`, `NPlanetas`, `Constelacao_idConstelacao`, `Galaxia_idGalaxia`) VALUES (33, 'HD 134606', '15h 15m 15s', '70° 31 11', 6.85, 87, 'G6IV', NULL, NULL, NULL, 3, 15, 110);
INSERT INTO `basedadosespaco`.`SPlanetario` (`idSPlanetario`, `NomeEstrela`, `Ascencao`, `Declinacao`, `MagnitudeAparente`, `Distancia`, `TipoEspectro`, `Massa`, `Temperatura`, `Idade`, `NPlanetas`, `Constelacao_idConstelacao`, `Galaxia_idGalaxia`) VALUES (34, 'HD 82943', '09h 34m 50.74s', '12° 07 46.4', 6.54, 90, 'G0V', 1175, 5874, 3.08, 2, 58, 14);
INSERT INTO `basedadosespaco`.`SPlanetario` (`idSPlanetario`, `NomeEstrela`, `Ascencao`, `Declinacao`, `MagnitudeAparente`, `Distancia`, `TipoEspectro`, `Massa`, `Temperatura`, `Idade`, `NPlanetas`, `Constelacao_idConstelacao`, `Galaxia_idGalaxia`) VALUES (35, 'Alpha Centauri', '13h 10m 39.82s', '35° 03 17.2', 8.73, 91, 'K3V', NULL, 4819, 2.19, 2, 37, 95);
INSERT INTO `basedadosespaco`.`SPlanetario` (`idSPlanetario`, `NomeEstrela`, `Ascencao`, `Declinacao`, `MagnitudeAparente`, `Distancia`, `TipoEspectro`, `Massa`, `Temperatura`, `Idade`, `NPlanetas`, `Constelacao_idConstelacao`, `Galaxia_idGalaxia`) VALUES (36, 'HD 13808', '02h 12m 43s', '53° 44 38', 8.38, 93, 'K2V', NULL, NULL, NULL, 2, 66, 15);
INSERT INTO `basedadosespaco`.`SPlanetario` (`idSPlanetario`, `NomeEstrela`, `Ascencao`, `Declinacao`, `MagnitudeAparente`, `Distancia`, `TipoEspectro`, `Massa`, `Temperatura`, `Idade`, `NPlanetas`, `Constelacao_idConstelacao`, `Galaxia_idGalaxia`) VALUES (37, 'HD 21693', '03h 27m 12s', '58° 19 25', 7.94, 105, 'G9IV', NULL, NULL, NULL, 2, 80, 184);
INSERT INTO `basedadosespaco`.`SPlanetario` (`idSPlanetario`, `NomeEstrela`, `Ascencao`, `Declinacao`, `MagnitudeAparente`, `Distancia`, `TipoEspectro`, `Massa`, `Temperatura`, `Idade`, `NPlanetas`, `Constelacao_idConstelacao`, `Galaxia_idGalaxia`) VALUES (38, 'HD 11964', '01h 57m 09.61s', '10° 14 32.7', 6.42, 107, 'G5IV', 1125, 5522, 9561, 2, 54, 117);
INSERT INTO `basedadosespaco`.`SPlanetario` (`idSPlanetario`, `NomeEstrela`, `Ascencao`, `Declinacao`, `MagnitudeAparente`, `Distancia`, `TipoEspectro`, `Massa`, `Temperatura`, `Idade`, `NPlanetas`, `Constelacao_idConstelacao`, `Galaxia_idGalaxia`) VALUES (39, 'HD 45364', '06h 25m 38.48s', '31° 28 51.4', 8.07, 107, 'G8V', 0.815, 5434, 7546, 2, 69, 32);
INSERT INTO `basedadosespaco`.`SPlanetario` (`idSPlanetario`, `NomeEstrela`, `Ascencao`, `Declinacao`, `MagnitudeAparente`, `Distancia`, `TipoEspectro`, `Massa`, `Temperatura`, `Idade`, `NPlanetas`, `Constelacao_idConstelacao`, `Galaxia_idGalaxia`) VALUES (40, 'HD 37124', '05h 37m 02.49s', '+20° 43 50.8', 7.68, 110, 'G4V', 0.83, 5606, 3327, 3, 30, 118);
INSERT INTO `basedadosespaco`.`SPlanetario` (`idSPlanetario`, `NomeEstrela`, `Ascencao`, `Declinacao`, `MagnitudeAparente`, `Distancia`, `TipoEspectro`, `Massa`, `Temperatura`, `Idade`, `NPlanetas`, `Constelacao_idConstelacao`, `Galaxia_idGalaxia`) VALUES (41, 'HD 65216', '07h 53m 41.3s', '63° 38 50.4', 7.98, 112, 'G5V', 0.92, 5666, 3327, 2, 20, 97);
INSERT INTO `basedadosespaco`.`SPlanetario` (`idSPlanetario`, `NomeEstrela`, `Ascencao`, `Declinacao`, `MagnitudeAparente`, `Distancia`, `TipoEspectro`, `Massa`, `Temperatura`, `Idade`, `NPlanetas`, `Constelacao_idConstelacao`, `Galaxia_idGalaxia`) VALUES (42, 'HD 12661', '02h 04m 34.29s', '+25° 24 51.5', 7.44, 114, 'G6V', 1068, 5742, 7051, 2, 15, 8);
INSERT INTO `basedadosespaco`.`SPlanetario` (`idSPlanetario`, `NomeEstrela`, `Ascencao`, `Declinacao`, `MagnitudeAparente`, `Distancia`, `TipoEspectro`, `Massa`, `Temperatura`, `Idade`, `NPlanetas`, `Constelacao_idConstelacao`, `Galaxia_idGalaxia`) VALUES (43, 'HD 51608', '06h 54m 51s', '55° 15 34', 8.17, 114, 'K0IV', NULL, NULL, NULL, 2, 53, 7);
INSERT INTO `basedadosespaco`.`SPlanetario` (`idSPlanetario`, `NomeEstrela`, `Ascencao`, `Declinacao`, `MagnitudeAparente`, `Distancia`, `TipoEspectro`, `Massa`, `Temperatura`, `Idade`, `NPlanetas`, `Constelacao_idConstelacao`, `Galaxia_idGalaxia`) VALUES (44, 'HD 20781', '03h 20m 03s', '28° 47 02', 8.44, 115, 'G9.5V', NULL, NULL, NULL, 2, 38, 169);
INSERT INTO `basedadosespaco`.`SPlanetario` (`idSPlanetario`, `NomeEstrela`, `Ascencao`, `Declinacao`, `MagnitudeAparente`, `Distancia`, `TipoEspectro`, `Massa`, `Temperatura`, `Idade`, `NPlanetas`, `Constelacao_idConstelacao`, `Galaxia_idGalaxia`) VALUES (45, 'HD 141399', '15h 46m 54.0s', '+46° 59 11', 7.2, 118, 'K0V', 1.14, 5360, NULL, 4, 86, 160);
INSERT INTO `basedadosespaco`.`SPlanetario` (`idSPlanetario`, `NomeEstrela`, `Ascencao`, `Declinacao`, `MagnitudeAparente`, `Distancia`, `TipoEspectro`, `Massa`, `Temperatura`, `Idade`, `NPlanetas`, `Constelacao_idConstelacao`, `Galaxia_idGalaxia`) VALUES (46, 'HD 169830', '18h 27m 49.48s', '29° 49 00.7', 5.91, 119, 'F9V', 1413, 6266, 4.95, 2, 65, 140);
INSERT INTO `basedadosespaco`.`SPlanetario` (`idSPlanetario`, `NomeEstrela`, `Ascencao`, `Declinacao`, `MagnitudeAparente`, `Distancia`, `TipoEspectro`, `Massa`, `Temperatura`, `Idade`, `NPlanetas`, `Constelacao_idConstelacao`, `Galaxia_idGalaxia`) VALUES (47, 'HD 215456', '22h 46m 08s', '48° 58 44', 6.63, 124, 'G0.5V', NULL, NULL, NULL, 2, 70, 72);
INSERT INTO `basedadosespaco`.`SPlanetario` (`idSPlanetario`, `NomeEstrela`, `Ascencao`, `Declinacao`, `MagnitudeAparente`, `Distancia`, `TipoEspectro`, `Massa`, `Temperatura`, `Idade`, `NPlanetas`, `Constelacao_idConstelacao`, `Galaxia_idGalaxia`) VALUES (48, 'Kepler-42', '19h 28m 53s', '+44° 37 10', 16.12, 126, 'M', 0.13, 3068, NULL, 3, 6, 3);
INSERT INTO `basedadosespaco`.`SPlanetario` (`idSPlanetario`, `NomeEstrela`, `Ascencao`, `Declinacao`, `MagnitudeAparente`, `Distancia`, `TipoEspectro`, `Massa`, `Temperatura`, `Idade`, `NPlanetas`, `Constelacao_idConstelacao`, `Galaxia_idGalaxia`) VALUES (49, 'HD 31527', '04h 55m 38s', '23° 14 31', 7.48, 126, 'G0V', NULL, NULL, NULL, 3, 58, 118);
INSERT INTO `basedadosespaco`.`SPlanetario` (`idSPlanetario`, `NomeEstrela`, `Ascencao`, `Declinacao`, `MagnitudeAparente`, `Distancia`, `TipoEspectro`, `Massa`, `Temperatura`, `Idade`, `NPlanetas`, `Constelacao_idConstelacao`, `Galaxia_idGalaxia`) VALUES (50, 'HD 10180', '01h 37m 53.58s', '60° 30 41.5', 7.33, 127, 'G1V', 1055, 5911, 4335, 7, 20, 78);
INSERT INTO `basedadosespaco`.`SPlanetario` (`idSPlanetario`, `NomeEstrela`, `Ascencao`, `Declinacao`, `MagnitudeAparente`, `Distancia`, `TipoEspectro`, `Massa`, `Temperatura`, `Idade`, `NPlanetas`, `Constelacao_idConstelacao`, `Galaxia_idGalaxia`) VALUES (51, 'HD 38529', '05h 46m 34.96s', '+01° 10 06.7', 5.94, 128, 'G4V', 1.48, 5697, 3.28, 2, 58, 162);
INSERT INTO `basedadosespaco`.`SPlanetario` (`idSPlanetario`, `NomeEstrela`, `Ascencao`, `Declinacao`, `MagnitudeAparente`, `Distancia`, `TipoEspectro`, `Massa`, `Temperatura`, `Idade`, `NPlanetas`, `Constelacao_idConstelacao`, `Galaxia_idGalaxia`) VALUES (52, 'HD 47186', '06h 36m 08.79s', '27° 37 20.3', 7.79, 129, 'G6V', 0.991, 5675, 4437, 2, 6, 152);
INSERT INTO `basedadosespaco`.`SPlanetario` (`idSPlanetario`, `NomeEstrela`, `Ascencao`, `Declinacao`, `MagnitudeAparente`, `Distancia`, `TipoEspectro`, `Massa`, `Temperatura`, `Idade`, `NPlanetas`, `Constelacao_idConstelacao`, `Galaxia_idGalaxia`) VALUES (53, 'HR 8799', '23h 07m 28.72s', '+21° 08 03.3', 5.96, 129, 'A5V', 1472, 7429, 0.064, 4, 27, 151);
INSERT INTO `basedadosespaco`.`SPlanetario` (`idSPlanetario`, `NomeEstrela`, `Ascencao`, `Declinacao`, `MagnitudeAparente`, `Distancia`, `TipoEspectro`, `Massa`, `Temperatura`, `Idade`, `NPlanetas`, `Constelacao_idConstelacao`, `Galaxia_idGalaxia`) VALUES (54, 'HIP 5158', '01h 06m 02.05s', '22° 27 11.4', 10.21, 130, 'K5', 0.78, 4962, NULL, 2, 80, 128);
INSERT INTO `basedadosespaco`.`SPlanetario` (`idSPlanetario`, `NomeEstrela`, `Ascencao`, `Declinacao`, `MagnitudeAparente`, `Distancia`, `TipoEspectro`, `Massa`, `Temperatura`, `Idade`, `NPlanetas`, `Constelacao_idConstelacao`, `Galaxia_idGalaxia`) VALUES (55, 'HD 93385', '10h 46m 15s', '_41° 27 52', 7.49, 138, 'G2V', NULL, NULL, NULL, 2, 50, 196);
INSERT INTO `basedadosespaco`.`SPlanetario` (`idSPlanetario`, `NomeEstrela`, `Ascencao`, `Declinacao`, `MagnitudeAparente`, `Distancia`, `TipoEspectro`, `Massa`, `Temperatura`, `Idade`, `NPlanetas`, `Constelacao_idConstelacao`, `Galaxia_idGalaxia`) VALUES (56, 'BD-08°2823', '10h 00m 47.72s', '09° 31 00.0', 9.86, 139, 'K3V', 0.744, 4746, 4526, 2, 29, 195);
INSERT INTO `basedadosespaco`.`SPlanetario` (`idSPlanetario`, `NomeEstrela`, `Ascencao`, `Declinacao`, `MagnitudeAparente`, `Distancia`, `TipoEspectro`, `Massa`, `Temperatura`, `Idade`, `NPlanetas`, `Constelacao_idConstelacao`, `Galaxia_idGalaxia`) VALUES (57, 'HD 147018', '16h 23m 00.15s', '61° 41 19.5', 8.37, 140, 'G9V', 0.927, 5441, 6364, 2, 29, 138);
INSERT INTO `basedadosespaco`.`SPlanetario` (`idSPlanetario`, `NomeEstrela`, `Ascencao`, `Declinacao`, `MagnitudeAparente`, `Distancia`, `TipoEspectro`, `Massa`, `Temperatura`, `Idade`, `NPlanetas`, `Constelacao_idConstelacao`, `Galaxia_idGalaxia`) VALUES (58, 'HD 37605', '05h 40m 01.73s', '+06° 03 38.1', 8.69, 140, 'K0', 0.8, 5475, 10.71, 2, 63, 175);
INSERT INTO `basedadosespaco`.`SPlanetario` (`idSPlanetario`, `NomeEstrela`, `Ascencao`, `Declinacao`, `MagnitudeAparente`, `Distancia`, `TipoEspectro`, `Massa`, `Temperatura`, `Idade`, `NPlanetas`, `Constelacao_idConstelacao`, `Galaxia_idGalaxia`) VALUES (59, 'HD 215497', '22h 46m 36.75s', '56° 35 58.3', 8.97, 142, 'K3V', 0.865, 4852, 4568, 2, 70, 191);
INSERT INTO `basedadosespaco`.`SPlanetario` (`idSPlanetario`, `NomeEstrela`, `Ascencao`, `Declinacao`, `MagnitudeAparente`, `Distancia`, `TipoEspectro`, `Massa`, `Temperatura`, `Idade`, `NPlanetas`, `Constelacao_idConstelacao`, `Galaxia_idGalaxia`) VALUES (60, 'HD 20003', '03h 07m 38s', '72° 19 19', 8.37, 143, 'G8V', NULL, NULL, NULL, 2, 86, 144);
INSERT INTO `basedadosespaco`.`SPlanetario` (`idSPlanetario`, `NomeEstrela`, `Ascencao`, `Declinacao`, `MagnitudeAparente`, `Distancia`, `TipoEspectro`, `Massa`, `Temperatura`, `Idade`, `NPlanetas`, `Constelacao_idConstelacao`, `Galaxia_idGalaxia`) VALUES (61, 'HD 155358', '17h 09m 34.62s', '+33° 21_ 21.1_', 7.27, 144, 'G0V', 0.873, 5760, 9992, 2, 80, 152);
INSERT INTO `basedadosespaco`.`SPlanetario` (`idSPlanetario`, `NomeEstrela`, `Ascencao`, `Declinacao`, `MagnitudeAparente`, `Distancia`, `TipoEspectro`, `Massa`, `Temperatura`, `Idade`, `NPlanetas`, `Constelacao_idConstelacao`, `Galaxia_idGalaxia`) VALUES (62, 'HD 187123', '19h 46m 58.11s', '34° 25 10.3', 7.83, 157, 'G5V', 1056, 5714, 5327, 2, 54, 105);
INSERT INTO `basedadosespaco`.`SPlanetario` (`idSPlanetario`, `NomeEstrela`, `Ascencao`, `Declinacao`, `MagnitudeAparente`, `Distancia`, `TipoEspectro`, `Massa`, `Temperatura`, `Idade`, `NPlanetas`, `Constelacao_idConstelacao`, `Galaxia_idGalaxia`) VALUES (63, 'HD 204313', '21h 28m 12.21s', '21° 43 34.5', 7.99, 154, 'G5V', 1045, 5767, 3.38, 3, 6, 84);
INSERT INTO `basedadosespaco`.`SPlanetario` (`idSPlanetario`, `NomeEstrela`, `Ascencao`, `Declinacao`, `MagnitudeAparente`, `Distancia`, `TipoEspectro`, `Massa`, `Temperatura`, `Idade`, `NPlanetas`, `Constelacao_idConstelacao`, `Galaxia_idGalaxia`) VALUES (64, 'HD 11506', '01h 52m 50.53s', '19° 30 25.1', 7.54, 169, 'G0V', 1191, 6058, 5.42, 2, 62, 9);
INSERT INTO `basedadosespaco`.`SPlanetario` (`idSPlanetario`, `NomeEstrela`, `Ascencao`, `Declinacao`, `MagnitudeAparente`, `Distancia`, `TipoEspectro`, `Massa`, `Temperatura`, `Idade`, `NPlanetas`, `Constelacao_idConstelacao`, `Galaxia_idGalaxia`) VALUES (65, 'HD 41248', '06h 00m 33.0s', '56° 09 43', 8.82, 171, 'G2V', 0.92, 5713, 2, 2, 32, 33);
INSERT INTO `basedadosespaco`.`SPlanetario` (`idSPlanetario`, `NomeEstrela`, `Ascencao`, `Declinacao`, `MagnitudeAparente`, `Distancia`, `TipoEspectro`, `Massa`, `Temperatura`, `Idade`, `NPlanetas`, `Constelacao_idConstelacao`, `Galaxia_idGalaxia`) VALUES (66, 'HD 9446', '01h 33m 20.18s', '+29° 15 54.5', 8.35, 171, 'G5V', 1003, 5793, 3876, 2, 78, 118);
INSERT INTO `basedadosespaco`.`SPlanetario` (`idSPlanetario`, `NomeEstrela`, `Ascencao`, `Declinacao`, `MagnitudeAparente`, `Distancia`, `TipoEspectro`, `Massa`, `Temperatura`, `Idade`, `NPlanetas`, `Constelacao_idConstelacao`, `Galaxia_idGalaxia`) VALUES (67, 'HD 159868', '17h 38m 59.53s', '43° 08 43.8', 7.27, 172, 'G5V', 1.09, 5395, 8.1, 2, 20, 2);
INSERT INTO `basedadosespaco`.`SPlanetario` (`idSPlanetario`, `NomeEstrela`, `Ascencao`, `Declinacao`, `MagnitudeAparente`, `Distancia`, `TipoEspectro`, `Massa`, `Temperatura`, `Idade`, `NPlanetas`, `Constelacao_idConstelacao`, `Galaxia_idGalaxia`) VALUES (68, 'HIP 14810', '03h 11m 14.23s', '+21° 05 50.5', 8.51, 174, 'G5V', 0.989, 5485, 5271, 3, 52, 132);
INSERT INTO `basedadosespaco`.`SPlanetario` (`idSPlanetario`, `NomeEstrela`, `Ascencao`, `Declinacao`, `MagnitudeAparente`, `Distancia`, `TipoEspectro`, `Massa`, `Temperatura`, `Idade`, `NPlanetas`, `Constelacao_idConstelacao`, `Galaxia_idGalaxia`) VALUES (69, 'HD 125612', '14h 20m 53.51s', '17° 28 53.5', 8.33, 177, 'G3V', 1099, 5897, 2.15, 3, 19, 177);
INSERT INTO `basedadosespaco`.`SPlanetario` (`idSPlanetario`, `NomeEstrela`, `Ascencao`, `Declinacao`, `MagnitudeAparente`, `Distancia`, `TipoEspectro`, `Massa`, `Temperatura`, `Idade`, `NPlanetas`, `Constelacao_idConstelacao`, `Galaxia_idGalaxia`) VALUES (70, 'HD 207832', '21h 52m 36.0s', '26° 01 36', 8.79, 177, 'G5V', 0.94, 5710, 4.5, 2, 43, 110);
INSERT INTO `basedadosespaco`.`SPlanetario` (`idSPlanetario`, `NomeEstrela`, `Ascencao`, `Declinacao`, `MagnitudeAparente`, `Distancia`, `TipoEspectro`, `Massa`, `Temperatura`, `Idade`, `NPlanetas`, `Constelacao_idConstelacao`, `Galaxia_idGalaxia`) VALUES (71, 'HD 183263', '19h 28m 24.57s', '+08° 21 30.0', 7.86, 180, 'G2IV', 1172, 5888, 3303, 2, 56, 42);
INSERT INTO `basedadosespaco`.`SPlanetario` (`idSPlanetario`, `NomeEstrela`, `Ascencao`, `Declinacao`, `MagnitudeAparente`, `Distancia`, `TipoEspectro`, `Massa`, `Temperatura`, `Idade`, `NPlanetas`, `Constelacao_idConstelacao`, `Galaxia_idGalaxia`) VALUES (72, 'HD 177830', '19h 05m 20.77s', '+25° 55 14.4', 7.18, 193, 'K0IV', 1477, 4948, 4033, 2, 30, 7);
INSERT INTO `basedadosespaco`.`SPlanetario` (`idSPlanetario`, `NomeEstrela`, `Ascencao`, `Declinacao`, `MagnitudeAparente`, `Distancia`, `TipoEspectro`, `Massa`, `Temperatura`, `Idade`, `NPlanetas`, `Constelacao_idConstelacao`, `Galaxia_idGalaxia`) VALUES (73, 'HD 109271', '12h 33m 36.0s', '11° 37 19', 8.05, 202, 'G5', 1047, 5783, 7.3, 2, 31, 18);
INSERT INTO `basedadosespaco`.`SPlanetario` (`idSPlanetario`, `NomeEstrela`, `Ascencao`, `Declinacao`, `MagnitudeAparente`, `Distancia`, `TipoEspectro`, `Massa`, `Temperatura`, `Idade`, `NPlanetas`, `Constelacao_idConstelacao`, `Galaxia_idGalaxia`) VALUES (74, 'HD 108874', '12h 30m 26.88s', '+22° 52 47.4', 8.74, 204, 'G5V', 0.987, 5407, 7.26, 2, 6, 66);
INSERT INTO `basedadosespaco`.`SPlanetario` (`idSPlanetario`, `NomeEstrela`, `Ascencao`, `Declinacao`, `MagnitudeAparente`, `Distancia`, `TipoEspectro`, `Massa`, `Temperatura`, `Idade`, `NPlanetas`, `Constelacao_idConstelacao`, `Galaxia_idGalaxia`) VALUES (75, 'HD 154857', '17h 11m 15.72s', '56° 40 50.9', 7.25, 209, 'G5V', 1.17, 5445, 8.98, 2, 77, 92);
INSERT INTO `basedadosespaco`.`SPlanetario` (`idSPlanetario`, `NomeEstrela`, `Ascencao`, `Declinacao`, `MagnitudeAparente`, `Distancia`, `TipoEspectro`, `Massa`, `Temperatura`, `Idade`, `NPlanetas`, `Constelacao_idConstelacao`, `Galaxia_idGalaxia`) VALUES (76, 'HD 74156', '08h 42m 25.12s', '+04° 34 41.2', 7.61, 210, 'G0IV', 1236, 6039, 7375, 2, 20, 42);
INSERT INTO `basedadosespaco`.`SPlanetario` (`idSPlanetario`, `NomeEstrela`, `Ascencao`, `Declinacao`, `MagnitudeAparente`, `Distancia`, `TipoEspectro`, `Massa`, `Temperatura`, `Idade`, `NPlanetas`, `Constelacao_idConstelacao`, `Galaxia_idGalaxia`) VALUES (77, 'Kepler-37', '18h 58m 23.1s', '44° 31 05', 9.77, 215, 'G', 0.803, 5417, 6, 4, 64, 71);
INSERT INTO `basedadosespaco`.`SPlanetario` (`idSPlanetario`, `NomeEstrela`, `Ascencao`, `Declinacao`, `MagnitudeAparente`, `Distancia`, `TipoEspectro`, `Massa`, `Temperatura`, `Idade`, `NPlanetas`, `Constelacao_idConstelacao`, `Galaxia_idGalaxia`) VALUES (78, 'HD 200964', '21h 06m 39.84s', '+03° 48 11.2', 6.49, 223, 'K0III', 1437, 5164, 2992, 2, 62, 84);
INSERT INTO `basedadosespaco`.`SPlanetario` (`idSPlanetario`, `NomeEstrela`, `Ascencao`, `Declinacao`, `MagnitudeAparente`, `Distancia`, `TipoEspectro`, `Massa`, `Temperatura`, `Idade`, `NPlanetas`, `Constelacao_idConstelacao`, `Galaxia_idGalaxia`) VALUES (79, 'HD 163607', '17h 53m 40s', '+56° 23 31', 8.15, 225, 'G5IV', 1.09, 5543, 8.6, 2, 65, 159);
INSERT INTO `basedadosespaco`.`SPlanetario` (`idSPlanetario`, `NomeEstrela`, `Ascencao`, `Declinacao`, `MagnitudeAparente`, `Distancia`, `TipoEspectro`, `Massa`, `Temperatura`, `Idade`, `NPlanetas`, `Constelacao_idConstelacao`, `Galaxia_idGalaxia`) VALUES (80, 'HD 159243', '17h 33m 22.0s', '+05° 42 03', 8.65, 225, 'G0V', 1125, 6123, 1.25, 2, 10, 52);
INSERT INTO `basedadosespaco`.`SPlanetario` (`idSPlanetario`, `NomeEstrela`, `Ascencao`, `Declinacao`, `MagnitudeAparente`, `Distancia`, `TipoEspectro`, `Massa`, `Temperatura`, `Idade`, `NPlanetas`, `Constelacao_idConstelacao`, `Galaxia_idGalaxia`) VALUES (81, 'HD 13908', '02h 18m 15.0s', '+65° 35 40', 7.51, 232, 'F8V', 1.29, 6255, 2.9, 2, 17, 118);
INSERT INTO `basedadosespaco`.`SPlanetario` (`idSPlanetario`, `NomeEstrela`, `Ascencao`, `Declinacao`, `MagnitudeAparente`, `Distancia`, `TipoEspectro`, `Massa`, `Temperatura`, `Idade`, `NPlanetas`, `Constelacao_idConstelacao`, `Galaxia_idGalaxia`) VALUES (82, '24 Sextantis', '10h 23m 28.37s', '00° 54 08.1', 6.44, 253, 'G5III', 1545, 5098, 2697, 2, 38, 113);
INSERT INTO `basedadosespaco`.`SPlanetario` (`idSPlanetario`, `NomeEstrela`, `Ascencao`, `Declinacao`, `MagnitudeAparente`, `Distancia`, `TipoEspectro`, `Massa`, `Temperatura`, `Idade`, `NPlanetas`, `Constelacao_idConstelacao`, `Galaxia_idGalaxia`) VALUES (83, 'HD 4203', '00h 44m 41.0s', '+20° 26 56', 8.68, 253, 'G5', 1.13, 5701, 9.41, 2, 83, 65);
INSERT INTO `basedadosespaco`.`SPlanetario` (`idSPlanetario`, `NomeEstrela`, `Ascencao`, `Declinacao`, `MagnitudeAparente`, `Distancia`, `TipoEspectro`, `Massa`, `Temperatura`, `Idade`, `NPlanetas`, `Constelacao_idConstelacao`, `Galaxia_idGalaxia`) VALUES (84, 'HAT-P-17', '21h 38m 08.73s', '+30° 29 19.4', 10.54, 295, 'K0V', 0.857, 5246, 7751, 2, 63, 144);
INSERT INTO `basedadosespaco`.`SPlanetario` (`idSPlanetario`, `NomeEstrela`, `Ascencao`, `Declinacao`, `MagnitudeAparente`, `Distancia`, `TipoEspectro`, `Massa`, `Temperatura`, `Idade`, `NPlanetas`, `Constelacao_idConstelacao`, `Galaxia_idGalaxia`) VALUES (85, 'HD 73526', '08h 37m 16.48s', '41° 19 08.8', 9.00, 328, 'G6V', 1.02, 5470, 5589, 2, 29, 199);
INSERT INTO `basedadosespaco`.`SPlanetario` (`idSPlanetario`, `NomeEstrela`, `Ascencao`, `Declinacao`, `MagnitudeAparente`, `Distancia`, `TipoEspectro`, `Massa`, `Temperatura`, `Idade`, `NPlanetas`, `Constelacao_idConstelacao`, `Galaxia_idGalaxia`) VALUES (86, 'HD 16031', '02h 34m 11s', '12° 23 03', 9.76, 362, 'F2V', 0.83, 6040, 12.8, 2, 49, 120);
INSERT INTO `basedadosespaco`.`SPlanetario` (`idSPlanetario`, `NomeEstrela`, `Ascencao`, `Declinacao`, `MagnitudeAparente`, `Distancia`, `TipoEspectro`, `Massa`, `Temperatura`, `Idade`, `NPlanetas`, `Constelacao_idConstelacao`, `Galaxia_idGalaxia`) VALUES (87, 'HD 47536', '06h 37m 47.62s', '32° 20 23.0', 5.26, 402, 'K1III', 0.944, 4379, 9328, 2, 37, 154);
INSERT INTO `basedadosespaco`.`SPlanetario` (`idSPlanetario`, `NomeEstrela`, `Ascencao`, `Declinacao`, `MagnitudeAparente`, `Distancia`, `TipoEspectro`, `Massa`, `Temperatura`, `Idade`, `NPlanetas`, `Constelacao_idConstelacao`, `Galaxia_idGalaxia`) VALUES (88, 'Kepler-68', '19h 24m 07.76s', '+49° 02 25.0', 8588, 440, 'G', 1079, 5793, 6.3, 3, 20, 108);
INSERT INTO `basedadosespaco`.`SPlanetario` (`idSPlanetario`, `NomeEstrela`, `Ascencao`, `Declinacao`, `MagnitudeAparente`, `Distancia`, `TipoEspectro`, `Massa`, `Temperatura`, `Idade`, `NPlanetas`, `Constelacao_idConstelacao`, `Galaxia_idGalaxia`) VALUES (89, 'COROT-7', '06h 43m 49.47s', '01° 03 46.9', 11.73, 489, 'K0V', 0.93, 5275, 1.5, 2, 48, 99);
INSERT INTO `basedadosespaco`.`SPlanetario` (`idSPlanetario`, `NomeEstrela`, `Ascencao`, `Declinacao`, `MagnitudeAparente`, `Distancia`, `TipoEspectro`, `Massa`, `Temperatura`, `Idade`, `NPlanetas`, `Constelacao_idConstelacao`, `Galaxia_idGalaxia`) VALUES (90, 'Kepler-186', '19h 54m 36.6s', '+43° 57 18', 14, 500, 'M1V', 0.54, 4048, NULL, 5, 59, 190);
INSERT INTO `basedadosespaco`.`SPlanetario` (`idSPlanetario`, `NomeEstrela`, `Ascencao`, `Declinacao`, `MagnitudeAparente`, `Distancia`, `TipoEspectro`, `Massa`, `Temperatura`, `Idade`, `NPlanetas`, `Constelacao_idConstelacao`, `Galaxia_idGalaxia`) VALUES (91, 'Kepler-10', '19h 02m 33.06s', '+50° 14 28.7', 10.96, 564, 'G5V', 0.895, 5627, 11876, 2, 39, 125);
INSERT INTO `basedadosespaco`.`SPlanetario` (`idSPlanetario`, `NomeEstrela`, `Ascencao`, `Declinacao`, `MagnitudeAparente`, `Distancia`, `TipoEspectro`, `Massa`, `Temperatura`, `Idade`, `NPlanetas`, `Constelacao_idConstelacao`, `Galaxia_idGalaxia`) VALUES (92, 'HAT-P-13', '08h 39m 31.81s', '+47° 21 07.3', 10.62, 698, 'G4', 1.22, 5638, 5, 2, 78, 192);
INSERT INTO `basedadosespaco`.`SPlanetario` (`idSPlanetario`, `NomeEstrela`, `Ascencao`, `Declinacao`, `MagnitudeAparente`, `Distancia`, `TipoEspectro`, `Massa`, `Temperatura`, `Idade`, `NPlanetas`, `Constelacao_idConstelacao`, `Galaxia_idGalaxia`) VALUES (93, 'HD 102272', '11h 46m 23.54s', '+14° 07 26.3', 8.71, 796, 'K2III', 1886, 4908, 1527, 2, 73, 130);
INSERT INTO `basedadosespaco`.`SPlanetario` (`idSPlanetario`, `NomeEstrela`, `Ascencao`, `Declinacao`, `MagnitudeAparente`, `Distancia`, `TipoEspectro`, `Massa`, `Temperatura`, `Idade`, `NPlanetas`, `Constelacao_idConstelacao`, `Galaxia_idGalaxia`) VALUES (94, 'Kepler-20', '19h 10m 47.524s', '42° 20 19.30', 12.51, 950, 'G8', 0.912, 5466, 8.8, 5, 68, 152);
INSERT INTO `basedadosespaco`.`SPlanetario` (`idSPlanetario`, `NomeEstrela`, `Ascencao`, `Declinacao`, `MagnitudeAparente`, `Distancia`, `TipoEspectro`, `Massa`, `Temperatura`, `Idade`, `NPlanetas`, `Constelacao_idConstelacao`, `Galaxia_idGalaxia`) VALUES (95, 'PSR B1257+12', '13h 00m 03.58s', '+12° 40 56.5', 24.31, 980, 'pulsar', 1444, 28856, 0.797, 3, 23, 9);
INSERT INTO `basedadosespaco`.`SPlanetario` (`idSPlanetario`, `NomeEstrela`, `Ascencao`, `Declinacao`, `MagnitudeAparente`, `Distancia`, `TipoEspectro`, `Massa`, `Temperatura`, `Idade`, `NPlanetas`, `Constelacao_idConstelacao`, `Galaxia_idGalaxia`) VALUES (96, 'Kepler-80', '19h 44m 27.0s', '+39° 58 44', 15.0, 1100, 'NULL', NULL, 4250, NULL, 4, 13, 84);
INSERT INTO `basedadosespaco`.`SPlanetario` (`idSPlanetario`, `NomeEstrela`, `Ascencao`, `Declinacao`, `MagnitudeAparente`, `Distancia`, `TipoEspectro`, `Massa`, `Temperatura`, `Idade`, `NPlanetas`, `Constelacao_idConstelacao`, `Galaxia_idGalaxia`) VALUES (97, 'Kepler-62', '18h 52m 51.0s', '+45° 20 60', 13.75, 1200, 'K2V', 0.69, 4869, NULL, 5, 8, 80);
INSERT INTO `basedadosespaco`.`SPlanetario` (`idSPlanetario`, `NomeEstrela`, `Ascencao`, `Declinacao`, `MagnitudeAparente`, `Distancia`, `TipoEspectro`, `Massa`, `Temperatura`, `Idade`, `NPlanetas`, `Constelacao_idConstelacao`, `Galaxia_idGalaxia`) VALUES (98, 'Kepler-88', '19h 24m 36s', '+40° 40 10', 11454, 1255, 'G', 1022, 5513, 2.45, 2, 22, 185);
INSERT INTO `basedadosespaco`.`SPlanetario` (`idSPlanetario`, `NomeEstrela`, `Ascencao`, `Declinacao`, `MagnitudeAparente`, `Distancia`, `TipoEspectro`, `Massa`, `Temperatura`, `Idade`, `NPlanetas`, `Constelacao_idConstelacao`, `Galaxia_idGalaxia`) VALUES (99, 'Kepler-32', '19h 51m 22.0s', '+46° 34 27', 16, 1301.1, 'M1V', 0.58, 3900, NULL, 5, 86, 153);
INSERT INTO `basedadosespaco`.`SPlanetario` (`idSPlanetario`, `NomeEstrela`, `Ascencao`, `Declinacao`, `MagnitudeAparente`, `Distancia`, `TipoEspectro`, `Massa`, `Temperatura`, `Idade`, `NPlanetas`, `Constelacao_idConstelacao`, `Galaxia_idGalaxia`) VALUES (100, 'Kepler-36', '19h 25m 00.04s', '+49° 13 54.58', 11866, 1530, 'G1V', 1.07, 5911, NULL, 2, 65, 71);
INSERT INTO `basedadosespaco`.`SPlanetario` (`idSPlanetario`, `NomeEstrela`, `Ascencao`, `Declinacao`, `MagnitudeAparente`, `Distancia`, `TipoEspectro`, `Massa`, `Temperatura`, `Idade`, `NPlanetas`, `Constelacao_idConstelacao`, `Galaxia_idGalaxia`) VALUES (101, 'NN Serpentis', '15h 52m 56.13s', '+12° 54 44.7', 16.67, 1593, 'WD+M', 0.646, 18858, 10153, 2, 22, 18);
INSERT INTO `basedadosespaco`.`SPlanetario` (`idSPlanetario`, `NomeEstrela`, `Ascencao`, `Declinacao`, `MagnitudeAparente`, `Distancia`, `TipoEspectro`, `Massa`, `Temperatura`, `Idade`, `NPlanetas`, `Constelacao_idConstelacao`, `Galaxia_idGalaxia`) VALUES (102, 'Kepler-11', '19h 48m 27.62s', '+41° 54 32.9', 13.69, 1999, 'G4V', 0.954, 5681, 7834, 6, 6, 50);
INSERT INTO `basedadosespaco`.`SPlanetario` (`idSPlanetario`, `NomeEstrela`, `Ascencao`, `Declinacao`, `MagnitudeAparente`, `Distancia`, `TipoEspectro`, `Massa`, `Temperatura`, `Idade`, `NPlanetas`, `Constelacao_idConstelacao`, `Galaxia_idGalaxia`) VALUES (103, 'Kepler-90', '18h 57m 44.0s', '+49° 18 19', 14.0, 2500, NULL, 1.13, 5930, NULL, 7, 44, 44);
INSERT INTO `basedadosespaco`.`SPlanetario` (`idSPlanetario`, `NomeEstrela`, `Ascencao`, `Declinacao`, `MagnitudeAparente`, `Distancia`, `TipoEspectro`, `Massa`, `Temperatura`, `Idade`, `NPlanetas`, `Constelacao_idConstelacao`, `Galaxia_idGalaxia`) VALUES (104, 'Kepler-23', '19h 36m 52.54s', '+49° 28 45.21', 13438, 2600, NULL, 1.11, 5760, NULL, 3, 73, 11);
INSERT INTO `basedadosespaco`.`SPlanetario` (`idSPlanetario`, `NomeEstrela`, `Ascencao`, `Declinacao`, `MagnitudeAparente`, `Distancia`, `TipoEspectro`, `Massa`, `Temperatura`, `Idade`, `NPlanetas`, `Constelacao_idConstelacao`, `Galaxia_idGalaxia`) VALUES (105, 'Kepler-9', '19h 02m 17.76s', '+38° 24 03.2', 13.91, 2754, 'G2V', 0.998, 5722, 3008, 3, 75, 54);
INSERT INTO `basedadosespaco`.`SPlanetario` (`idSPlanetario`, `NomeEstrela`, `Ascencao`, `Declinacao`, `MagnitudeAparente`, `Distancia`, `TipoEspectro`, `Massa`, `Temperatura`, `Idade`, `NPlanetas`, `Constelacao_idConstelacao`, `Galaxia_idGalaxia`) VALUES (106, 'Kepler-46', '19h 17m 04.449s', '+42° 36 15.03', 15262, 2800, NULL, 0.9, 5155, 9.9, 3, 10, 71);
INSERT INTO `basedadosespaco`.`SPlanetario` (`idSPlanetario`, `NomeEstrela`, `Ascencao`, `Declinacao`, `MagnitudeAparente`, `Distancia`, `TipoEspectro`, `Massa`, `Temperatura`, `Idade`, `NPlanetas`, `Constelacao_idConstelacao`, `Galaxia_idGalaxia`) VALUES (107, 'Kepler-70', '19h 45m 25s', '41° 05 34', 14.87, 3849, 'sdB', 0.496, 27730, 0.018, 2, 18, 93);
INSERT INTO `basedadosespaco`.`SPlanetario` (`idSPlanetario`, `NomeEstrela`, `Ascencao`, `Declinacao`, `MagnitudeAparente`, `Distancia`, `TipoEspectro`, `Massa`, `Temperatura`, `Idade`, `NPlanetas`, `Constelacao_idConstelacao`, `Galaxia_idGalaxia`) VALUES (108, 'Kepler-24', '19h 21m 39.18s', '+38° 20 37.51', 14925, 3910, NULL, 1.03, 5800, NULL, 4, 43, 118);
INSERT INTO `basedadosespaco`.`SPlanetario` (`idSPlanetario`, `NomeEstrela`, `Ascencao`, `Declinacao`, `MagnitudeAparente`, `Distancia`, `TipoEspectro`, `Massa`, `Temperatura`, `Idade`, `NPlanetas`, `Constelacao_idConstelacao`, `Galaxia_idGalaxia`) VALUES (109, 'Kepler-29', '19h 53m 23.60s', '+47° 29 28.41', 15282, 4560, NULL, 1, 5750, NULL, 2, 1, 84);
INSERT INTO `basedadosespaco`.`SPlanetario` (`idSPlanetario`, `NomeEstrela`, `Ascencao`, `Declinacao`, `MagnitudeAparente`, `Distancia`, `TipoEspectro`, `Massa`, `Temperatura`, `Idade`, `NPlanetas`, `Constelacao_idConstelacao`, `Galaxia_idGalaxia`) VALUES (110, 'Kepler-30', '19h 01m 08.07s', '+38° 56 50.21', 15403, 4560, NULL, 0.99, 5498, NULL, 3, 61, 76);
INSERT INTO `basedadosespaco`.`SPlanetario` (`idSPlanetario`, `NomeEstrela`, `Ascencao`, `Declinacao`, `MagnitudeAparente`, `Distancia`, `TipoEspectro`, `Massa`, `Temperatura`, `Idade`, `NPlanetas`, `Constelacao_idConstelacao`, `Galaxia_idGalaxia`) VALUES (111, 'OGLE-2006-BLG-109L', '17h 52m 35.22s', '30° 05 15.7', 19.87, 4850, 'M1V', 0.513, 3998, 6315, 2, 33, 77);
INSERT INTO `basedadosespaco`.`SPlanetario` (`idSPlanetario`, `NomeEstrela`, `Ascencao`, `Declinacao`, `MagnitudeAparente`, `Distancia`, `TipoEspectro`, `Massa`, `Temperatura`, `Idade`, `NPlanetas`, `Constelacao_idConstelacao`, `Galaxia_idGalaxia`) VALUES (112, 'Kepler-47', '19h 41m 11.5s', '+46° 55 13.69', 15178, 4900, 'G', NULL, 5636, NULL, 3, 79, 188);
INSERT INTO `basedadosespaco`.`SPlanetario` (`idSPlanetario`, `NomeEstrela`, `Ascencao`, `Declinacao`, `MagnitudeAparente`, `Distancia`, `TipoEspectro`, `Massa`, `Temperatura`, `Idade`, `NPlanetas`, `Constelacao_idConstelacao`, `Galaxia_idGalaxia`) VALUES (113, 'Kepler-31', '19h 36m 05.52s', '+45° 51 11.09', 15237, 6850, NULL, 1.21, 6340, NULL, 3, 33, 50);
INSERT INTO `basedadosespaco`.`SPlanetario` (`idSPlanetario`, `NomeEstrela`, `Ascencao`, `Declinacao`, `MagnitudeAparente`, `Distancia`, `TipoEspectro`, `Massa`, `Temperatura`, `Idade`, `NPlanetas`, `Constelacao_idConstelacao`, `Galaxia_idGalaxia`) VALUES (114, 'Kepler-19', '19h 21m 41s', '+37° 51 06', 15178, 6910, NULL, 0.936, 5541, 1.9, 2, 18, 43);
INSERT INTO `basedadosespaco`.`SPlanetario` (`idSPlanetario`, `NomeEstrela`, `Ascencao`, `Declinacao`, `MagnitudeAparente`, `Distancia`, `TipoEspectro`, `Massa`, `Temperatura`, `Idade`, `NPlanetas`, `Constelacao_idConstelacao`, `Galaxia_idGalaxia`) VALUES (115, 'OGLE-2012-BLG-0026L', '17h 34m 19s', '27° 08 34', NULL, 13300, 'G5 V', 0.82, NULL, NULL, 2, 22, 119);
INSERT INTO `basedadosespaco`.`SPlanetario` (`idSPlanetario`, `NomeEstrela`, `Ascencao`, `Declinacao`, `MagnitudeAparente`, `Distancia`, `TipoEspectro`, `Massa`, `Temperatura`, `Idade`, `NPlanetas`, `Constelacao_idConstelacao`, `Galaxia_idGalaxia`) VALUES (116, 'Kepler-33', '19h 16m 18.61s', '+46° 00 18.8', 13988, NULL, 'G1IV', 1164, 5849, 4.27, 5, 7, 110);
INSERT INTO `basedadosespaco`.`SPlanetario` (`idSPlanetario`, `NomeEstrela`, `Ascencao`, `Declinacao`, `MagnitudeAparente`, `Distancia`, `TipoEspectro`, `Massa`, `Temperatura`, `Idade`, `NPlanetas`, `Constelacao_idConstelacao`, `Galaxia_idGalaxia`) VALUES (117, 'Kepler-89', '19h 49m 20s', '+41° 53 28', 12.4, NULL, NULL, 1.25, 6116, 3.9, 4, 87, 161);
INSERT INTO `basedadosespaco`.`SPlanetario` (`idSPlanetario`, `NomeEstrela`, `Ascencao`, `Declinacao`, `MagnitudeAparente`, `Distancia`, `TipoEspectro`, `Massa`, `Temperatura`, `Idade`, `NPlanetas`, `Constelacao_idConstelacao`, `Galaxia_idGalaxia`) VALUES (118, 'Kepler-18', '19h 52m 19.06s', '+44° 44 46.76', 13549, NULL, NULL, 0.97, 5345, 10, 3, 75, 109);
INSERT INTO `basedadosespaco`.`SPlanetario` (`idSPlanetario`, `NomeEstrela`, `Ascencao`, `Declinacao`, `MagnitudeAparente`, `Distancia`, `TipoEspectro`, `Massa`, `Temperatura`, `Idade`, `NPlanetas`, `Constelacao_idConstelacao`, `Galaxia_idGalaxia`) VALUES (119, 'Kepler-25', '19h 06m 33.22s', '+39° 29 16.41', 10734, NULL, NULL, 1.22, 6190, NULL, 3, 38, 52);
INSERT INTO `basedadosespaco`.`SPlanetario` (`idSPlanetario`, `NomeEstrela`, `Ascencao`, `Declinacao`, `MagnitudeAparente`, `Distancia`, `TipoEspectro`, `Massa`, `Temperatura`, `Idade`, `NPlanetas`, `Constelacao_idConstelacao`, `Galaxia_idGalaxia`) VALUES (120, 'Kepler-26', '18h 45m 59.84s', '+46° 33 59.54', 15473, NULL, NULL, 0.65, 4500, NULL, 4, 32, 149);
INSERT INTO `basedadosespaco`.`SPlanetario` (`idSPlanetario`, `NomeEstrela`, `Ascencao`, `Declinacao`, `MagnitudeAparente`, `Distancia`, `TipoEspectro`, `Massa`, `Temperatura`, `Idade`, `NPlanetas`, `Constelacao_idConstelacao`, `Galaxia_idGalaxia`) VALUES (121, 'Kepler-27', '19h 28m 56.82s', '+41° 05 9.15', 15855, NULL, NULL, 0.65, 5400, NULL, 2, 76, 9);
INSERT INTO `basedadosespaco`.`SPlanetario` (`idSPlanetario`, `NomeEstrela`, `Ascencao`, `Declinacao`, `MagnitudeAparente`, `Distancia`, `TipoEspectro`, `Massa`, `Temperatura`, `Idade`, `NPlanetas`, `Constelacao_idConstelacao`, `Galaxia_idGalaxia`) VALUES (122, 'Kepler-28', '19h 28m 32.89s', '+42° 25 45.91', 15036, NULL, NULL, 0.75, 4590, NULL, 2, 65, 24);
INSERT INTO `basedadosespaco`.`SPlanetario` (`idSPlanetario`, `NomeEstrela`, `Ascencao`, `Declinacao`, `MagnitudeAparente`, `Distancia`, `TipoEspectro`, `Massa`, `Temperatura`, `Idade`, `NPlanetas`, `Constelacao_idConstelacao`, `Galaxia_idGalaxia`) VALUES (123, 'Kepler-48', '19h 56m 33.41s', '+40° 56 56.47', 13.04, NULL, NULL, 0.89, 5190, NULL, 4, 54, 174);
INSERT INTO `basedadosespaco`.`SPlanetario` (`idSPlanetario`, `NomeEstrela`, `Ascencao`, `Declinacao`, `MagnitudeAparente`, `Distancia`, `TipoEspectro`, `Massa`, `Temperatura`, `Idade`, `NPlanetas`, `Constelacao_idConstelacao`, `Galaxia_idGalaxia`) VALUES (124, 'Kepler-49', '19h 29m 10.7s', '+40° 35 30.48', 15264, NULL, NULL, 0.55, 3974, NULL, 4, 77, 62);
INSERT INTO `basedadosespaco`.`SPlanetario` (`idSPlanetario`, `NomeEstrela`, `Ascencao`, `Declinacao`, `MagnitudeAparente`, `Distancia`, `TipoEspectro`, `Massa`, `Temperatura`, `Idade`, `NPlanetas`, `Constelacao_idConstelacao`, `Galaxia_idGalaxia`) VALUES (125, 'Kepler-50', '19h 12m 24.21s', '+50° 02 01.38', 10421, NULL, NULL, 1.23, 6058, NULL, 2, 75, 57);
INSERT INTO `basedadosespaco`.`SPlanetario` (`idSPlanetario`, `NomeEstrela`, `Ascencao`, `Declinacao`, `MagnitudeAparente`, `Distancia`, `TipoEspectro`, `Massa`, `Temperatura`, `Idade`, `NPlanetas`, `Constelacao_idConstelacao`, `Galaxia_idGalaxia`) VALUES (126, 'Kepler-51', '19h 45m 55.14s', '+49° 56 15.66', 14669, NULL, NULL, 1.04, 6018, NULL, 3, 16, 118);
INSERT INTO `basedadosespaco`.`SPlanetario` (`idSPlanetario`, `NomeEstrela`, `Ascencao`, `Declinacao`, `MagnitudeAparente`, `Distancia`, `TipoEspectro`, `Massa`, `Temperatura`, `Idade`, `NPlanetas`, `Constelacao_idConstelacao`, `Galaxia_idGalaxia`) VALUES (127, 'Kepler-52', '19h 06m 57.13s', '+49° 58 32.70', 15095, NULL, NULL, 0.54, 4075, NULL, 3, 44, 131);
INSERT INTO `basedadosespaco`.`SPlanetario` (`idSPlanetario`, `NomeEstrela`, `Ascencao`, `Declinacao`, `MagnitudeAparente`, `Distancia`, `TipoEspectro`, `Massa`, `Temperatura`, `Idade`, `NPlanetas`, `Constelacao_idConstelacao`, `Galaxia_idGalaxia`) VALUES (128, 'Kepler-53', '19h 21m 50.82s', '+40° 33 44.86', 15386, NULL, NULL, 0.98, 5858, NULL, 3, 33, 5);
INSERT INTO `basedadosespaco`.`SPlanetario` (`idSPlanetario`, `NomeEstrela`, `Ascencao`, `Declinacao`, `MagnitudeAparente`, `Distancia`, `TipoEspectro`, `Massa`, `Temperatura`, `Idade`, `NPlanetas`, `Constelacao_idConstelacao`, `Galaxia_idGalaxia`) VALUES (129, 'Kepler-54', '19h 39m 05.74s', '+43° 03 22.65', 15847, NULL, NULL, 0.51, 3705, NULL, 3, 19, 147);
INSERT INTO `basedadosespaco`.`SPlanetario` (`idSPlanetario`, `NomeEstrela`, `Ascencao`, `Declinacao`, `MagnitudeAparente`, `Distancia`, `TipoEspectro`, `Massa`, `Temperatura`, `Idade`, `NPlanetas`, `Constelacao_idConstelacao`, `Galaxia_idGalaxia`) VALUES (130, 'Kepler-55', '19h 00m 40.40s', '+44° 01 35.28', 15791, NULL, 'K6', 0.62, 4362, NULL, 5, 78, 158);
INSERT INTO `basedadosespaco`.`SPlanetario` (`idSPlanetario`, `NomeEstrela`, `Ascencao`, `Declinacao`, `MagnitudeAparente`, `Distancia`, `TipoEspectro`, `Massa`, `Temperatura`, `Idade`, `NPlanetas`, `Constelacao_idConstelacao`, `Galaxia_idGalaxia`) VALUES (131, 'Kepler-56', '19h 35m 02.01s', '+41° 52 18.72', 12440, NULL, NULL, 1.37, 4931, NULL, 2, 88, 27);
INSERT INTO `basedadosespaco`.`SPlanetario` (`idSPlanetario`, `NomeEstrela`, `Ascencao`, `Declinacao`, `MagnitudeAparente`, `Distancia`, `TipoEspectro`, `Massa`, `Temperatura`, `Idade`, `NPlanetas`, `Constelacao_idConstelacao`, `Galaxia_idGalaxia`) VALUES (132, 'Kepler-57', '19h 34m 33.91s', '+44° 39 25.34', 14809, NULL, NULL, 0.83, 5145, NULL, 2, 87, 186);
INSERT INTO `basedadosespaco`.`SPlanetario` (`idSPlanetario`, `NomeEstrela`, `Ascencao`, `Declinacao`, `MagnitudeAparente`, `Distancia`, `TipoEspectro`, `Massa`, `Temperatura`, `Idade`, `NPlanetas`, `Constelacao_idConstelacao`, `Galaxia_idGalaxia`) VALUES (133, 'Kepler-58', '19h 45m 26.07s', '+39° 06 54.69', 14820, NULL, NULL, 0.95, 5843, NULL, 3, 15, 143);
INSERT INTO `basedadosespaco`.`SPlanetario` (`idSPlanetario`, `NomeEstrela`, `Ascencao`, `Declinacao`, `MagnitudeAparente`, `Distancia`, `TipoEspectro`, `Massa`, `Temperatura`, `Idade`, `NPlanetas`, `Constelacao_idConstelacao`, `Galaxia_idGalaxia`) VALUES (134, 'Kepler-59', '19h 08m 09.48s', '+46° 38 24.46', 14307, NULL, NULL, 1.04, 6074, NULL, 2, 14, 119);
INSERT INTO `basedadosespaco`.`SPlanetario` (`idSPlanetario`, `NomeEstrela`, `Ascencao`, `Declinacao`, `MagnitudeAparente`, `Distancia`, `TipoEspectro`, `Massa`, `Temperatura`, `Idade`, `NPlanetas`, `Constelacao_idConstelacao`, `Galaxia_idGalaxia`) VALUES (135, 'Kepler-60', '19h 15m 50.70s', '+42° 15 54.04', 13959, NULL, NULL, 1.11, 5915, NULL, 3, 53, 13);
INSERT INTO `basedadosespaco`.`SPlanetario` (`idSPlanetario`, `NomeEstrela`, `Ascencao`, `Declinacao`, `MagnitudeAparente`, `Distancia`, `TipoEspectro`, `Massa`, `Temperatura`, `Idade`, `NPlanetas`, `Constelacao_idConstelacao`, `Galaxia_idGalaxia`) VALUES (136, 'Kepler-65', '19h 14m 45.29s', '+41° 09 04.22', 11018, 804, NULL, 1.25, 6211, NULL, 3, 25, 82);
INSERT INTO `basedadosespaco`.`SPlanetario` (`idSPlanetario`, `NomeEstrela`, `Ascencao`, `Declinacao`, `MagnitudeAparente`, `Distancia`, `TipoEspectro`, `Massa`, `Temperatura`, `Idade`, `NPlanetas`, `Constelacao_idConstelacao`, `Galaxia_idGalaxia`) VALUES (137, 'Kepler-79', '20h 02m 04.11s', '+44° 22 53.69', 13914, NULL, NULL, 1.1, 6187, NULL, 4, 48, 6);
INSERT INTO `basedadosespaco`.`SPlanetario` (`idSPlanetario`, `NomeEstrela`, `Ascencao`, `Declinacao`, `MagnitudeAparente`, `Distancia`, `TipoEspectro`, `Massa`, `Temperatura`, `Idade`, `NPlanetas`, `Constelacao_idConstelacao`, `Galaxia_idGalaxia`) VALUES (138, 'Kepler-81', '19h 34m 32.87s', '+42° 49 29.89', 15019, NULL, NULL, 0.64, 4500, NULL, 3, 10, 117);
INSERT INTO `basedadosespaco`.`SPlanetario` (`idSPlanetario`, `NomeEstrela`, `Ascencao`, `Declinacao`, `MagnitudeAparente`, `Distancia`, `TipoEspectro`, `Massa`, `Temperatura`, `Idade`, `NPlanetas`, `Constelacao_idConstelacao`, `Galaxia_idGalaxia`) VALUES (139, 'Kepler-82', '19h 31m 29.61s', '+42° 57 58.09', 15158, NULL, NULL, 0.85, 5512, NULL, 4, 41, 174);
INSERT INTO `basedadosespaco`.`SPlanetario` (`idSPlanetario`, `NomeEstrela`, `Ascencao`, `Declinacao`, `MagnitudeAparente`, `Distancia`, `TipoEspectro`, `Massa`, `Temperatura`, `Idade`, `NPlanetas`, `Constelacao_idConstelacao`, `Galaxia_idGalaxia`) VALUES (140, 'Kepler-83', '18h 48m 55.80s', '+43° 39 56.26', 15777, NULL, NULL, 0.66, 4648, NULL, 3, 65, 145);
INSERT INTO `basedadosespaco`.`SPlanetario` (`idSPlanetario`, `NomeEstrela`, `Ascencao`, `Declinacao`, `MagnitudeAparente`, `Distancia`, `TipoEspectro`, `Massa`, `Temperatura`, `Idade`, `NPlanetas`, `Constelacao_idConstelacao`, `Galaxia_idGalaxia`) VALUES (141, 'Kepler-84', '19h 53m 00.49s', '+40° 29 45.87', 14764, NULL, 'G3', 1, 5755, NULL, 5, 24, 174);
INSERT INTO `basedadosespaco`.`SPlanetario` (`idSPlanetario`, `NomeEstrela`, `Ascencao`, `Declinacao`, `MagnitudeAparente`, `Distancia`, `TipoEspectro`, `Massa`, `Temperatura`, `Idade`, `NPlanetas`, `Constelacao_idConstelacao`, `Galaxia_idGalaxia`) VALUES (142, 'Kepler-85', '19h 23m 53.62s', '+45° 17 25.14', 14779, NULL, NULL, 0.92, 5497, NULL, 4, 21, 177);
INSERT INTO `basedadosespaco`.`SPlanetario` (`idSPlanetario`, `NomeEstrela`, `Ascencao`, `Declinacao`, `MagnitudeAparente`, `Distancia`, `TipoEspectro`, `Massa`, `Temperatura`, `Idade`, `NPlanetas`, `Constelacao_idConstelacao`, `Galaxia_idGalaxia`) VALUES (143, 'Kepler-87', '19h 51m 40.05s', '+46° 57 54.47', 14600, NULL, NULL, 1.1, 5600, NULL, 2, 53, 188);
INSERT INTO `basedadosespaco`.`SPlanetario` (`idSPlanetario`, `NomeEstrela`, `Ascencao`, `Declinacao`, `MagnitudeAparente`, `Distancia`, `TipoEspectro`, `Massa`, `Temperatura`, `Idade`, `NPlanetas`, `Constelacao_idConstelacao`, `Galaxia_idGalaxia`) VALUES (144, 'Kepler-92', '19h 16m 20.65s', '+41° 33 46.6', 10403, NULL, NULL, 1.21, 5883, NULL, 2, 55, 16);
INSERT INTO `basedadosespaco`.`SPlanetario` (`idSPlanetario`, `NomeEstrela`, `Ascencao`, `Declinacao`, `MagnitudeAparente`, `Distancia`, `TipoEspectro`, `Massa`, `Temperatura`, `Idade`, `NPlanetas`, `Constelacao_idConstelacao`, `Galaxia_idGalaxia`) VALUES (145, 'Kepler-93', '19h 25m 40.39s', '+38° 40 20.48', 9931, NULL, 'G5V', 0.91, 5669, NULL, 2, 14, 164);
INSERT INTO `basedadosespaco`.`SPlanetario` (`idSPlanetario`, `NomeEstrela`, `Ascencao`, `Declinacao`, `MagnitudeAparente`, `Distancia`, `TipoEspectro`, `Massa`, `Temperatura`, `Idade`, `NPlanetas`, `Constelacao_idConstelacao`, `Galaxia_idGalaxia`) VALUES (146, 'Kepler-94', '18h 44m 46.74s', '+47° 29 49.73', 12895, NULL, NULL, 0.81, 4781, NULL, 2, 33, 129);
INSERT INTO `basedadosespaco`.`SPlanetario` (`idSPlanetario`, `NomeEstrela`, `Ascencao`, `Declinacao`, `MagnitudeAparente`, `Distancia`, `TipoEspectro`, `Massa`, `Temperatura`, `Idade`, `NPlanetas`, `Constelacao_idConstelacao`, `Galaxia_idGalaxia`) VALUES (147, 'Kepler-97', '19h 09m 18.39s', '+48° 40 24.35', 12872, NULL, NULL, 0.94, 5779, NULL, 2, 47, 171);
INSERT INTO `basedadosespaco`.`SPlanetario` (`idSPlanetario`, `NomeEstrela`, `Ascencao`, `Declinacao`, `MagnitudeAparente`, `Distancia`, `TipoEspectro`, `Massa`, `Temperatura`, `Idade`, `NPlanetas`, `Constelacao_idConstelacao`, `Galaxia_idGalaxia`) VALUES (148, 'Kepler-100', '19h 25m 32.64s', '+41° 59 24.98', 11197, NULL, NULL, 1.08, 5825, NULL, 3, 4, 19);
INSERT INTO `basedadosespaco`.`SPlanetario` (`idSPlanetario`, `NomeEstrela`, `Ascencao`, `Declinacao`, `MagnitudeAparente`, `Distancia`, `TipoEspectro`, `Massa`, `Temperatura`, `Idade`, `NPlanetas`, `Constelacao_idConstelacao`, `Galaxia_idGalaxia`) VALUES (149, 'Kepler-101', '18h 53m 01.32s', '+48° 21 18.82', 13.77, NULL, NULL, 1.12, 5570, NULL, 2, 40, 9);
INSERT INTO `basedadosespaco`.`SPlanetario` (`idSPlanetario`, `NomeEstrela`, `Ascencao`, `Declinacao`, `MagnitudeAparente`, `Distancia`, `TipoEspectro`, `Massa`, `Temperatura`, `Idade`, `NPlanetas`, `Constelacao_idConstelacao`, `Galaxia_idGalaxia`) VALUES (150, 'Kepler-102', '18h 45m 55.86s', '+47° 12 28.91', 11492, NULL, NULL, 0.8, 4903, NULL, 5, 59, 19);
INSERT INTO `basedadosespaco`.`SPlanetario` (`idSPlanetario`, `NomeEstrela`, `Ascencao`, `Declinacao`, `MagnitudeAparente`, `Distancia`, `TipoEspectro`, `Massa`, `Temperatura`, `Idade`, `NPlanetas`, `Constelacao_idConstelacao`, `Galaxia_idGalaxia`) VALUES (151, 'Kepler-103', '19h 15m 56.29s', '+40° 03 52.28', 12287, NULL, NULL, 1.09, 5845, NULL, 2, 23, 39);
INSERT INTO `basedadosespaco`.`SPlanetario` (`idSPlanetario`, `NomeEstrela`, `Ascencao`, `Declinacao`, `MagnitudeAparente`, `Distancia`, `TipoEspectro`, `Massa`, `Temperatura`, `Idade`, `NPlanetas`, `Constelacao_idConstelacao`, `Galaxia_idGalaxia`) VALUES (152, 'Kepler-106', '20h 03m 27.36s', '+44° 20 15.20', 12882, NULL, NULL, 1, 5858, NULL, 4, 36, 147);
INSERT INTO `basedadosespaco`.`SPlanetario` (`idSPlanetario`, `NomeEstrela`, `Ascencao`, `Declinacao`, `MagnitudeAparente`, `Distancia`, `TipoEspectro`, `Massa`, `Temperatura`, `Idade`, `NPlanetas`, `Constelacao_idConstelacao`, `Galaxia_idGalaxia`) VALUES (153, 'Kepler-109', '19h 21m 34.26s', '+40° 17 5.55', 12365, NULL, NULL, 1.04, 5952, NULL, 2, 44, 38);
INSERT INTO `basedadosespaco`.`SPlanetario` (`idSPlanetario`, `NomeEstrela`, `Ascencao`, `Declinacao`, `MagnitudeAparente`, `Distancia`, `TipoEspectro`, `Massa`, `Temperatura`, `Idade`, `NPlanetas`, `Constelacao_idConstelacao`, `Galaxia_idGalaxia`) VALUES (154, 'Kepler-113', '19h 11m 59.49s', '+50° 56 39.60', 13461, NULL, NULL, 0.75, 4725, NULL, 2, 62, 136);
INSERT INTO `basedadosespaco`.`SPlanetario` (`idSPlanetario`, `NomeEstrela`, `Ascencao`, `Declinacao`, `MagnitudeAparente`, `Distancia`, `TipoEspectro`, `Massa`, `Temperatura`, `Idade`, `NPlanetas`, `Constelacao_idConstelacao`, `Galaxia_idGalaxia`) VALUES (155, 'Kepler-114', '19h 36m 29.14s', '+48° 20 58.3', 11366, NULL, NULL, 0.56, 4619, NULL, 3, 68, 19);
INSERT INTO `basedadosespaco`.`SPlanetario` (`idSPlanetario`, `NomeEstrela`, `Ascencao`, `Declinacao`, `MagnitudeAparente`, `Distancia`, `TipoEspectro`, `Massa`, `Temperatura`, `Idade`, `NPlanetas`, `Constelacao_idConstelacao`, `Galaxia_idGalaxia`) VALUES (156, 'Kepler-122', '19h 24m 26.9s', '+39° 56 57', 12826, NULL, NULL, 0.99, 6050, NULL, 5, 57, 174);
INSERT INTO `basedadosespaco`.`SPlanetario` (`idSPlanetario`, `NomeEstrela`, `Ascencao`, `Declinacao`, `MagnitudeAparente`, `Distancia`, `TipoEspectro`, `Massa`, `Temperatura`, `Idade`, `NPlanetas`, `Constelacao_idConstelacao`, `Galaxia_idGalaxia`) VALUES (157, 'Kepler-128', '18h 49m 58.13s', '+43° 58 48.8', 10109, NULL, NULL, 1.18, 6090, NULL, 2, 16, 102);
INSERT INTO `basedadosespaco`.`SPlanetario` (`idSPlanetario`, `NomeEstrela`, `Ascencao`, `Declinacao`, `MagnitudeAparente`, `Distancia`, `TipoEspectro`, `Massa`, `Temperatura`, `Idade`, `NPlanetas`, `Constelacao_idConstelacao`, `Galaxia_idGalaxia`) VALUES (158, 'Kepler-131', '19h 14m 7.4s', '+40° 56 32.29', 11525, NULL, NULL, 1.02, 5685, NULL, 2, 30, 57);
INSERT INTO `basedadosespaco`.`SPlanetario` (`idSPlanetario`, `NomeEstrela`, `Ascencao`, `Declinacao`, `MagnitudeAparente`, `Distancia`, `TipoEspectro`, `Massa`, `Temperatura`, `Idade`, `NPlanetas`, `Constelacao_idConstelacao`, `Galaxia_idGalaxia`) VALUES (159, 'Kepler-138', '19h 21m 32.0s', '+43° 17 35', 13.5, NULL, 'M1V', 0.57, 3871, NULL, 3, 55, 77);
INSERT INTO `basedadosespaco`.`SPlanetario` (`idSPlanetario`, `NomeEstrela`, `Ascencao`, `Declinacao`, `MagnitudeAparente`, `Distancia`, `TipoEspectro`, `Massa`, `Temperatura`, `Idade`, `NPlanetas`, `Constelacao_idConstelacao`, `Galaxia_idGalaxia`) VALUES (160, 'Kepler-145', '19h 25m 33.0s', '+44° 31 45', 11.9, NULL, NULL, 1.26, 6207, NULL, 2, 61, 109);
INSERT INTO `basedadosespaco`.`SPlanetario` (`idSPlanetario`, `NomeEstrela`, `Ascencao`, `Declinacao`, `MagnitudeAparente`, `Distancia`, `TipoEspectro`, `Massa`, `Temperatura`, `Idade`, `NPlanetas`, `Constelacao_idConstelacao`, `Galaxia_idGalaxia`) VALUES (161, 'Kepler-169', '19h 03m 59.97s', '+40° 55 09.6', 12186, NULL, 'K2', NULL, 4997, NULL, 5, 68, 152);
INSERT INTO `basedadosespaco`.`SPlanetario` (`idSPlanetario`, `NomeEstrela`, `Ascencao`, `Declinacao`, `MagnitudeAparente`, `Distancia`, `TipoEspectro`, `Massa`, `Temperatura`, `Idade`, `NPlanetas`, `Constelacao_idConstelacao`, `Galaxia_idGalaxia`) VALUES (162, 'Kepler-177', '19h 04m 11.0s', '+45° 03 12', 15, NULL, NULL, 0.93, 5942, NULL, 2, 34, 103);
INSERT INTO `basedadosespaco`.`SPlanetario` (`idSPlanetario`, `NomeEstrela`, `Ascencao`, `Declinacao`, `MagnitudeAparente`, `Distancia`, `TipoEspectro`, `Massa`, `Temperatura`, `Idade`, `NPlanetas`, `Constelacao_idConstelacao`, `Galaxia_idGalaxia`) VALUES (163, 'Kepler-238', '19h 11m 35s', '+40° 38 16', 15084, NULL, 'G5', 1.43, 5614, NULL, 5, 33, 189);
INSERT INTO `basedadosespaco`.`SPlanetario` (`idSPlanetario`, `NomeEstrela`, `Ascencao`, `Declinacao`, `MagnitudeAparente`, `Distancia`, `TipoEspectro`, `Massa`, `Temperatura`, `Idade`, `NPlanetas`, `Constelacao_idConstelacao`, `Galaxia_idGalaxia`) VALUES (164, 'Kepler-276', '19h 34m 16s', '+39° 02 11', 15368, NULL, NULL, 0.96, 5812, NULL, 3, 2, 2);
INSERT INTO `basedadosespaco`.`SPlanetario` (`idSPlanetario`, `NomeEstrela`, `Ascencao`, `Declinacao`, `MagnitudeAparente`, `Distancia`, `TipoEspectro`, `Massa`, `Temperatura`, `Idade`, `NPlanetas`, `Constelacao_idConstelacao`, `Galaxia_idGalaxia`) VALUES (165, 'Kepler-277', '19h 06m 19.96s', '+39° 04 37.95', 13420, NULL, NULL, 1.12, 5946, NULL, 2, 7, 3);
INSERT INTO `basedadosespaco`.`SPlanetario` (`idSPlanetario`, `NomeEstrela`, `Ascencao`, `Declinacao`, `MagnitudeAparente`, `Distancia`, `TipoEspectro`, `Massa`, `Temperatura`, `Idade`, `NPlanetas`, `Constelacao_idConstelacao`, `Galaxia_idGalaxia`) VALUES (166, 'Kepler-279', '19h 09m 33.90s', '+42° 11 41.41', 13659, NULL, NULL, 1.1, 6562, NULL, 3, 74, 9);
INSERT INTO `basedadosespaco`.`SPlanetario` (`idSPlanetario`, `NomeEstrela`, `Ascencao`, `Declinacao`, `MagnitudeAparente`, `Distancia`, `TipoEspectro`, `Massa`, `Temperatura`, `Idade`, `NPlanetas`, `Constelacao_idConstelacao`, `Galaxia_idGalaxia`) VALUES (167, 'Kepler-305', '19h 56m 53.83s', '+40° 20 35.46', 15812, NULL, NULL, 0.76, 4918, NULL, 3, 63, 57);
INSERT INTO `basedadosespaco`.`SPlanetario` (`idSPlanetario`, `NomeEstrela`, `Ascencao`, `Declinacao`, `MagnitudeAparente`, `Distancia`, `TipoEspectro`, `Massa`, `Temperatura`, `Idade`, `NPlanetas`, `Constelacao_idConstelacao`, `Galaxia_idGalaxia`) VALUES (168, 'Kepler-307', '19h 51m 10.83s', '+40° 25 03.73', 14072, NULL, NULL, 0.98, 5445, NULL, 2, 5, 74);
INSERT INTO `basedadosespaco`.`SPlanetario` (`idSPlanetario`, `NomeEstrela`, `Ascencao`, `Declinacao`, `MagnitudeAparente`, `Distancia`, `TipoEspectro`, `Massa`, `Temperatura`, `Idade`, `NPlanetas`, `Constelacao_idConstelacao`, `Galaxia_idGalaxia`) VALUES (169, 'Kepler-328', '19h 43m 14.23s', '+40° 00 30.61', 15674, NULL, NULL, 1.15, 5914, NULL, 2, 83, 109);
INSERT INTO `basedadosespaco`.`SPlanetario` (`idSPlanetario`, `NomeEstrela`, `Ascencao`, `Declinacao`, `MagnitudeAparente`, `Distancia`, `TipoEspectro`, `Massa`, `Temperatura`, `Idade`, `NPlanetas`, `Constelacao_idConstelacao`, `Galaxia_idGalaxia`) VALUES (170, 'Kepler-350', '19h 01m 40.71s', '+39° 42 21.99', 13781, NULL, NULL, 1, 6215, NULL, 3, 33, 174);
INSERT INTO `basedadosespaco`.`SPlanetario` (`idSPlanetario`, `NomeEstrela`, `Ascencao`, `Declinacao`, `MagnitudeAparente`, `Distancia`, `TipoEspectro`, `Massa`, `Temperatura`, `Idade`, `NPlanetas`, `Constelacao_idConstelacao`, `Galaxia_idGalaxia`) VALUES (171, 'Kepler-396', '19h 44m 31.87s', '+48° 58 38.65', 11921, NULL, NULL, 0.85, 5384, NULL, 2, 73, 47);
INSERT INTO `basedadosespaco`.`SPlanetario` (`idSPlanetario`, `NomeEstrela`, `Ascencao`, `Declinacao`, `MagnitudeAparente`, `Distancia`, `TipoEspectro`, `Massa`, `Temperatura`, `Idade`, `NPlanetas`, `Constelacao_idConstelacao`, `Galaxia_idGalaxia`) VALUES (172, 'Kepler-406', '19h 27m 23.53s', '+44° 58 05.61', 12520, NULL, NULL, 1.07, 5538, NULL, 2, 33, 122);
INSERT INTO `basedadosespaco`.`SPlanetario` (`idSPlanetario`, `NomeEstrela`, `Ascencao`, `Declinacao`, `MagnitudeAparente`, `Distancia`, `TipoEspectro`, `Massa`, `Temperatura`, `Idade`, `NPlanetas`, `Constelacao_idConstelacao`, `Galaxia_idGalaxia`) VALUES (173, 'HD 192310', '08h 2m 35.81s', '+43° 17 35', 10.20, 15, NULL, NULL, 4370, NULL, NULL, 28, 140);
INSERT INTO `basedadosespaco`.`SPlanetario` (`idSPlanetario`, `NomeEstrela`, `Ascencao`, `Declinacao`, `MagnitudeAparente`, `Distancia`, `TipoEspectro`, `Massa`, `Temperatura`, `Idade`, `NPlanetas`, `Constelacao_idConstelacao`, `Galaxia_idGalaxia`) VALUES (174, 'Epsilon Eridani', '15h 41m 49.57s', '+39° 02 11', 4.74, 28, NULL, NULL, 5792, NULL, NULL, 32, 27);
INSERT INTO `basedadosespaco`.`SPlanetario` (`idSPlanetario`, `NomeEstrela`, `Ascencao`, `Declinacao`, `MagnitudeAparente`, `Distancia`, `TipoEspectro`, `Massa`, `Temperatura`, `Idade`, `NPlanetas`, `Constelacao_idConstelacao`, `Galaxia_idGalaxia`) VALUES (175, 'Groombridge 34', '10h 26m 46.28s', '+40° 00 30.61', 5.10, 47, NULL, NULL, 5273, NULL, NULL, 21, 9);
INSERT INTO `basedadosespaco`.`SPlanetario` (`idSPlanetario`, `NomeEstrela`, `Ascencao`, `Declinacao`, `MagnitudeAparente`, `Distancia`, `TipoEspectro`, `Massa`, `Temperatura`, `Idade`, `NPlanetas`, `Constelacao_idConstelacao`, `Galaxia_idGalaxia`) VALUES (176, 'Tau Ceti', '04h 44m 32s', '+07° 43 20.2', 9.10, 52, NULL, NULL, 4040, NULL, NULL, 68, 40);
INSERT INTO `basedadosespaco`.`SPlanetario` (`idSPlanetario`, `NomeEstrela`, `Ascencao`, `Declinacao`, `MagnitudeAparente`, `Distancia`, `TipoEspectro`, `Massa`, `Temperatura`, `Idade`, `NPlanetas`, `Constelacao_idConstelacao`, `Galaxia_idGalaxia`) VALUES (177, 'Kapteyns star', '19h 21m 39.18s', '+41° 24 19.7', 7.57, 65, NULL, NULL, 5629, NULL, NULL, 44, 27);
INSERT INTO `basedadosespaco`.`SPlanetario` (`idSPlanetario`, `NomeEstrela`, `Ascencao`, `Declinacao`, `MagnitudeAparente`, `Distancia`, `TipoEspectro`, `Massa`, `Temperatura`, `Idade`, `NPlanetas`, `Constelacao_idConstelacao`, `Galaxia_idGalaxia`) VALUES (178, 'Gliese 687', '19h 30m 05.74s', '+51° 38 13.116', 4.46, 83, NULL, NULL, 5637, NULL, NULL, 57, 66);
INSERT INTO `basedadosespaco`.`SPlanetario` (`idSPlanetario`, `NomeEstrela`, `Ascencao`, `Declinacao`, `MagnitudeAparente`, `Distancia`, `TipoEspectro`, `Massa`, `Temperatura`, `Idade`, `NPlanetas`, `Constelacao_idConstelacao`, `Galaxia_idGalaxia`) VALUES (179, 'Gliese 674', '19h 5m 50.70s', '+22° 17 45.8', 8.38, 107, NULL, NULL, 4900, NULL, NULL, 22, 40);
INSERT INTO `basedadosespaco`.`SPlanetario` (`idSPlanetario`, `NomeEstrela`, `Ascencao`, `Declinacao`, `MagnitudeAparente`, `Distancia`, `TipoEspectro`, `Massa`, `Temperatura`, `Idade`, `NPlanetas`, `Constelacao_idConstelacao`, `Galaxia_idGalaxia`) VALUES (180, 'Gliese 832', '18h 50m 55.86s', '_53° 44 38', 7.94, 114, NULL, NULL, 5469, NULL, NULL, 46, 195);
INSERT INTO `basedadosespaco`.`SPlanetario` (`idSPlanetario`, `NomeEstrela`, `Ascencao`, `Declinacao`, `MagnitudeAparente`, `Distancia`, `TipoEspectro`, `Massa`, `Temperatura`, `Idade`, `NPlanetas`, `Constelacao_idConstelacao`, `Galaxia_idGalaxia`) VALUES (181, 'HD 192310', '19h 40m 26.9s', '+20° 43 50.8', 8.17, 124, NULL, NULL, 28857, NULL, NULL, 38, 73);
INSERT INTO `basedadosespaco`.`SPlanetario` (`idSPlanetario`, `NomeEstrela`, `Ascencao`, `Declinacao`, `MagnitudeAparente`, `Distancia`, `TipoEspectro`, `Massa`, `Temperatura`, `Idade`, `NPlanetas`, `Constelacao_idConstelacao`, `Galaxia_idGalaxia`) VALUES (182, 'Gliese 433', '11h 57m 54s', '+29° 49 00.7', 6.63, 129, NULL, NULL, 6113, NULL, NULL, 77, 186);
INSERT INTO `basedadosespaco`.`SPlanetario` (`idSPlanetario`, `NomeEstrela`, `Ascencao`, `Declinacao`, `MagnitudeAparente`, `Distancia`, `TipoEspectro`, `Massa`, `Temperatura`, `Idade`, `NPlanetas`, `Constelacao_idConstelacao`, `Galaxia_idGalaxia`) VALUES (183, 'Gliese 849', '07h 35m 41.3s', '+01° 10 06.7', 7.83, 140, NULL, NULL, 5143, NULL, NULL, 54, 17);
INSERT INTO `basedadosespaco`.`SPlanetario` (`idSPlanetario`, `NomeEstrela`, `Ascencao`, `Declinacao`, `MagnitudeAparente`, `Distancia`, `TipoEspectro`, `Massa`, `Temperatura`, `Idade`, `NPlanetas`, `Constelacao_idConstelacao`, `Galaxia_idGalaxia`) VALUES (184, 'HD 102365', '01h 56m 02.05s', '+22° 27 11.4', 8.33, 177, NULL, NULL, 5852, NULL, NULL, 38, 179);
INSERT INTO `basedadosespaco`.`SPlanetario` (`idSPlanetario`, `NomeEstrela`, `Ascencao`, `Declinacao`, `MagnitudeAparente`, `Distancia`, `TipoEspectro`, `Massa`, `Temperatura`, `Idade`, `NPlanetas`, `Constelacao_idConstelacao`, `Galaxia_idGalaxia`) VALUES (185, 'Gliese 176', '19h 36m 58.11s', '+56° 09 43', 6.49, 210, NULL, NULL, 6210, NULL, NULL, 37, 41);
INSERT INTO `basedadosespaco`.`SPlanetario` (`idSPlanetario`, `NomeEstrela`, `Ascencao`, `Declinacao`, `MagnitudeAparente`, `Distancia`, `TipoEspectro`, `Massa`, `Temperatura`, `Idade`, `NPlanetas`, `Constelacao_idConstelacao`, `Galaxia_idGalaxia`) VALUES (186, 'Gliese 436', '17h 23m 59.53s', '+08° 21 30.0', 6.44, 295, NULL, NULL, 4502, NULL, NULL, 86, 194);
INSERT INTO `basedadosespaco`.`SPlanetario` (`idSPlanetario`, `NomeEstrela`, `Ascencao`, `Declinacao`, `MagnitudeAparente`, `Distancia`, `TipoEspectro`, `Massa`, `Temperatura`, `Idade`, `NPlanetas`, `Constelacao_idConstelacao`, `Galaxia_idGalaxia`) VALUES (187, 'Gliese 649', '18h 11m 15.72s', '+04° 34 41.2', 8.71, 440, NULL, NULL, 5515, NULL, NULL, 5, 123);
INSERT INTO `basedadosespaco`.`SPlanetario` (`idSPlanetario`, `NomeEstrela`, `Ascencao`, `Declinacao`, `MagnitudeAparente`, `Distancia`, `TipoEspectro`, `Massa`, `Temperatura`, `Idade`, `NPlanetas`, `Constelacao_idConstelacao`, `Galaxia_idGalaxia`) VALUES (188, 'Pollux', '12h 18m 15.0s', '+41° 19 08.8', 11866, 1301, NULL, NULL, 4644, NULL, NULL, 43, 83);
INSERT INTO `basedadosespaco`.`SPlanetario` (`idSPlanetario`, `NomeEstrela`, `Ascencao`, `Declinacao`, `MagnitudeAparente`, `Distancia`, `TipoEspectro`, `Massa`, `Temperatura`, `Idade`, `NPlanetas`, `Constelacao_idConstelacao`, `Galaxia_idGalaxia`) VALUES (189, 'Gliese 86', '19h 59m 10.7s', '+01° 03 46.9', 15282, 2754, NULL, NULL, 5754, NULL, NULL, 40, 112);
INSERT INTO `basedadosespaco`.`SPlanetario` (`idSPlanetario`, `NomeEstrela`, `Ascencao`, `Declinacao`, `MagnitudeAparente`, `Distancia`, `TipoEspectro`, `Massa`, `Temperatura`, `Idade`, `NPlanetas`, `Constelacao_idConstelacao`, `Galaxia_idGalaxia`) VALUES (190, 'HIP 57050', '19h 36m 53.83s', '+40° 40 10', 15473, 6910, NULL, NULL, 5493, NULL, NULL, 20, 9);
INSERT INTO `basedadosespaco`.`SPlanetario` (`idSPlanetario`, `NomeEstrela`, `Ascencao`, `Declinacao`, `MagnitudeAparente`, `Distancia`, `TipoEspectro`, `Massa`, `Temperatura`, `Idade`, `NPlanetas`, `Constelacao_idConstelacao`, `Galaxia_idGalaxia`) VALUES (191, '54 Piscium', '01h 16m 02.05s', '+38° 24 03.2', 12440, 13300, NULL, NULL, 5602, NULL, NULL, 65, 47);
INSERT INTO `basedadosespaco`.`SPlanetario` (`idSPlanetario`, `NomeEstrela`, `Ascencao`, `Declinacao`, `MagnitudeAparente`, `Distancia`, `TipoEspectro`, `Massa`, `Temperatura`, `Idade`, `NPlanetas`, `Constelacao_idConstelacao`, `Galaxia_idGalaxia`) VALUES (192, 'HD 85512', '18h 24m 07.76s', '+41° 05 9.15', 12872, NULL, NULL, NULL, 5663, NULL, NULL, 34, 169);
INSERT INTO `basedadosespaco`.`SPlanetario` (`idSPlanetario`, `NomeEstrela`, `Ascencao`, `Declinacao`, `MagnitudeAparente`, `Distancia`, `TipoEspectro`, `Massa`, `Temperatura`, `Idade`, `NPlanetas`, `Constelacao_idConstelacao`, `Galaxia_idGalaxia`) VALUES (193, 'Gliese 179', '18h 37m 44.0s', '+43° 03 22.65', 13461, NULL, NULL, NULL, 4789, NULL, NULL, 42, 95);
INSERT INTO `basedadosespaco`.`SPlanetario` (`idSPlanetario`, `NomeEstrela`, `Ascencao`, `Declinacao`, `MagnitudeAparente`, `Distancia`, `TipoEspectro`, `Massa`, `Temperatura`, `Idade`, `NPlanetas`, `Constelacao_idConstelacao`, `Galaxia_idGalaxia`) VALUES (194, 'HD 147513', '19h 32m 24.21s', '+46° 38 24.46', 11.9, NULL, NULL, NULL, 5774, NULL, NULL, 60, 92);
INSERT INTO `basedadosespaco`.`SPlanetario` (`idSPlanetario`, `NomeEstrela`, `Ascencao`, `Declinacao`, `MagnitudeAparente`, `Distancia`, `TipoEspectro`, `Massa`, `Temperatura`, `Idade`, `NPlanetas`, `Constelacao_idConstelacao`, `Galaxia_idGalaxia`) VALUES (195, 'GJ 1214', '19h 56m 29.14s', '+42° 57 58.09', 13659, NULL, NULL, NULL, 5829, NULL, NULL, 74, 84);
INSERT INTO `basedadosespaco`.`SPlanetario` (`idSPlanetario`, `NomeEstrela`, `Ascencao`, `Declinacao`, `MagnitudeAparente`, `Distancia`, `TipoEspectro`, `Massa`, `Temperatura`, `Idade`, `NPlanetas`, `Constelacao_idConstelacao`, `Galaxia_idGalaxia`) VALUES (196, 'Gamma Cephei', '18h 03m 59.97s', '+41° 59 24.98', 8.74, NULL, NULL, NULL, 5577, NULL, NULL, 33, 99);
INSERT INTO `basedadosespaco`.`SPlanetario` (`idSPlanetario`, `NomeEstrela`, `Ascencao`, `Declinacao`, `MagnitudeAparente`, `Distancia`, `TipoEspectro`, `Massa`, `Temperatura`, `Idade`, `NPlanetas`, `Constelacao_idConstelacao`, `Galaxia_idGalaxia`) VALUES (197, 'HIP 79431', '15h 43m 14.23s', '+40° 03 52.28', 9.76, NULL, NULL, NULL, 5766, NULL, NULL, 72, 125);
INSERT INTO `basedadosespaco`.`SPlanetario` (`idSPlanetario`, `NomeEstrela`, `Ascencao`, `Declinacao`, `MagnitudeAparente`, `Distancia`, `TipoEspectro`, `Massa`, `Temperatura`, `Idade`, `NPlanetas`, `Constelacao_idConstelacao`, `Galaxia_idGalaxia`) VALUES (198, 'HD 176051', '16h 27m 23.53s', '+39° 56 57', 13438, NULL, NULL, NULL, 5728, NULL, NULL, 40, 160);
INSERT INTO `basedadosespaco`.`SPlanetario` (`idSPlanetario`, `NomeEstrela`, `Ascencao`, `Declinacao`, `MagnitudeAparente`, `Distancia`, `TipoEspectro`, `Massa`, `Temperatura`, `Idade`, `NPlanetas`, `Constelacao_idConstelacao`, `Galaxia_idGalaxia`) VALUES (199, 'Gliese 317', '13h 33m 36.0s', '+51° 50 02.6', 15178, NULL, NULL, NULL, 5152, NULL, NULL, 85, 59);
INSERT INTO `basedadosespaco`.`SPlanetario` (`idSPlanetario`, `NomeEstrela`, `Ascencao`, `Declinacao`, `MagnitudeAparente`, `Distancia`, `TipoEspectro`, `Massa`, `Temperatura`, `Idade`, `NPlanetas`, `Constelacao_idConstelacao`, `Galaxia_idGalaxia`) VALUES (200, 'HD 38858', '14h 10m 47.524s', '+70° 08 37', 12.4, NULL, NULL, NULL, 5803, NULL, NULL, 19, 9);
COMMIT;

-- -----------------------------------------------------
-- Data for table `basedadosespaco`.`Planeta`
-- -----------------------------------------------------
START TRANSACTION;
USE `basedadosespaco`;
INSERT INTO `basedadosespaco`.`Planeta` (`idPlaneta`, `NomePlaneta`, `Massa`, `EixoSemiMaior`, `Periodo`, `Excentricidade`, `Inclinacao`, `Ano`, `SPlanetario_idSPlanetario`) VALUES ( 1, 'Mercury', 0.00017, 0.387, 87.97, 0.205, NULL, NULL, 1);
INSERT INTO `basedadosespaco`.`Planeta` (`idPlaneta`, `NomePlaneta`, `Massa`, `EixoSemiMaior`, `Periodo`, `Excentricidade`, `Inclinacao`, `Ano`, `SPlanetario_idSPlanetario`) VALUES (2, 'Earth', 0.00314, 1.0, 365.26, 0.0167, NULL, NULL, 1);
INSERT INTO `basedadosespaco`.`Planeta` (`idPlaneta`, `NomePlaneta`, `Massa`, `EixoSemiMaior`, `Periodo`, `Excentricidade`, `Inclinacao`, `Ano`, `SPlanetario_idSPlanetario`) VALUES (3, 'Jupiter', 1, 5204, 4332.6, 0.0488, NULL, NULL, 1);
INSERT INTO `basedadosespaco`.`Planeta` (`idPlaneta`, `NomePlaneta`, `Massa`, `EixoSemiMaior`, `Periodo`, `Excentricidade`, `Inclinacao`, `Ano`, `SPlanetario_idSPlanetario`) VALUES (4, 'Alpha Centauri Bb', 0.00355, 0.04185, 3.24, 0, NULL, 2012, 35);
INSERT INTO `basedadosespaco`.`Planeta` (`idPlaneta`, `NomePlaneta`, `Massa`, `EixoSemiMaior`, `Periodo`, `Excentricidade`, `Inclinacao`, `Ano`, `SPlanetario_idSPlanetario`) VALUES (5, 'Epsilon Eridani b', 1.55, 3.38, 5.78, 0.25, 30.1, 2000, 174);
INSERT INTO `basedadosespaco`.`Planeta` (`idPlaneta`, `NomePlaneta`, `Massa`, `EixoSemiMaior`, `Periodo`, `Excentricidade`, `Inclinacao`, `Ano`, `SPlanetario_idSPlanetario`) VALUES (6, 'Epsilon Eridan c', 0.677, 20, 657, NULL, NULL, 2008, 174);
INSERT INTO `basedadosespaco`.`Planeta` (`idPlaneta`, `NomePlaneta`, `Massa`, `EixoSemiMaior`, `Periodo`, `Excentricidade`, `Inclinacao`, `Ano`, `SPlanetario_idSPlanetario`) VALUES (7, 'Epsilon Eridani d', 0.1, 40, 100, 0.3, NULL, 2002, 174);
INSERT INTO `basedadosespaco`.`Planeta` (`idPlaneta`, `NomePlaneta`, `Massa`, `EixoSemiMaior`, `Periodo`, `Excentricidade`, `Inclinacao`, `Ano`, `SPlanetario_idSPlanetario`) VALUES (8, 'Groombridge 34 b', 0.0168, 0.0717, 114433, NULL, NULL, 2014, 175);
INSERT INTO `basedadosespaco`.`Planeta` (`idPlaneta`, `NomePlaneta`, `Massa`, `EixoSemiMaior`, `Periodo`, `Excentricidade`, `Inclinacao`, `Ano`, `SPlanetario_idSPlanetario`) VALUES (9, 'Tau Ceti b', 0.0063, 0.105, 12.7, 0.16, NULL, 2012, 176);
INSERT INTO `basedadosespaco`.`Planeta` (`idPlaneta`, `NomePlaneta`, `Massa`, `EixoSemiMaior`, `Periodo`, `Excentricidade`, `Inclinacao`, `Ano`, `SPlanetario_idSPlanetario`) VALUES (10, 'Tau Ceti c', 0.0098, 0.195, 35.4, 0.03, NULL, 2012, 176);
INSERT INTO `basedadosespaco`.`Planeta` (`idPlaneta`, `NomePlaneta`, `Massa`, `EixoSemiMaior`, `Periodo`, `Excentricidade`, `Inclinacao`, `Ano`, `SPlanetario_idSPlanetario`) VALUES (11, 'Tau Ceti d', 0.0113, 0.374, 94.1, 0.08, NULL, 2012, 176);
INSERT INTO `basedadosespaco`.`Planeta` (`idPlaneta`, `NomePlaneta`, `Massa`, `EixoSemiMaior`, `Periodo`, `Excentricidade`, `Inclinacao`, `Ano`, `SPlanetario_idSPlanetario`) VALUES (12, 'Tau Ceti e', 0.0135, 0.552, 168, 0.05, NULL, 2012, 176);
INSERT INTO `basedadosespaco`.`Planeta` (`idPlaneta`, `NomePlaneta`, `Massa`, `EixoSemiMaior`, `Periodo`, `Excentricidade`, `Inclinacao`, `Ano`, `SPlanetario_idSPlanetario`) VALUES (13, 'Tau Ceti f', 0.0208, 1.35, 642, 0.03, NULL, 2012, 176);
INSERT INTO `basedadosespaco`.`Planeta` (`idPlaneta`, `NomePlaneta`, `Massa`, `EixoSemiMaior`, `Periodo`, `Excentricidade`, `Inclinacao`, `Ano`, `SPlanetario_idSPlanetario`) VALUES (14, 'Kapteyn´s b', 0.015, 0.168, 48.6, 0.21, NULL, 2014, 177);
INSERT INTO `basedadosespaco`.`Planeta` (`idPlaneta`, `NomePlaneta`, `Massa`, `EixoSemiMaior`, `Periodo`, `Excentricidade`, `Inclinacao`, `Ano`, `SPlanetario_idSPlanetario`) VALUES (15, 'Kapteyn´s c', 0.022, 0.311, 122, 0.23, NULL, 2014, 177);
INSERT INTO `basedadosespaco`.`Planeta` (`idPlaneta`, `NomePlaneta`, `Massa`, `EixoSemiMaior`, `Periodo`, `Excentricidade`, `Inclinacao`, `Ano`, `SPlanetario_idSPlanetario`) VALUES (16, 'Gliese 687 b', 0.058, 0.1635, 38.1, 0.04, NULL, 2014, 178);
INSERT INTO `basedadosespaco`.`Planeta` (`idPlaneta`, `NomePlaneta`, `Massa`, `EixoSemiMaior`, `Periodo`, `Excentricidade`, `Inclinacao`, `Ano`, `SPlanetario_idSPlanetario`) VALUES (17, 'Gliese 674 b', 0.0349, 0.0387, 4.69, 0.20, NULL, 2007, 179);
INSERT INTO `basedadosespaco`.`Planeta` (`idPlaneta`, `NomePlaneta`, `Massa`, `EixoSemiMaior`, `Periodo`, `Excentricidade`, `Inclinacao`, `Ano`, `SPlanetario_idSPlanetario`) VALUES (18, 'Gliese 876 b', 0.0215, 0.0208, 1938, 0.21, 50, 2005, 2);
INSERT INTO `basedadosespaco`.`Planeta` (`idPlaneta`, `NomePlaneta`, `Massa`, `EixoSemiMaior`, `Periodo`, `Excentricidade`, `Inclinacao`, `Ano`, `SPlanetario_idSPlanetario`) VALUES (19, 'Gliese 876 c', 0.714, 0.130, 30.1, 0.26, 48.1, 2000, 2);
INSERT INTO `basedadosespaco`.`Planeta` (`idPlaneta`, `NomePlaneta`, `Massa`, `EixoSemiMaior`, `Periodo`, `Excentricidade`, `Inclinacao`, `Ano`, `SPlanetario_idSPlanetario`) VALUES (20, 'Gliese 876 d', 2276, 0.208, 61.1, 0.032, 48.9, 2000, 2);
INSERT INTO `basedadosespaco`.`Planeta` (`idPlaneta`, `NomePlaneta`, `Massa`, `EixoSemiMaior`, `Periodo`, `Excentricidade`, `Inclinacao`, `Ano`, `SPlanetario_idSPlanetario`) VALUES (21, 'Gliese 876 e', 0.046, 0.334, 124, 0.055, 59.5, 2010, 2);
INSERT INTO `basedadosespaco`.`Planeta` (`idPlaneta`, `NomePlaneta`, `Massa`, `EixoSemiMaior`, `Periodo`, `Excentricidade`, `Inclinacao`, `Ano`, `SPlanetario_idSPlanetario`) VALUES (22, 'Gliese 832 c', 0.157, 0.162, 35.7, 0.03, NULL, 2014, 180);
INSERT INTO `basedadosespaco`.`Planeta` (`idPlaneta`, `NomePlaneta`, `Massa`, `EixoSemiMaior`, `Periodo`, `Excentricidade`, `Inclinacao`, `Ano`, `SPlanetario_idSPlanetario`) VALUES (23, 'Gliese 832 b', 0.689, 3.6, 342, 0.08, NULL, 2008, 180);
INSERT INTO `basedadosespaco`.`Planeta` (`idPlaneta`, `NomePlaneta`, `Massa`, `EixoSemiMaior`, `Periodo`, `Excentricidade`, `Inclinacao`, `Ano`, `SPlanetario_idSPlanetario`) VALUES (24, '82 G.Eridani b', 0.0085, 0.1207, 18.3, NULL, NULL, 2011, 3);
INSERT INTO `basedadosespaco`.`Planeta` (`idPlaneta`, `NomePlaneta`, `Massa`, `EixoSemiMaior`, `Periodo`, `Excentricidade`, `Inclinacao`, `Ano`, `SPlanetario_idSPlanetario`) VALUES (25, '82 G.Eridani c', 0.0076, 0.2036, 40.1, NULL, NULL, 2011, 3);
INSERT INTO `basedadosespaco`.`Planeta` (`idPlaneta`, `NomePlaneta`, `Massa`, `EixoSemiMaior`, `Periodo`, `Excentricidade`, `Inclinacao`, `Ano`, `SPlanetario_idSPlanetario`) VALUES (26, '82 G.Eridani d', 0.015, 0.3499, 90.3, NULL, NULL, 2011, 3);
INSERT INTO `basedadosespaco`.`Planeta` (`idPlaneta`, `NomePlaneta`, `Massa`, `EixoSemiMaior`, `Periodo`, `Excentricidade`, `Inclinacao`, `Ano`, `SPlanetario_idSPlanetario`) VALUES (27, 'Gliese 581  e', 0.028, 0.028, 3.15, 0.32, NULL, 2009, 4);
INSERT INTO `basedadosespaco`.`Planeta` (`idPlaneta`, `NomePlaneta`, `Massa`, `EixoSemiMaior`, `Periodo`, `Excentricidade`, `Inclinacao`, `Ano`, `SPlanetario_idSPlanetario`) VALUES (28, 'Gliese 581 f', 0.05, 0.041, 5.37, 0.031, NULL, 2005, 4);
INSERT INTO `basedadosespaco`.`Planeta` (`idPlaneta`, `NomePlaneta`, `Massa`, `EixoSemiMaior`, `Periodo`, `Excentricidade`, `Inclinacao`, `Ano`, `SPlanetario_idSPlanetario`) VALUES (29, 'Gliese 581 g', 0.017, 0.073, 12.9, 0.07, NULL, 2007, 4);
INSERT INTO `basedadosespaco`.`Planeta` (`idPlaneta`, `NomePlaneta`, `Massa`, `EixoSemiMaior`, `Periodo`, `Excentricidade`, `Inclinacao`, `Ano`, `SPlanetario_idSPlanetario`) VALUES (30, 'Gliese 581 g', 0.01, 0.146, 36.7, NULL, NULL, 2010, 4);
INSERT INTO `basedadosespaco`.`Planeta` (`idPlaneta`, `NomePlaneta`, `Massa`, `EixoSemiMaior`, `Periodo`, `Excentricidade`, `Inclinacao`, `Ano`, `SPlanetario_idSPlanetario`) VALUES (31, 'Gliese 581 d', 0.019, 0.22, 66.6, 0.21, NULL, 2007, 4);
INSERT INTO `basedadosespaco`.`Planeta` (`idPlaneta`, `NomePlaneta`, `Massa`, `EixoSemiMaior`, `Periodo`, `Excentricidade`, `Inclinacao`, `Ano`, `SPlanetario_idSPlanetario`) VALUES (32, 'Gliese 581 f', 0.023, 0.758, 430, NULL, NULL, 2010, 4);
INSERT INTO `basedadosespaco`.`Planeta` (`idPlaneta`, `NomePlaneta`, `Massa`, `EixoSemiMaior`, `Periodo`, `Excentricidade`, `Inclinacao`, `Ano`, `SPlanetario_idSPlanetario`) VALUES (33, 'Gliese 667 Cb', 0.0178, 0.050, 7.20, 0.122, NULL, 2009, 5);
INSERT INTO `basedadosespaco`.`Planeta` (`idPlaneta`, `NomePlaneta`, `Massa`, `EixoSemiMaior`, `Periodo`, `Excentricidade`, `Inclinacao`, `Ano`, `SPlanetario_idSPlanetario`) VALUES (34, 'Gliese 667 Ch', 0.0035, 0.0893, 17.0, 0.06, NULL, 2013, 5);
INSERT INTO `basedadosespaco`.`Planeta` (`idPlaneta`, `NomePlaneta`, `Massa`, `EixoSemiMaior`, `Periodo`, `Excentricidade`, `Inclinacao`, `Ano`, `SPlanetario_idSPlanetario`) VALUES (35, 'Gliese 667 Cc', 0.0117, 0.125, 28.1, 0.133, NULL, 2011, 5);
INSERT INTO `basedadosespaco`.`Planeta` (`idPlaneta`, `NomePlaneta`, `Massa`, `EixoSemiMaior`, `Periodo`, `Excentricidade`, `Inclinacao`, `Ano`, `SPlanetario_idSPlanetario`) VALUES (36, 'Gliese 667 Cf', 0.0085, 0.156, 39.0, 0.03, NULL, 2013, 5);
INSERT INTO `basedadosespaco`.`Planeta` (`idPlaneta`, `NomePlaneta`, `Massa`, `EixoSemiMaior`, `Periodo`, `Excentricidade`, `Inclinacao`, `Ano`, `SPlanetario_idSPlanetario`) VALUES (37, 'Gliese 667 Ce', 0.0085, 0.213, 62.2, 0.02, NULL, 2013, 5);
INSERT INTO `basedadosespaco`.`Planeta` (`idPlaneta`, `NomePlaneta`, `Massa`, `EixoSemiMaior`, `Periodo`, `Excentricidade`, `Inclinacao`, `Ano`, `SPlanetario_idSPlanetario`) VALUES (38, 'Gliese 667 Cd', 0.0218, 0.304, 106, 0.68, NULL, 2012, 5);
INSERT INTO `basedadosespaco`.`Planeta` (`idPlaneta`, `NomePlaneta`, `Massa`, `EixoSemiMaior`, `Periodo`, `Excentricidade`, `Inclinacao`, `Ano`, `SPlanetario_idSPlanetario`) VALUES (39, 'Gliese 667 Cg', 0.0145, 0.549, 256, 0.08, NULL, 2013, 5);
INSERT INTO `basedadosespaco`.`Planeta` (`idPlaneta`, `NomePlaneta`, `Massa`, `EixoSemiMaior`, `Periodo`, `Excentricidade`, `Inclinacao`, `Ano`, `SPlanetario_idSPlanetario`) VALUES (40, 'Fomalhaut b', 3.0, 115, 620, 0.11, NULL, 2008, 7);
INSERT INTO `basedadosespaco`.`Planeta` (`idPlaneta`, `NomePlaneta`, `Massa`, `EixoSemiMaior`, `Periodo`, `Excentricidade`, `Inclinacao`, `Ano`, `SPlanetario_idSPlanetario`) VALUES (41, '61 Virginis b', 0.016, 0.0502, 4.22, 0.12, NULL, 2009, 6);
INSERT INTO `basedadosespaco`.`Planeta` (`idPlaneta`, `NomePlaneta`, `Massa`, `EixoSemiMaior`, `Periodo`, `Excentricidade`, `Inclinacao`, `Ano`, `SPlanetario_idSPlanetario`) VALUES (42, '61 Virginis c', 0.0573, 0.2175, 38.0, 0.14, NULL, 2009, 6);
INSERT INTO `basedadosespaco`.`Planeta` (`idPlaneta`, `NomePlaneta`, `Massa`, `EixoSemiMaior`, `Periodo`, `Excentricidade`, `Inclinacao`, `Ano`, `SPlanetario_idSPlanetario`) VALUES (43, '61 Virginis d', 0.072, 0.476, 123, 0.35, NULL, 2009, 6);
INSERT INTO `basedadosespaco`.`Planeta` (`idPlaneta`, `NomePlaneta`, `Massa`, `EixoSemiMaior`, `Periodo`, `Excentricidade`, `Inclinacao`, `Ano`, `SPlanetario_idSPlanetario`) VALUES (44, 'HD 192310 b', 0.053, 0.32, 74.7, 0.13, NULL, 2010, 173);
INSERT INTO `basedadosespaco`.`Planeta` (`idPlaneta`, `NomePlaneta`, `Massa`, `EixoSemiMaior`, `Periodo`, `Excentricidade`, `Inclinacao`, `Ano`, `SPlanetario_idSPlanetario`) VALUES (45, 'HD 192310 c', 0.075, 1.18, 526, 0.32, NULL, 2011, 173);
INSERT INTO `basedadosespaco`.`Planeta` (`idPlaneta`, `NomePlaneta`, `Massa`, `EixoSemiMaior`, `Periodo`, `Excentricidade`, `Inclinacao`, `Ano`, `SPlanetario_idSPlanetario`) VALUES (46, 'Gliese 433 b', 0.0182, 0.058, 7.37, 0.08, NULL, 2009, 182);
INSERT INTO `basedadosespaco`.`Planeta` (`idPlaneta`, `NomePlaneta`, `Massa`, `EixoSemiMaior`, `Periodo`, `Excentricidade`, `Inclinacao`, `Ano`, `SPlanetario_idSPlanetario`) VALUES (47, 'Gliese 433 c', 0.14, 3.6, 3.7, 0.17, NULL, 2012, 182);
INSERT INTO `basedadosespaco`.`Planeta` (`idPlaneta`, `NomePlaneta`, `Massa`, `EixoSemiMaior`, `Periodo`, `Excentricidade`, `Inclinacao`, `Ano`, `SPlanetario_idSPlanetario`) VALUES (48, 'Gliese 849 b', 0.9, 2.35, 1.91, 0.012, NULL, 2006, 183);
INSERT INTO `basedadosespaco`.`Planeta` (`idPlaneta`, `NomePlaneta`, `Massa`, `EixoSemiMaior`, `Periodo`, `Excentricidade`, `Inclinacao`, `Ano`, `SPlanetario_idSPlanetario`) VALUES (49, 'Gliese 849 c', 0.77, 5, 7.05, 0.218, NULL, 2013, 183);
INSERT INTO `basedadosespaco`.`Planeta` (`idPlaneta`, `NomePlaneta`, `Massa`, `EixoSemiMaior`, `Periodo`, `Excentricidade`, `Inclinacao`, `Ano`, `SPlanetario_idSPlanetario`) VALUES (50, 'HD 102365 b', 0.05, 0.46, 122, 0.34, NULL, 2011, 184);
INSERT INTO `basedadosespaco`.`Planeta` (`idPlaneta`, `NomePlaneta`, `Massa`, `EixoSemiMaior`, `Periodo`, `Excentricidade`, `Inclinacao`, `Ano`, `SPlanetario_idSPlanetario`) VALUES (51, 'Gliese 176 b', 0.0265, 0.066, 8.78, NULL, NULL, 2007, 185);
INSERT INTO `basedadosespaco`.`Planeta` (`idPlaneta`, `NomePlaneta`, `Massa`, `EixoSemiMaior`, `Periodo`, `Excentricidade`, `Inclinacao`, `Ano`, `SPlanetario_idSPlanetario`) VALUES (52, 'Gliese 176 c', 0.044, 0.18, 40, NULL, NULL, 2009, 185);
INSERT INTO `basedadosespaco`.`Planeta` (`idPlaneta`, `NomePlaneta`, `Massa`, `EixoSemiMaior`, `Periodo`, `Excentricidade`, `Inclinacao`, `Ano`, `SPlanetario_idSPlanetario`) VALUES (53, 'UCF-1.01', 0.0009, 0.0185, 1.37, NULL, 86.7, 2012, 186);
INSERT INTO `basedadosespaco`.`Planeta` (`idPlaneta`, `NomePlaneta`, `Massa`, `EixoSemiMaior`, `Periodo`, `Excentricidade`, `Inclinacao`, `Ano`, `SPlanetario_idSPlanetario`) VALUES (54, 'Gliese 436 b', 0.0724, 0.0288, 2.64, 0.15, 85.8, 2004, 186);
INSERT INTO `basedadosespaco`.`Planeta` (`idPlaneta`, `NomePlaneta`, `Massa`, `EixoSemiMaior`, `Periodo`, `Excentricidade`, `Inclinacao`, `Ano`, `SPlanetario_idSPlanetario`) VALUES (55, 'UCF-1.02', 0.00085, 0.346, 3.67, NULL, NULL, 2012, 186);
INSERT INTO `basedadosespaco`.`Planeta` (`idPlaneta`, `NomePlaneta`, `Massa`, `EixoSemiMaior`, `Periodo`, `Excentricidade`, `Inclinacao`, `Ano`, `SPlanetario_idSPlanetario`) VALUES (56, 'Gliese 649 c', 0.03, 0.043, 4.48, 0.2, NULL, 2013, 187);
INSERT INTO `basedadosespaco`.`Planeta` (`idPlaneta`, `NomePlaneta`, `Massa`, `EixoSemiMaior`, `Periodo`, `Excentricidade`, `Inclinacao`, `Ano`, `SPlanetario_idSPlanetario`) VALUES (57, 'Gliese 649 b', 0.328, 1135, 598, 0.3, NULL, 2009, 187);
INSERT INTO `basedadosespaco`.`Planeta` (`idPlaneta`, `NomePlaneta`, `Massa`, `EixoSemiMaior`, `Periodo`, `Excentricidade`, `Inclinacao`, `Ano`, `SPlanetario_idSPlanetario`) VALUES (58, 'Pollux b', 2.9, 1.69, 589, 0.02, NULL, 2006, 188);
INSERT INTO `basedadosespaco`.`Planeta` (`idPlaneta`, `NomePlaneta`, `Massa`, `EixoSemiMaior`, `Periodo`, `Excentricidade`, `Inclinacao`, `Ano`, `SPlanetario_idSPlanetario`) VALUES (59, 'Gliese 86 b', 4.0, 0.11, 15.8, 0.046, NULL, 2000, 189);
INSERT INTO `basedadosespaco`.`Planeta` (`idPlaneta`, `NomePlaneta`, `Massa`, `EixoSemiMaior`, `Periodo`, `Excentricidade`, `Inclinacao`, `Ano`, `SPlanetario_idSPlanetario`) VALUES (60, 'HIP 57050 b', 0.298, 0.1635, 41.4, 0.31, NULL, 2010, 190);
INSERT INTO `basedadosespaco`.`Planeta` (`idPlaneta`, `NomePlaneta`, `Massa`, `EixoSemiMaior`, `Periodo`, `Excentricidade`, `Inclinacao`, `Ano`, `SPlanetario_idSPlanetario`) VALUES (61, 'Piscium 54 Ac', 0.09, 0.186, 31.0, 0.04, NULL, 2013, 191);
INSERT INTO `basedadosespaco`.`Planeta` (`idPlaneta`, `NomePlaneta`, `Massa`, `EixoSemiMaior`, `Periodo`, `Excentricidade`, `Inclinacao`, `Ano`, `SPlanetario_idSPlanetario`) VALUES (62, 'Piscium 54 Ab', 0.23, 0.284, 62.2, 0.63, 83, 2003, 191);
INSERT INTO `basedadosespaco`.`Planeta` (`idPlaneta`, `NomePlaneta`, `Massa`, `EixoSemiMaior`, `Periodo`, `Excentricidade`, `Inclinacao`, `Ano`, `SPlanetario_idSPlanetario`) VALUES (63, 'HD 855122 b', 0.011, 0.26, 58.4, 0.11, NULL, 2011, 192);
INSERT INTO `basedadosespaco`.`Planeta` (`idPlaneta`, `NomePlaneta`, `Massa`, `EixoSemiMaior`, `Periodo`, `Excentricidade`, `Inclinacao`, `Ano`, `SPlanetario_idSPlanetario`) VALUES (64, 'Gliese 179 b', 0.82, 2.41, 2.29, 0.21, NULL, 2010,193);
INSERT INTO `basedadosespaco`.`Planeta` (`idPlaneta`, `NomePlaneta`, `Massa`, `EixoSemiMaior`, `Periodo`, `Excentricidade`, `Inclinacao`, `Ano`, `SPlanetario_idSPlanetario`) VALUES (65, '55 Cancri e', 0.0262, 0.0156, 0.737, 0.06, 81, 2004, 7);
INSERT INTO `basedadosespaco`.`Planeta` (`idPlaneta`, `NomePlaneta`, `Massa`, `EixoSemiMaior`, `Periodo`, `Excentricidade`, `Inclinacao`, `Ano`, `SPlanetario_idSPlanetario`) VALUES (66, '55 Cancri b', 0.8, 0.1134, 14.7, 0.016, NULL, 1996, 7);
INSERT INTO `basedadosespaco`.`Planeta` (`idPlaneta`, `NomePlaneta`, `Massa`, `EixoSemiMaior`, `Periodo`, `Excentricidade`, `Inclinacao`, `Ano`, `SPlanetario_idSPlanetario`) VALUES (67, '55 Cancri c', 0.169, 0.240, 44.3, 0.053, NULL, 2002, 7);
INSERT INTO `basedadosespaco`.`Planeta` (`idPlaneta`, `NomePlaneta`, `Massa`, `EixoSemiMaior`, `Periodo`, `Excentricidade`, `Inclinacao`, `Ano`, `SPlanetario_idSPlanetario`) VALUES (68, '55 Cancri f', 0.144, 0.781, 261, 0.0002, NULL, 2007, 7);
INSERT INTO `basedadosespaco`.`Planeta` (`idPlaneta`, `NomePlaneta`, `Massa`, `EixoSemiMaior`, `Periodo`, `Excentricidade`, `Inclinacao`, `Ano`, `SPlanetario_idSPlanetario`) VALUES (69, '55 Cancri d', 4.80, 5.76, 5.2, 0.03, 53, 2002,7);
INSERT INTO `basedadosespaco`.`Planeta` (`idPlaneta`, `NomePlaneta`, `Massa`, `EixoSemiMaior`, `Periodo`, `Excentricidade`, `Inclinacao`, `Ano`, `SPlanetario_idSPlanetario`) VALUES (70, 'HD 69830 b', 0.13, 0.0785, 8.67, 0.1, 13, 2006, 8);
INSERT INTO `basedadosespaco`.`Planeta` (`idPlaneta`, `NomePlaneta`, `Massa`, `EixoSemiMaior`, `Periodo`, `Excentricidade`, `Inclinacao`, `Ano`, `SPlanetario_idSPlanetario`) VALUES (71, 'HD 69830 c', 0.17, 0.186, 31.6, 0.13, 13, 2006, 8);
INSERT INTO `basedadosespaco`.`Planeta` (`idPlaneta`, `NomePlaneta`, `Massa`, `EixoSemiMaior`, `Periodo`, `Excentricidade`, `Inclinacao`, `Ano`, `SPlanetario_idSPlanetario`) VALUES (72, 'HD 69830 d', 0.26, 0.63, 197, 0.07, 13, 2006, 8);
INSERT INTO `basedadosespaco`.`Planeta` (`idPlaneta`, `NomePlaneta`, `Massa`, `EixoSemiMaior`, `Periodo`, `Excentricidade`, `Inclinacao`, `Ano`, `SPlanetario_idSPlanetario`) VALUES (73, 'HD 147513 b', 1.21, 1.32, 528, 0.26, NULL, 2003, 194);
INSERT INTO `basedadosespaco`.`Planeta` (`idPlaneta`, `NomePlaneta`, `Massa`, `EixoSemiMaior`, `Periodo`, `Excentricidade`, `Inclinacao`, `Ano`, `SPlanetario_idSPlanetario`) VALUES (74, 'GJ 1214 b', 0.0203, 0.0143, 1580, 0.27, 88.67, 2009, 195);
INSERT INTO `basedadosespaco`.`Planeta` (`idPlaneta`, `NomePlaneta`, `Massa`, `EixoSemiMaior`, `Periodo`, `Excentricidade`, `Inclinacao`, `Ano`, `SPlanetario_idSPlanetario`) VALUES (75, 'HD 40307 b', 0.0126, 0.0468, 4.31, 0.2, NULL, 2008, 9);
INSERT INTO `basedadosespaco`.`Planeta` (`idPlaneta`, `NomePlaneta`, `Massa`, `EixoSemiMaior`, `Periodo`, `Excentricidade`, `Inclinacao`, `Ano`, `SPlanetario_idSPlanetario`) VALUES (76, 'HD 40307 c', 0.0208, 0.0799, 9.62, 0.06, NULL, 2008, 9);
INSERT INTO `basedadosespaco`.`Planeta` (`idPlaneta`, `NomePlaneta`, `Massa`, `EixoSemiMaior`, `Periodo`, `Excentricidade`, `Inclinacao`, `Ano`, `SPlanetario_idSPlanetario`) VALUES (77, 'HD 40307 d', 0.0299, 0.1321, 20.4, 0.07, NULL, 2008, 9);
INSERT INTO `basedadosespaco`.`Planeta` (`idPlaneta`, `NomePlaneta`, `Massa`, `EixoSemiMaior`, `Periodo`, `Excentricidade`, `Inclinacao`, `Ano`, `SPlanetario_idSPlanetario`) VALUES (78, 'HD 40307 e', 0.011, 0.1886, 34.6, 0.15, NULL, 2012, 9);
INSERT INTO `basedadosespaco`.`Planeta` (`idPlaneta`, `NomePlaneta`, `Massa`, `EixoSemiMaior`, `Periodo`, `Excentricidade`, `Inclinacao`, `Ano`, `SPlanetario_idSPlanetario`) VALUES (79, 'HD 40307 f', 0.0164, 0.247, 51.8, 0.02, NULL, 2012, 9);
INSERT INTO `basedadosespaco`.`Planeta` (`idPlaneta`, `NomePlaneta`, `Massa`, `EixoSemiMaior`, `Periodo`, `Excentricidade`, `Inclinacao`, `Ano`, `SPlanetario_idSPlanetario`) VALUES (80, 'HD 40307 g', 0.0223, 0.6, 198, 0.29, NULL, 2012, 9);
INSERT INTO `basedadosespaco`.`Planeta` (`idPlaneta`, `NomePlaneta`, `Massa`, `EixoSemiMaior`, `Periodo`, `Excentricidade`, `Inclinacao`, `Ano`, `SPlanetario_idSPlanetario`) VALUES (81, 'Upsilon Andromedae b', 0.62, 0.059, 4.62, 0.013, 30, 1996, 10);
INSERT INTO `basedadosespaco`.`Planeta` (`idPlaneta`, `NomePlaneta`, `Massa`, `EixoSemiMaior`, `Periodo`, `Excentricidade`, `Inclinacao`, `Ano`, `SPlanetario_idSPlanetario`) VALUES (82, 'Upsilon Andromedae c', 14, 0.861, 238, 0.24, 8, 1999, 10);
INSERT INTO `basedadosespaco`.`Planeta` (`idPlaneta`, `NomePlaneta`, `Massa`, `EixoSemiMaior`, `Periodo`, `Excentricidade`, `Inclinacao`, `Ano`, `SPlanetario_idSPlanetario`) VALUES (83, 'Upsilon Andromedae d', 10.19, 2.55, 1.3, 0.27, 24, 1999,10);
INSERT INTO `basedadosespaco`.`Planeta` (`idPlaneta`, `NomePlaneta`, `Massa`, `EixoSemiMaior`, `Periodo`, `Excentricidade`, `Inclinacao`, `Ano`, `SPlanetario_idSPlanetario`) VALUES (84, 'Upsilon Andromedae e', 1.059, 5.25, 3.85, 0.0054, NULL, 2010,10);
INSERT INTO `basedadosespaco`.`Planeta` (`idPlaneta`, `NomePlaneta`, `Massa`, `EixoSemiMaior`, `Periodo`, `Excentricidade`, `Inclinacao`, `Ano`, `SPlanetario_idSPlanetario`) VALUES (85, '47 Ursae Majoris b', 2.53, 2.1, 1.078, 0.032, NULL, 1996,11);
INSERT INTO `basedadosespaco`.`Planeta` (`idPlaneta`, `NomePlaneta`, `Massa`, `EixoSemiMaior`, `Periodo`, `Excentricidade`, `Inclinacao`, `Ano`, `SPlanetario_idSPlanetario`) VALUES (86, '47 Ursae Majoris c', 0.54, 3.6, 2.39, 0.098, NULL, 2001,11);
INSERT INTO `basedadosespaco`.`Planeta` (`idPlaneta`, `NomePlaneta`, `Massa`, `EixoSemiMaior`, `Periodo`, `Excentricidade`, `Inclinacao`, `Ano`, `SPlanetario_idSPlanetario`) VALUES (87, '47 Ursae Majoris d', 1.64, 11.6, 14, 0.16, NULL, 2010, 11);
INSERT INTO `basedadosespaco`.`Planeta` (`idPlaneta`, `NomePlaneta`, `Massa`, `EixoSemiMaior`, `Periodo`, `Excentricidade`, `Inclinacao`, `Ano`, `SPlanetario_idSPlanetario`) VALUES (88, 'Gamma Cephei Ab', 1.85, 2.05, 903, 0.049, 5.7, 2003, 196);
INSERT INTO `basedadosespaco`.`Planeta` (`idPlaneta`, `NomePlaneta`, `Massa`, `EixoSemiMaior`, `Periodo`, `Excentricidade`, `Inclinacao`, `Ano`, `SPlanetario_idSPlanetario`) VALUES (89, 'HIP 79431 b', 2.1, 0.36, 112, 0.29, NULL, 2010, 197);
INSERT INTO `basedadosespaco`.`Planeta` (`idPlaneta`, `NomePlaneta`, `Massa`, `EixoSemiMaior`, `Periodo`, `Excentricidade`, `Inclinacao`, `Ano`, `SPlanetario_idSPlanetario`) VALUES (90, 'Nu2 Lupi b', 0.0166, 0.0933, 11.6, 0.18, NULL, 2011, 12);
INSERT INTO `basedadosespaco`.`Planeta` (`idPlaneta`, `NomePlaneta`, `Massa`, `EixoSemiMaior`, `Periodo`, `Excentricidade`, `Inclinacao`, `Ano`, `SPlanetario_idSPlanetario`) VALUES (91, 'Nu2 Lupi c', 0.0358, 0.1665, 27.6, 0.16, NULL, 2011, 12);
INSERT INTO `basedadosespaco`.`Planeta` (`idPlaneta`, `NomePlaneta`, `Massa`, `EixoSemiMaior`, `Periodo`, `Excentricidade`, `Inclinacao`, `Ano`, `SPlanetario_idSPlanetario`) VALUES (92, 'Nu2 Lupi d', 0.03, 0.411, 107, 0.43, NULL, 2011, 12);
INSERT INTO `basedadosespaco`.`Planeta` (`idPlaneta`, `NomePlaneta`, `Massa`, `EixoSemiMaior`, `Periodo`, `Excentricidade`, `Inclinacao`, `Ano`, `SPlanetario_idSPlanetario`) VALUES (93, 'Gliese 163 b', 0.0334, 0.0607, 8.63, 0.0106, NULL, 2012, 13);
INSERT INTO `basedadosespaco`.`Planeta` (`idPlaneta`, `NomePlaneta`, `Massa`, `EixoSemiMaior`, `Periodo`, `Excentricidade`, `Inclinacao`, `Ano`, `SPlanetario_idSPlanetario`) VALUES (94, 'Gliese 163 e', 0.012, 0.10, 19.5, 0.32, NULL, 2013, 13);
INSERT INTO `basedadosespaco`.`Planeta` (`idPlaneta`, `NomePlaneta`, `Massa`, `EixoSemiMaior`, `Periodo`, `Excentricidade`, `Inclinacao`, `Ano`, `SPlanetario_idSPlanetario`) VALUES (95, 'Gliese 163 c', 0.0228, 0.1254, 25.6, 0.094, NULL, 2013, 13);
INSERT INTO `basedadosespaco`.`Planeta` (`idPlaneta`, `NomePlaneta`, `Massa`, `EixoSemiMaior`, `Periodo`, `Excentricidade`, `Inclinacao`, `Ano`, `SPlanetario_idSPlanetario`) VALUES (96, 'Gliese 163 f', 0.023, 0.33, 108, 0.41, NULL, 2013, 13);
INSERT INTO `basedadosespaco`.`Planeta` (`idPlaneta`, `NomePlaneta`, `Massa`, `EixoSemiMaior`, `Periodo`, `Excentricidade`, `Inclinacao`, `Ano`, `SPlanetario_idSPlanetario`) VALUES (97, 'Gliese 163 d', 0.0695, 1027, 601, 0.40, NULL, 2012, 13);
INSERT INTO `basedadosespaco`.`Planeta` (`idPlaneta`, `NomePlaneta`, `Massa`, `EixoSemiMaior`, `Periodo`, `Excentricidade`, `Inclinacao`, `Ano`, `SPlanetario_idSPlanetario`) VALUES (98, 'HD 176051 Bb', 1.5, 1.76, 1.02, NULL, NULL, 2010,198);
INSERT INTO `basedadosespaco`.`Planeta` (`idPlaneta`, `NomePlaneta`, `Massa`, `EixoSemiMaior`, `Periodo`, `Excentricidade`, `Inclinacao`, `Ano`, `SPlanetario_idSPlanetario`) VALUES (99, 'Gliese 317 b', 1.8, 1.15, 692, 0.11, 25, 2007, 199);
INSERT INTO `basedadosespaco`.`Planeta` (`idPlaneta`, `NomePlaneta`, `Massa`, `EixoSemiMaior`, `Periodo`, `Excentricidade`, `Inclinacao`, `Ano`, `SPlanetario_idSPlanetario`) VALUES (100, 'Gliese 317 c', 2.0, 30, 10, 0.81, NULL, 2007, 199);
INSERT INTO `basedadosespaco`.`Planeta` (`idPlaneta`, `NomePlaneta`, `Massa`, `EixoSemiMaior`, `Periodo`, `Excentricidade`, `Inclinacao`, `Ano`, `SPlanetario_idSPlanetario`) VALUES (101, 'HD 38858 b', 0.0961, 1038, 407, 0.27, NULL, 2011, 102);

COMMIT;



-- -----------------------------------------------------
-- Data for table `basedadosespaco`.`Telescopio`
-- -----------------------------------------------------
START TRANSACTION;
USE `basedadosespaco`;
INSERT INTO `basedadosespaco`.`Telescopio` (`idTelescopio`, `NomeTelescopio`, `Abertura`, `Espelho`, `Sponsors`, `Localizacao`, `Ano`) VALUES (1, 'Harlan J. Smith Telescope', 2.72, 'Single', 'USA', 'McDonald Observatory Texas USA', 1969);
INSERT INTO `basedadosespaco`.`Telescopio` (`idTelescopio`, `NomeTelescopio`, `Abertura`, `Espelho`, `Sponsors`, `Localizacao`, `Ano`) VALUES (2, 'UBC-Laval LMT', 2.65, 'Liquid', 'Canada', 'Vancouver British Columbia Canada', 1992);
INSERT INTO `basedadosespaco`.`Telescopio` (`idTelescopio`, `NomeTelescopio`, `Abertura`, `Espelho`, `Sponsors`, `Localizacao`, `Ano`) VALUES (3, 'Shajn 2.6m', 2.64, 'Single', 'NULL', 'Crimean Astrophysical Obs. Ukraine', 1961);
INSERT INTO `basedadosespaco`.`Telescopio` (`idTelescopio`, `NomeTelescopio`, `Abertura`, `Espelho`, `Sponsors`, `Localizacao`, `Ano`) VALUES (4, 'VLT Survey Telescope', 2.61, 'Single', 'Italy', 'Paranal Observatory Antofagasta Region Chile', 2007);
INSERT INTO `basedadosespaco`.`Telescopio` (`idTelescopio`, `NomeTelescopio`, `Abertura`, `Espelho`, `Sponsors`, `Localizacao`, `Ano`) VALUES (5, 'BAO 2.6', 2.6, 'Single', 'NULL', 'Byurakan Astrophysical Obs. Mt. Aragatz Armenia', 1976);
INSERT INTO `basedadosespaco`.`Telescopio` (`idTelescopio`, `NomeTelescopio`, `Abertura`, `Espelho`, `Sponsors`, `Localizacao`, `Ano`) VALUES (6, 'Nordic Optical Telescope', 2.56, 'Single', 'Denmark', 'ORM Canary Islands Spain', 1988);
INSERT INTO `basedadosespaco`.`Telescopio` (`idTelescopio`, `NomeTelescopio`, `Abertura`, `Espelho`, `Sponsors`, `Localizacao`, `Ano`) VALUES (7, 'Isaac Newton Telescope', 2.54, 'Single', 'UK', 'ORM Canary Islands Spain (RGO England UK until \'79)', 1984);
INSERT INTO `basedadosespaco`.`Telescopio` (`idTelescopio`, `NomeTelescopio`, `Abertura`, `Espelho`, `Sponsors`, `Localizacao`, `Ano`) VALUES (8, 'Irenee du Pont Telescope', 2.54, 'Single', 'USA', 'Las Campanas Observatory Coquimbo Region Chile', 1976);
INSERT INTO `basedadosespaco`.`Telescopio` (`idTelescopio`, `NomeTelescopio`, `Abertura`, `Espelho`, `Sponsors`, `Localizacao`, `Ano`) VALUES (9, 'Hooker 100-Inch Telescope', 2.54, 'Single', 'USA', 'Mt. Wilson Observatory California USA', 1917);
INSERT INTO `basedadosespaco`.`Telescopio` (`idTelescopio`, `NomeTelescopio`, `Abertura`, `Espelho`, `Sponsors`, `Localizacao`, `Ano`) VALUES (10, 'SOFIA', 2.5, 'Single', 'Germany', 'Boeing 747SP (mobile USA)', 2007);
INSERT INTO `basedadosespaco`.`Telescopio` (`idTelescopio`, `NomeTelescopio`, `Abertura`, `Espelho`, `Sponsors`, `Localizacao`, `Ano`) VALUES (11, 'Sloan DSS', 2.5, 'Single', 'USA', 'Apache Point Observatory New Mexico USA', 1997);
INSERT INTO `basedadosespaco`.`Telescopio` (`idTelescopio`, `NomeTelescopio`, `Abertura`, `Espelho`, `Sponsors`, `Localizacao`, `Ano`) VALUES (12, 'Hiltner Telescope', 2.4, 'Single', 'USA', 'MDM Observatory (Kitt Peak) Arizona USA', 1986);
INSERT INTO `basedadosespaco`.`Telescopio` (`idTelescopio`, `NomeTelescopio`, `Abertura`, `Espelho`, `Sponsors`, `Localizacao`, `Ano`) VALUES (13, 'Thai National Telescope', 2.4, 'Single', 'Thailand', 'Thai National Observatory Doi Inthanon Thailand', 2013);
INSERT INTO `basedadosespaco`.`Telescopio` (`idTelescopio`, `NomeTelescopio`, `Abertura`, `Espelho`, `Sponsors`, `Localizacao`, `Ano`) VALUES (14, 'Lijiang', 2.4, 'Single', 'China', 'Yunnan Astronomical Observatory China', 2008);
INSERT INTO `basedadosespaco`.`Telescopio` (`idTelescopio`, `NomeTelescopio`, `Abertura`, `Espelho`, `Sponsors`, `Localizacao`, `Ano`) VALUES (15, 'Hubble', 2.4, 'Single', 'NASA', 'Low Earth orbit', 1990);
INSERT INTO `basedadosespaco`.`Telescopio` (`idTelescopio`, `NomeTelescopio`, `Abertura`, `Espelho`, `Sponsors`, `Localizacao`, `Ano`) VALUES (16, '2.4-meter SINGLE Telescope', 2.4, 'Single', 'USA', 'Magdalena Ridge Observatory New Mexico USA', 2006);
INSERT INTO `basedadosespaco`.`Telescopio` (`idTelescopio`, `NomeTelescopio`, `Abertura`, `Espelho`, `Sponsors`, `Localizacao`, `Ano`) VALUES (17, 'Automated Planet Finder', 2.4, 'Single', 'USA', 'Lick Observatory California USA', 2010);
INSERT INTO `basedadosespaco`.`Telescopio` (`idTelescopio`, `NomeTelescopio`, `Abertura`, `Espelho`, `Sponsors`, `Localizacao`, `Ano`) VALUES (18, 'Vainu Bappu', 2.34, 'Single', 'India', 'Vainu Bappu Observatory India', 1986);
INSERT INTO `basedadosespaco`.`Telescopio` (`idTelescopio`, `NomeTelescopio`, `Abertura`, `Espelho`, `Sponsors`, `Localizacao`, `Ano`) VALUES (19, 'Aristarchos', 2.3, 'Single', 'Greece', 'National Observatory of Athens Mt. Helmos Greece', 2004);
INSERT INTO `basedadosespaco`.`Telescopio` (`idTelescopio`, `NomeTelescopio`, `Abertura`, `Espelho`, `Sponsors`, `Localizacao`, `Ano`) VALUES (20, 'WIRO 2.3', 2.3, 'Single IR', 'USA', 'Wyoming Infrared Observatory Wyoming USA', 1977);
INSERT INTO `basedadosespaco`.`Telescopio` (`idTelescopio`, `NomeTelescopio`, `Abertura`, `Espelho`, `Sponsors`, `Localizacao`, `Ano`) VALUES (21, 'ANU 2.3m ATT', 2.3, 'Single', 'NULL', 'Siding Spring Observatory New South Wales Australia', 1984);
INSERT INTO `basedadosespaco`.`Telescopio` (`idTelescopio`, `NomeTelescopio`, `Abertura`, `Espelho`, `Sponsors`, `Localizacao`, `Ano`) VALUES (22, 'Bok Telescope', 2.3, 'Single', 'USA', 'Kitt Peak National Observatory Arizona USA', 1969);
INSERT INTO `basedadosespaco`.`Telescopio` (`idTelescopio`, `NomeTelescopio`, `Abertura`, `Espelho`, `Sponsors`, `Localizacao`, `Ano`) VALUES (23, 'University of Hawaii', 2.24, 'Single', 'USA', 'Mauna Kea Observatories Hawaii USA', 1970);
INSERT INTO `basedadosespaco`.`Telescopio` (`idTelescopio`, `NomeTelescopio`, `Abertura`, `Espelho`, `Sponsors`, `Localizacao`, `Ano`) VALUES (24, 'MPIA-ESO', 2.2, 'Single', 'West Germany', 'La Silla Observatory Coquimbo Region Chile', 1984);
INSERT INTO `basedadosespaco`.`Telescopio` (`idTelescopio`, `NomeTelescopio`, `Abertura`, `Espelho`, `Sponsors`, `Localizacao`, `Ano`) VALUES (25, 'MPIA-CAHA', 2.2, 'Single', 'West Germany', 'Calar Alto Observatory Almería Spain', 1979);
INSERT INTO `basedadosespaco`.`Telescopio` (`idTelescopio`, `NomeTelescopio`, `Abertura`, `Espelho`, `Sponsors`, `Localizacao`, `Ano`) VALUES (26, 'Xinglong', 2.16, 'Single', 'China', 'Xinglong China', 1989);
INSERT INTO `basedadosespaco`.`Telescopio` (`idTelescopio`, `NomeTelescopio`, `Abertura`, `Espelho`, `Sponsors`, `Localizacao`, `Ano`) VALUES (27, 'Jorge Sahade', 2.15, 'Single', 'NULL', 'Leoncito Astronomical Complex San Juan Province Argentina', 1987);
INSERT INTO `basedadosespaco`.`Telescopio` (`idTelescopio`, `NomeTelescopio`, `Abertura`, `Espelho`, `Sponsors`, `Localizacao`, `Ano`) VALUES (28, 'INAOE', 2.12, 'Single', 'Mexico', 'Guillermo Haro Observatory Sonora Mexico', 1987);
INSERT INTO `basedadosespaco`.`Telescopio` (`idTelescopio`, `NomeTelescopio`, `Abertura`, `Espelho`, `Sponsors`, `Localizacao`, `Ano`) VALUES (29, 'UNAM', 2.12, 'Single', 'NULL', 'National Astronomical Observatory Baja California Mexico', 1979);
INSERT INTO `basedadosespaco`.`Telescopio` (`idTelescopio`, `NomeTelescopio`, `Abertura`, `Espelho`, `Sponsors`, `Localizacao`, `Ano`) VALUES (30, 'Kitt Peak', 2.1, 'Single', 'USA', 'Kitt Peak National Observatory Arizona USA', 1964);
INSERT INTO `basedadosespaco`.`Telescopio` (`idTelescopio`, `NomeTelescopio`, `Abertura`, `Espelho`, `Sponsors`, `Localizacao`, `Ano`) VALUES (31, 'Otto Struve Telescope', 2.08, 'Single', 'USA', 'McDonald Observatory Texas USA', 1939);
INSERT INTO `basedadosespaco`.`Telescopio` (`idTelescopio`, `NomeTelescopio`, `Abertura`, `Espelho`, `Sponsors`, `Localizacao`, `Ano`) VALUES (32, 'T13 Automated Spectroscopic Telescope', 2.06, 'Single', 'USA', 'Fairborn Observatory Arizona USA', 2003);
INSERT INTO `basedadosespaco`.`Telescopio` (`idTelescopio`, `NomeTelescopio`, `Abertura`, `Espelho`, `Sponsors`, `Localizacao`, `Ano`) VALUES (33, 'Himalayan Chandra Telescope', 2.01, 'Single', 'NULL', 'Indian Astronomical Observatory India', 2000);
INSERT INTO `basedadosespaco`.`Telescopio` (`idTelescopio`, `NomeTelescopio`, `Abertura`, `Espelho`, `Sponsors`, `Localizacao`, `Ano`) VALUES (34, 'Alfred Jensch Teleskop', 2, 'Single', 'NULL', 'Karl Schwarzschild Observatory Germany', 1960);
INSERT INTO `basedadosespaco`.`Telescopio` (`idTelescopio`, `NomeTelescopio`, `Abertura`, `Espelho`, `Sponsors`, `Localizacao`, `Ano`) VALUES (35, 'Carl Zeiss Jena', 2, 'Single', 'NULL', 'Shamakhi Astrophysical Obs. Azerbaijan', 1966);
INSERT INTO `basedadosespaco`.`Telescopio` (`idTelescopio`, `NomeTelescopio`, `Abertura`, `Espelho`, `Sponsors`, `Localizacao`, `Ano`) VALUES (36, 'Ond_ejov', 2, 'Single', 'USSR', 'Ond_ejov Observatory Czech', 1967);
INSERT INTO `basedadosespaco`.`Telescopio` (`idTelescopio`, `NomeTelescopio`, `Abertura`, `Espelho`, `Sponsors`, `Localizacao`, `Ano`) VALUES (37, 'Ritchey-Chretien-Coude', 2, 'Single', 'Bulgaria', 'Rozhen Observatory Bulgaria', 1984);
INSERT INTO `basedadosespaco`.`Telescopio` (`idTelescopio`, `NomeTelescopio`, `Abertura`, `Espelho`, `Sponsors`, `Localizacao`, `Ano`) VALUES (38, 'Carl Zeiss Jena', 2, 'Single', 'NULL', 'Main Ukraine Obs. Ukraine', NULL);
INSERT INTO `basedadosespaco`.`Telescopio` (`idTelescopio`, `NomeTelescopio`, `Abertura`, `Espelho`, `Sponsors`, `Localizacao`, `Ano`) VALUES (39, 'Bernard Lyot Telescope', 2, 'Single', 'France', 'Pic du Midi Obs. France', 1980);
INSERT INTO `basedadosespaco`.`Telescopio` (`idTelescopio`, `NomeTelescopio`, `Abertura`, `Espelho`, `Sponsors`, `Localizacao`, `Ano`) VALUES (40, 'Liverpool Telescope', 2, 'Single', 'UK', 'ORM Canary Islands Spain', 2003);
INSERT INTO `basedadosespaco`.`Telescopio` (`idTelescopio`, `NomeTelescopio`, `Abertura`, `Espelho`, `Sponsors`, `Localizacao`, `Ano`) VALUES (41, 'Faulkes Telescope North', 2, 'Single', 'UK', 'Haleakala Observatory Hawaii USA', 2003);
INSERT INTO `basedadosespaco`.`Telescopio` (`idTelescopio`, `NomeTelescopio`, `Abertura`, `Espelho`, `Sponsors`, `Localizacao`, `Ano`) VALUES (42, 'Faulkes Telescope South', 2, 'Single', 'UK', 'Siding Spring Observatory New South Wales Australia', 2001);
INSERT INTO `basedadosespaco`.`Telescopio` (`idTelescopio`, `NomeTelescopio`, `Abertura`, `Espelho`, `Sponsors`, `Localizacao`, `Ano`) VALUES (43, 'MAGNUM', 2, 'Single IR', 'Japan', 'Haleakala Observatory Hawaii USA', 2001);

COMMIT;


-- -----------------------------------------------------
-- Data for table `basedadosespaco`.`Fotos`
-- -----------------------------------------------------
START TRANSACTION;
USE `basedadosespaco`;
INSERT INTO `basedadosespaco`.`Fotos` (`idFotos`, `Tamanho`, `Formato`, `Cores`, `Data`, `Telescopio_idTelescopio`) VALUES (1, '400x300', 'jpeg', true, 1994, 7);
INSERT INTO `basedadosespaco`.`Fotos` (`idFotos`, `Tamanho`, `Formato`, `Cores`, `Data`, `Telescopio_idTelescopio`) VALUES (2, '1200x800', 'bmp', true, 2015, 21);
INSERT INTO `basedadosespaco`.`Fotos` (`idFotos`, `Tamanho`, `Formato`, `Cores`, `Data`, `Telescopio_idTelescopio`) VALUES (3, '450x370', 'tiff', true, 1980, 35);
INSERT INTO `basedadosespaco`.`Fotos` (`idFotos`, `Tamanho`, `Formato`, `Cores`, `Data`, `Telescopio_idTelescopio`) VALUES (4, '600x350', 'pcx', true, 1995, 35);
INSERT INTO `basedadosespaco`.`Fotos` (`idFotos`, `Tamanho`, `Formato`, `Cores`, `Data`, `Telescopio_idTelescopio`) VALUES (5, '465x356', 'bmp', true, 2014, 43);
INSERT INTO `basedadosespaco`.`Fotos` (`idFotos`, `Tamanho`, `Formato`, `Cores`, `Data`, `Telescopio_idTelescopio`) VALUES (6, '1900x1400', 'pcx', false, 1973, 5);
INSERT INTO `basedadosespaco`.`Fotos` (`idFotos`, `Tamanho`, `Formato`, `Cores`, `Data`, `Telescopio_idTelescopio`) VALUES (7, '1440x1230', 'jpeg', true, 2014, 29);
INSERT INTO `basedadosespaco`.`Fotos` (`idFotos`, `Tamanho`, `Formato`, `Cores`, `Data`, `Telescopio_idTelescopio`) VALUES (8, '1200x785', 'jpg', true, 2009, 15);
INSERT INTO `basedadosespaco`.`Fotos` (`idFotos`, `Tamanho`, `Formato`, `Cores`, `Data`, `Telescopio_idTelescopio`) VALUES (9, '700x550', 'bmp', false, 1967, 12);
INSERT INTO `basedadosespaco`.`Fotos` (`idFotos`, `Tamanho`, `Formato`, `Cores`, `Data`, `Telescopio_idTelescopio`) VALUES (10, '465x356', 'jpeg', true, 1985, 13);
INSERT INTO `basedadosespaco`.`Fotos` (`idFotos`, `Tamanho`, `Formato`, `Cores`, `Data`, `Telescopio_idTelescopio`) VALUES (11, '785x475', 'jpeg', true, 2013, 41);
INSERT INTO `basedadosespaco`.`Fotos` (`idFotos`, `Tamanho`, `Formato`, `Cores`, `Data`, `Telescopio_idTelescopio`) VALUES (12, '900x450', 'jpeg', true, 2008, 15);
INSERT INTO `basedadosespaco`.`Fotos` (`idFotos`, `Tamanho`, `Formato`, `Cores`, `Data`, `Telescopio_idTelescopio`) VALUES (13, '1356x1300', 'tiff', false, 1988, 38);
INSERT INTO `basedadosespaco`.`Fotos` (`idFotos`, `Tamanho`, `Formato`, `Cores`, `Data`, `Telescopio_idTelescopio`) VALUES (14, '1254x945', 'jpg', true, 2012, 36);
INSERT INTO `basedadosespaco`.`Fotos` (`idFotos`, `Tamanho`, `Formato`, `Cores`, `Data`, `Telescopio_idTelescopio`) VALUES (15, '1270x1130', 'tiff', true, 1991, 8);
INSERT INTO `basedadosespaco`.`Fotos` (`idFotos`, `Tamanho`, `Formato`, `Cores`, `Data`, `Telescopio_idTelescopio`) VALUES (16, '300x500', 'bmp', false, 1967, 38);
INSERT INTO `basedadosespaco`.`Fotos` (`idFotos`, `Tamanho`, `Formato`, `Cores`, `Data`, `Telescopio_idTelescopio`) VALUES (17, '375x450', 'jpeg', true, 2012, 42);
INSERT INTO `basedadosespaco`.`Fotos` (`idFotos`, `Tamanho`, `Formato`, `Cores`, `Data`, `Telescopio_idTelescopio`) VALUES (18, '450x370', 'tiff', true, 1986, 14);
INSERT INTO `basedadosespaco`.`Fotos` (`idFotos`, `Tamanho`, `Formato`, `Cores`, `Data`, `Telescopio_idTelescopio`) VALUES (19, '1440x1230', 'tiff', true, 2002, 36);
INSERT INTO `basedadosespaco`.`Fotos` (`idFotos`, `Tamanho`, `Formato`, `Cores`, `Data`, `Telescopio_idTelescopio`) VALUES (20, '700x550', 'tiff', true, 1989, 14);
INSERT INTO `basedadosespaco`.`Fotos` (`idFotos`, `Tamanho`, `Formato`, `Cores`, `Data`, `Telescopio_idTelescopio`) VALUES (21, '900x450', 'png', false, 1973, 11);
INSERT INTO `basedadosespaco`.`Fotos` (`idFotos`, `Tamanho`, `Formato`, `Cores`, `Data`, `Telescopio_idTelescopio`) VALUES (22, '1475x1500', 'bmp', false, 1973, 30);
INSERT INTO `basedadosespaco`.`Fotos` (`idFotos`, `Tamanho`, `Formato`, `Cores`, `Data`, `Telescopio_idTelescopio`) VALUES (23, '1130x400', 'tiff', true, 2011, 30);
INSERT INTO `basedadosespaco`.`Fotos` (`idFotos`, `Tamanho`, `Formato`, `Cores`, `Data`, `Telescopio_idTelescopio`) VALUES (24, '465x356', 'jpeg', true, 1990, 26);
INSERT INTO `basedadosespaco`.`Fotos` (`idFotos`, `Tamanho`, `Formato`, `Cores`, `Data`, `Telescopio_idTelescopio`) VALUES (25, '1440x1230', 'tiff', true, 1996, 35);
INSERT INTO `basedadosespaco`.`Fotos` (`idFotos`, `Tamanho`, `Formato`, `Cores`, `Data`, `Telescopio_idTelescopio`) VALUES (26, '785x475', 'tiff', true, 1998, 27);
INSERT INTO `basedadosespaco`.`Fotos` (`idFotos`, `Tamanho`, `Formato`, `Cores`, `Data`, `Telescopio_idTelescopio`) VALUES (27, '1275x1130', 'jpg', true, 2009, 39);
INSERT INTO `basedadosespaco`.`Fotos` (`idFotos`, `Tamanho`, `Formato`, `Cores`, `Data`, `Telescopio_idTelescopio`) VALUES (28, '450x370', 'jpeg', true, 2011, 10);
INSERT INTO `basedadosespaco`.`Fotos` (`idFotos`, `Tamanho`, `Formato`, `Cores`, `Data`, `Telescopio_idTelescopio`) VALUES (29, '1200x800', 'bmp', true, 2008, 29);
INSERT INTO `basedadosespaco`.`Fotos` (`idFotos`, `Tamanho`, `Formato`, `Cores`, `Data`, `Telescopio_idTelescopio`) VALUES (30, '465x356', 'pcx', false, 1977, 3);
INSERT INTO `basedadosespaco`.`Fotos` (`idFotos`, `Tamanho`, `Formato`, `Cores`, `Data`, `Telescopio_idTelescopio`) VALUES (31, '1440x1230', 'pcx', true, 1975, 32);
INSERT INTO `basedadosespaco`.`Fotos` (`idFotos`, `Tamanho`, `Formato`, `Cores`, `Data`, `Telescopio_idTelescopio`) VALUES (32, '300x500', 'jpeg', true, 2013, 34);
INSERT INTO `basedadosespaco`.`Fotos` (`idFotos`, `Tamanho`, `Formato`, `Cores`, `Data`, `Telescopio_idTelescopio`) VALUES (33, '450x370', 'jpeg', true, 1982, 30);
INSERT INTO `basedadosespaco`.`Fotos` (`idFotos`, `Tamanho`, `Formato`, `Cores`, `Data`, `Telescopio_idTelescopio`) VALUES (34, '375x450', 'tiff', true, 1998, 32);
INSERT INTO `basedadosespaco`.`Fotos` (`idFotos`, `Tamanho`, `Formato`, `Cores`, `Data`, `Telescopio_idTelescopio`) VALUES (35, '1440x1230', 'tiff', true, 2010, 42);
INSERT INTO `basedadosespaco`.`Fotos` (`idFotos`, `Tamanho`, `Formato`, `Cores`, `Data`, `Telescopio_idTelescopio`) VALUES (36, '1475x1500', 'tiff', true, 2011, 4);
INSERT INTO `basedadosespaco`.`Fotos` (`idFotos`, `Tamanho`, `Formato`, `Cores`, `Data`, `Telescopio_idTelescopio`) VALUES (37, '1245x1200', 'tiff', true, 1983, 25);
INSERT INTO `basedadosespaco`.`Fotos` (`idFotos`, `Tamanho`, `Formato`, `Cores`, `Data`, `Telescopio_idTelescopio`) VALUES (38, '1400x1200', 'jpeg', false, 1969, 26);
INSERT INTO `basedadosespaco`.`Fotos` (`idFotos`, `Tamanho`, `Formato`, `Cores`, `Data`, `Telescopio_idTelescopio`) VALUES (39, '600x500', 'tiff', true, 2005, 3);
INSERT INTO `basedadosespaco`.`Fotos` (`idFotos`, `Tamanho`, `Formato`, `Cores`, `Data`, `Telescopio_idTelescopio`) VALUES (40, '700x470', 'jpeg', false, 1968, 32);
INSERT INTO `basedadosespaco`.`Fotos` (`idFotos`, `Tamanho`, `Formato`, `Cores`, `Data`, `Telescopio_idTelescopio`) VALUES (41, '1500x1300', 'bmp', true, 1994, 30);
INSERT INTO `basedadosespaco`.`Fotos` (`idFotos`, `Tamanho`, `Formato`, `Cores`, `Data`, `Telescopio_idTelescopio`) VALUES (42, '840x640', 'jpeg', true, 2012, 28);
INSERT INTO `basedadosespaco`.`Fotos` (`idFotos`, `Tamanho`, `Formato`, `Cores`, `Data`, `Telescopio_idTelescopio`) VALUES (43, '700x470', 'jpeg', true, 1993, 14);
INSERT INTO `basedadosespaco`.`Fotos` (`idFotos`, `Tamanho`, `Formato`, `Cores`, `Data`, `Telescopio_idTelescopio`) VALUES (44, '930x750', 'jpeg', false, 1968, 21);
INSERT INTO `basedadosespaco`.`Fotos` (`idFotos`, `Tamanho`, `Formato`, `Cores`, `Data`, `Telescopio_idTelescopio`) VALUES (45, '915x750', 'jpeg', true, 2001, 10);
INSERT INTO `basedadosespaco`.`Fotos` (`idFotos`, `Tamanho`, `Formato`, `Cores`, `Data`, `Telescopio_idTelescopio`) VALUES (46, '817x620', 'jpeg', true, 1974, 25);
INSERT INTO `basedadosespaco`.`Fotos` (`idFotos`, `Tamanho`, `Formato`, `Cores`, `Data`, `Telescopio_idTelescopio`) VALUES (47, '300x500', 'bmp', false, 2008, 3);
INSERT INTO `basedadosespaco`.`Fotos` (`idFotos`, `Tamanho`, `Formato`, `Cores`, `Data`, `Telescopio_idTelescopio`) VALUES (48, '1475x1500', 'pcx', false, 1967, 34);
INSERT INTO `basedadosespaco`.`Fotos` (`idFotos`, `Tamanho`, `Formato`, `Cores`, `Data`, `Telescopio_idTelescopio`) VALUES (49, '1400x1200', 'jpeg', true, 2009, 28);
INSERT INTO `basedadosespaco`.`Fotos` (`idFotos`, `Tamanho`, `Formato`, `Cores`, `Data`, `Telescopio_idTelescopio`) VALUES (50, '700x470', 'jpeg', true, 1988, 25);
INSERT INTO `basedadosespaco`.`Fotos` (`idFotos`, `Tamanho`, `Formato`, `Cores`, `Data`, `Telescopio_idTelescopio`) VALUES (51, '1200x800', 'tiff', true, 2005, 39);
INSERT INTO `basedadosespaco`.`Fotos` (`idFotos`, `Tamanho`, `Formato`, `Cores`, `Data`, `Telescopio_idTelescopio`) VALUES (52, '465x356', 'jpeg', true, 1992, 11);
INSERT INTO `basedadosespaco`.`Fotos` (`idFotos`, `Tamanho`, `Formato`, `Cores`, `Data`, `Telescopio_idTelescopio`) VALUES (53, '785x475', 'bmp', true, 2003, 37);
INSERT INTO `basedadosespaco`.`Fotos` (`idFotos`, `Tamanho`, `Formato`, `Cores`, `Data`, `Telescopio_idTelescopio`) VALUES (54, '1475x1500', 'bmp', true, 1972, 20);
INSERT INTO `basedadosespaco`.`Fotos` (`idFotos`, `Tamanho`, `Formato`, `Cores`, `Data`, `Telescopio_idTelescopio`) VALUES (55, '1440x1230', 'tiff', true, 2014, 6);
INSERT INTO `basedadosespaco`.`Fotos` (`idFotos`, `Tamanho`, `Formato`, `Cores`, `Data`, `Telescopio_idTelescopio`) VALUES (56, '785x475', 'jpeg', true, 2006, 29);
INSERT INTO `basedadosespaco`.`Fotos` (`idFotos`, `Tamanho`, `Formato`, `Cores`, `Data`, `Telescopio_idTelescopio`) VALUES (57, '1200x800', 'jpeg', true, 2010, 23);
INSERT INTO `basedadosespaco`.`Fotos` (`idFotos`, `Tamanho`, `Formato`, `Cores`, `Data`, `Telescopio_idTelescopio`) VALUES (58, '300x500', 'tiff', true, 2008, 7);
INSERT INTO `basedadosespaco`.`Fotos` (`idFotos`, `Tamanho`, `Formato`, `Cores`, `Data`, `Telescopio_idTelescopio`) VALUES (59, '1440x1230', 'tiff', true, 2013, 22);

COMMIT;


-- -----------------------------------------------------
-- Data for table `basedadosespaco`.`Fotos_has_Planeta`
-- -----------------------------------------------------
START TRANSACTION;
USE `basedadosespaco`;
INSERT INTO `basedadosespaco`.`Fotos_has_Planeta` (`Fotos_has_Planeta_id`, `Fotos_idFotos`, `Planeta_idPlaneta`, `Fotos_Telescopio_idTelescopio`, `Planeta_SPlanetario_idSPlanetario`) VALUES ('1', 3, 7, 35, 174);
INSERT INTO `basedadosespaco`.`Fotos_has_Planeta` (`Fotos_has_Planeta_id`, `Fotos_idFotos`, `Planeta_idPlaneta`, `Fotos_Telescopio_idTelescopio`, `Planeta_SPlanetario_idSPlanetario`) VALUES ('2', 8, 100, 15, 199);
INSERT INTO `basedadosespaco`.`Fotos_has_Planeta` (`Fotos_has_Planeta_id`, `Fotos_idFotos`, `Planeta_idPlaneta`, `Fotos_Telescopio_idTelescopio`, `Planeta_SPlanetario_idSPlanetario`) VALUES ('3', 8, 99, 15, 199);
INSERT INTO `basedadosespaco`.`Fotos_has_Planeta` (`Fotos_has_Planeta_id`, `Fotos_idFotos`, `Planeta_idPlaneta`, `Fotos_Telescopio_idTelescopio`, `Planeta_SPlanetario_idSPlanetario`) VALUES ('4', 9, 87, 12, 11);
INSERT INTO `basedadosespaco`.`Fotos_has_Planeta` (`Fotos_has_Planeta_id`, `Fotos_idFotos`, `Planeta_idPlaneta`, `Fotos_Telescopio_idTelescopio`, `Planeta_SPlanetario_idSPlanetario`) VALUES ('5', 10, 13, 13, 176);
INSERT INTO `basedadosespaco`.`Fotos_has_Planeta` (`Fotos_has_Planeta_id`, `Fotos_idFotos`, `Planeta_idPlaneta`, `Fotos_Telescopio_idTelescopio`, `Planeta_SPlanetario_idSPlanetario`) VALUES ('6', 16, 9, 38, 176);
INSERT INTO `basedadosespaco`.`Fotos_has_Planeta` (`Fotos_has_Planeta_id`, `Fotos_idFotos`, `Planeta_idPlaneta`, `Fotos_Telescopio_idTelescopio`, `Planeta_SPlanetario_idSPlanetario`) VALUES ('7', 18, 14, 14, 177);
INSERT INTO `basedadosespaco`.`Fotos_has_Planeta` (`Fotos_has_Planeta_id`, `Fotos_idFotos`, `Planeta_idPlaneta`, `Fotos_Telescopio_idTelescopio`, `Planeta_SPlanetario_idSPlanetario`) VALUES ('8', 23, 7, 30, 174);
INSERT INTO `basedadosespaco`.`Fotos_has_Planeta` (`Fotos_has_Planeta_id`, `Fotos_idFotos`, `Planeta_idPlaneta`, `Fotos_Telescopio_idTelescopio`, `Planeta_SPlanetario_idSPlanetario`) VALUES ('9', 24, 43, 26, 6);
INSERT INTO `basedadosespaco`.`Fotos_has_Planeta` (`Fotos_has_Planeta_id`, `Fotos_idFotos`, `Planeta_idPlaneta`, `Fotos_Telescopio_idTelescopio`, `Planeta_SPlanetario_idSPlanetario`) VALUES ('10', 32, 2, 34, 1);
INSERT INTO `basedadosespaco`.`Fotos_has_Planeta` (`Fotos_has_Planeta_id`, `Fotos_idFotos`, `Planeta_idPlaneta`, `Fotos_Telescopio_idTelescopio`, `Planeta_SPlanetario_idSPlanetario`) VALUES ('11', 36, 38, 4, 5);
INSERT INTO `basedadosespaco`.`Fotos_has_Planeta` (`Fotos_has_Planeta_id`, `Fotos_idFotos`, `Planeta_idPlaneta`, `Fotos_Telescopio_idTelescopio`, `Planeta_SPlanetario_idSPlanetario`) VALUES ('12', 37, 6, 25, 174);
INSERT INTO `basedadosespaco`.`Fotos_has_Planeta` (`Fotos_has_Planeta_id`, `Fotos_idFotos`, `Planeta_idPlaneta`, `Fotos_Telescopio_idTelescopio`, `Planeta_SPlanetario_idSPlanetario`) VALUES ('13', 38, 7, 26, 174);
INSERT INTO `basedadosespaco`.`Fotos_has_Planeta` (`Fotos_has_Planeta_id`, `Fotos_idFotos`, `Planeta_idPlaneta`, `Fotos_Telescopio_idTelescopio`, `Planeta_SPlanetario_idSPlanetario`) VALUES ('14', 45, 2, 10, 1);
INSERT INTO `basedadosespaco`.`Fotos_has_Planeta` (`Fotos_has_Planeta_id`, `Fotos_idFotos`, `Planeta_idPlaneta`, `Fotos_Telescopio_idTelescopio`, `Planeta_SPlanetario_idSPlanetario`) VALUES ('15', 47, 23, 3, 180);
INSERT INTO `basedadosespaco`.`Fotos_has_Planeta` (`Fotos_has_Planeta_id`, `Fotos_idFotos`, `Planeta_idPlaneta`, `Fotos_Telescopio_idTelescopio`, `Planeta_SPlanetario_idSPlanetario`) VALUES ('16', 49, 38, 28, 5);
INSERT INTO `basedadosespaco`.`Fotos_has_Planeta` (`Fotos_has_Planeta_id`, `Fotos_idFotos`, `Planeta_idPlaneta`, `Fotos_Telescopio_idTelescopio`, `Planeta_SPlanetario_idSPlanetario`) VALUES ('17', 50, 52, 25, 185);
INSERT INTO `basedadosespaco`.`Fotos_has_Planeta` (`Fotos_has_Planeta_id`, `Fotos_idFotos`, `Planeta_idPlaneta`, `Fotos_Telescopio_idTelescopio`, `Planeta_SPlanetario_idSPlanetario`) VALUES ('18', 52, 98, 11, 198);
INSERT INTO `basedadosespaco`.`Fotos_has_Planeta` (`Fotos_has_Planeta_id`, `Fotos_idFotos`, `Planeta_idPlaneta`, `Fotos_Telescopio_idTelescopio`, `Planeta_SPlanetario_idSPlanetario`) VALUES ('19', 58, 101, 7, 102);

COMMIT;


-- -----------------------------------------------------
-- Data for table `basedadosespaco`.`Fotos_has_SPlanetario`
-- -----------------------------------------------------
START TRANSACTION;
USE `basedadosespaco`;
INSERT INTO `basedadosespaco`.`Fotos_has_SPlanetario` (`Fotos_idFotos`, `Fotos_Telescopio_idTelescopio`, `SPlanetario_idSPlanetario`, `SPlanetario_Galaxia_idGalaxia`, `Fotos_has_SPlanetarioid`) VALUES (1, 7, 67, 2, 1);
INSERT INTO `basedadosespaco`.`Fotos_has_SPlanetario` (`Fotos_idFotos`, `Fotos_Telescopio_idTelescopio`, `SPlanetario_idSPlanetario`, `SPlanetario_Galaxia_idGalaxia`, `Fotos_has_SPlanetarioid`) VALUES (5, 43, 176, 40, 2);
INSERT INTO `basedadosespaco`.`Fotos_has_SPlanetario` (`Fotos_idFotos`, `Fotos_Telescopio_idTelescopio`, `SPlanetario_idSPlanetario`, `SPlanetario_Galaxia_idGalaxia`, `Fotos_has_SPlanetarioid`) VALUES (5, 43, 200, 9, 3);
INSERT INTO `basedadosespaco`.`Fotos_has_SPlanetario` (`Fotos_idFotos`, `Fotos_Telescopio_idTelescopio`, `SPlanetario_idSPlanetario`, `SPlanetario_Galaxia_idGalaxia`, `Fotos_has_SPlanetarioid`) VALUES (7, 29, 53, 151, 4);
INSERT INTO `basedadosespaco`.`Fotos_has_SPlanetario` (`Fotos_idFotos`, `Fotos_Telescopio_idTelescopio`, `SPlanetario_idSPlanetario`, `SPlanetario_Galaxia_idGalaxia`, `Fotos_has_SPlanetarioid`) VALUES (11, 41, 200, 9, 5);
INSERT INTO `basedadosespaco`.`Fotos_has_SPlanetario` (`Fotos_idFotos`, `Fotos_Telescopio_idTelescopio`, `SPlanetario_idSPlanetario`, `SPlanetario_Galaxia_idGalaxia`, `Fotos_has_SPlanetarioid`) VALUES (12, 15, 35, 95, 6);
INSERT INTO `basedadosespaco`.`Fotos_has_SPlanetario` (`Fotos_idFotos`, `Fotos_Telescopio_idTelescopio`, `SPlanetario_idSPlanetario`, `SPlanetario_Galaxia_idGalaxia`, `Fotos_has_SPlanetarioid`) VALUES (12, 15, 193, 95, 7);
INSERT INTO `basedadosespaco`.`Fotos_has_SPlanetario` (`Fotos_idFotos`, `Fotos_Telescopio_idTelescopio`, `SPlanetario_idSPlanetario`, `SPlanetario_Galaxia_idGalaxia`, `Fotos_has_SPlanetarioid`) VALUES (13, 38, 199, 59, 8);
INSERT INTO `basedadosespaco`.`Fotos_has_SPlanetario` (`Fotos_idFotos`, `Fotos_Telescopio_idTelescopio`, `SPlanetario_idSPlanetario`, `SPlanetario_Galaxia_idGalaxia`, `Fotos_has_SPlanetarioid`) VALUES (26, 27, 53, 151, 9);
INSERT INTO `basedadosespaco`.`Fotos_has_SPlanetario` (`Fotos_idFotos`, `Fotos_Telescopio_idTelescopio`, `SPlanetario_idSPlanetario`, `SPlanetario_Galaxia_idGalaxia`, `Fotos_has_SPlanetarioid`) VALUES (31, 32, 6, 119, 10);
INSERT INTO `basedadosespaco`.`Fotos_has_SPlanetario` (`Fotos_idFotos`, `Fotos_Telescopio_idTelescopio`, `SPlanetario_idSPlanetario`, `SPlanetario_Galaxia_idGalaxia`, `Fotos_has_SPlanetarioid`) VALUES (35, 42, 184, 179, 11);
INSERT INTO `basedadosespaco`.`Fotos_has_SPlanetario` (`Fotos_idFotos`, `Fotos_Telescopio_idTelescopio`, `SPlanetario_idSPlanetario`, `SPlanetario_Galaxia_idGalaxia`, `Fotos_has_SPlanetarioid`) VALUES (40, 32, 193, 95, 12);
INSERT INTO `basedadosespaco`.`Fotos_has_SPlanetario` (`Fotos_idFotos`, `Fotos_Telescopio_idTelescopio`, `SPlanetario_idSPlanetario`, `SPlanetario_Galaxia_idGalaxia`, `Fotos_has_SPlanetarioid`) VALUES (41, 30, 67, 2, 13);
INSERT INTO `basedadosespaco`.`Fotos_has_SPlanetario` (`Fotos_idFotos`, `Fotos_Telescopio_idTelescopio`, `SPlanetario_idSPlanetario`, `SPlanetario_Galaxia_idGalaxia`, `Fotos_has_SPlanetarioid`) VALUES (42, 28, 23, 34, 14);
INSERT INTO `basedadosespaco`.`Fotos_has_SPlanetario` (`Fotos_idFotos`, `Fotos_Telescopio_idTelescopio`, `SPlanetario_idSPlanetario`, `SPlanetario_Galaxia_idGalaxia`, `Fotos_has_SPlanetarioid`) VALUES (48, 34, 65, 33, 15);
INSERT INTO `basedadosespaco`.`Fotos_has_SPlanetario` (`Fotos_idFotos`, `Fotos_Telescopio_idTelescopio`, `SPlanetario_idSPlanetario`, `SPlanetario_Galaxia_idGalaxia`, `Fotos_has_SPlanetarioid`) VALUES (49, 28, 38, 117, 16);
INSERT INTO `basedadosespaco`.`Fotos_has_SPlanetario` (`Fotos_idFotos`, `Fotos_Telescopio_idTelescopio`, `SPlanetario_idSPlanetario`, `SPlanetario_Galaxia_idGalaxia`, `Fotos_has_SPlanetarioid`) VALUES (50, 25, 52, 152, 17);

COMMIT;


-- -----------------------------------------------------
-- Data for table `basedadosespaco`.`Fotos_has_Constelacao`
-- -----------------------------------------------------
START TRANSACTION;
USE `basedadosespaco`;
INSERT INTO `basedadosespaco`.`Fotos_has_Constelacao` (`Fotos_has_Constelacaoid`, `Fotos_idFotos`, `Fotos_Telescopio_idTelescopio`, `Constelacao_idConstelacao`) VALUES (1, 4, 35, 1);
INSERT INTO `basedadosespaco`.`Fotos_has_Constelacao` (`Fotos_has_Constelacaoid`, `Fotos_idFotos`, `Fotos_Telescopio_idTelescopio`, `Constelacao_idConstelacao`) VALUES (2, 10, 13, 88);
INSERT INTO `basedadosespaco`.`Fotos_has_Constelacao` (`Fotos_has_Constelacaoid`, `Fotos_idFotos`, `Fotos_Telescopio_idTelescopio`, `Constelacao_idConstelacao`) VALUES (3, 14, 36, 1);
INSERT INTO `basedadosespaco`.`Fotos_has_Constelacao` (`Fotos_has_Constelacaoid`, `Fotos_idFotos`, `Fotos_Telescopio_idTelescopio`, `Constelacao_idConstelacao`) VALUES (4, 17, 42, 62);
INSERT INTO `basedadosespaco`.`Fotos_has_Constelacao` (`Fotos_has_Constelacaoid`, `Fotos_idFotos`, `Fotos_Telescopio_idTelescopio`, `Constelacao_idConstelacao`) VALUES (5, 17, 42, 4);
INSERT INTO `basedadosespaco`.`Fotos_has_Constelacao` (`Fotos_has_Constelacaoid`, `Fotos_idFotos`, `Fotos_Telescopio_idTelescopio`, `Constelacao_idConstelacao`) VALUES (6, 20, 14, 10);
INSERT INTO `basedadosespaco`.`Fotos_has_Constelacao` (`Fotos_has_Constelacaoid`, `Fotos_idFotos`, `Fotos_Telescopio_idTelescopio`, `Constelacao_idConstelacao`) VALUES (7, 22, 30, 1);
INSERT INTO `basedadosespaco`.`Fotos_has_Constelacao` (`Fotos_has_Constelacaoid`, `Fotos_idFotos`, `Fotos_Telescopio_idTelescopio`, `Constelacao_idConstelacao`) VALUES (8, 25, 35, 4);
INSERT INTO `basedadosespaco`.`Fotos_has_Constelacao` (`Fotos_has_Constelacaoid`, `Fotos_idFotos`, `Fotos_Telescopio_idTelescopio`, `Constelacao_idConstelacao`) VALUES (9, 27, 39, 6);
INSERT INTO `basedadosespaco`.`Fotos_has_Constelacao` (`Fotos_has_Constelacaoid`, `Fotos_idFotos`, `Fotos_Telescopio_idTelescopio`, `Constelacao_idConstelacao`) VALUES (10, 29, 29, 62);
INSERT INTO `basedadosespaco`.`Fotos_has_Constelacao` (`Fotos_has_Constelacaoid`, `Fotos_idFotos`, `Fotos_Telescopio_idTelescopio`, `Constelacao_idConstelacao`) VALUES (11, 30, 3, 10);
INSERT INTO `basedadosespaco`.`Fotos_has_Constelacao` (`Fotos_has_Constelacaoid`, `Fotos_idFotos`, `Fotos_Telescopio_idTelescopio`, `Constelacao_idConstelacao`) VALUES (12, 33, 30, 23);
INSERT INTO `basedadosespaco`.`Fotos_has_Constelacao` (`Fotos_has_Constelacaoid`, `Fotos_idFotos`, `Fotos_Telescopio_idTelescopio`, `Constelacao_idConstelacao`) VALUES (13, 46, 25, 38);
INSERT INTO `basedadosespaco`.`Fotos_has_Constelacao` (`Fotos_has_Constelacaoid`, `Fotos_idFotos`, `Fotos_Telescopio_idTelescopio`, `Constelacao_idConstelacao`) VALUES (14, 46, 25, 60);
INSERT INTO `basedadosespaco`.`Fotos_has_Constelacao` (`Fotos_has_Constelacaoid`, `Fotos_idFotos`, `Fotos_Telescopio_idTelescopio`, `Constelacao_idConstelacao`) VALUES (15, 46, 25, 14);
INSERT INTO `basedadosespaco`.`Fotos_has_Constelacao` (`Fotos_has_Constelacaoid`, `Fotos_idFotos`, `Fotos_Telescopio_idTelescopio`, `Constelacao_idConstelacao`) VALUES (16, 46, 25, 15);
INSERT INTO `basedadosespaco`.`Fotos_has_Constelacao` (`Fotos_has_Constelacaoid`, `Fotos_idFotos`, `Fotos_Telescopio_idTelescopio`, `Constelacao_idConstelacao`) VALUES (17, 51, 39, 23);
INSERT INTO `basedadosespaco`.`Fotos_has_Constelacao` (`Fotos_has_Constelacaoid`, `Fotos_idFotos`, `Fotos_Telescopio_idTelescopio`, `Constelacao_idConstelacao`) VALUES (18, 54, 20, 4);
INSERT INTO `basedadosespaco`.`Fotos_has_Constelacao` (`Fotos_has_Constelacaoid`, `Fotos_idFotos`, `Fotos_Telescopio_idTelescopio`, `Constelacao_idConstelacao`) VALUES (19, 55, 6, 1);

COMMIT;


-- -----------------------------------------------------
-- Data for table `basedadosespaco`.`Fotos_has_Galaxia`
-- -----------------------------------------------------
START TRANSACTION;
USE `basedadosespaco`;
INSERT INTO `basedadosespaco`.`Fotos_has_Galaxia` (`Fotos_idFotos`, `Fotos_Telescopio_idTelescopio`, `Galaxia_idGalaxia`, `Galaxia_GruGalaxia_idGruGalaxia`, `Fotos_has_Galaxiaid`) VALUES (2, 21, 99, 85, 1);
INSERT INTO `basedadosespaco`.`Fotos_has_Galaxia` (`Fotos_idFotos`, `Fotos_Telescopio_idTelescopio`, `Galaxia_idGalaxia`, `Galaxia_GruGalaxia_idGruGalaxia`, `Fotos_has_Galaxiaid`) VALUES (2, 21, 61, 85, 2);
INSERT INTO `basedadosespaco`.`Fotos_has_Galaxia` (`Fotos_idFotos`, `Fotos_Telescopio_idTelescopio`, `Galaxia_idGalaxia`, `Galaxia_GruGalaxia_idGruGalaxia`, `Fotos_has_Galaxiaid`) VALUES (2, 21, 11, 85, 3);
INSERT INTO `basedadosespaco`.`Fotos_has_Galaxia` (`Fotos_idFotos`, `Fotos_Telescopio_idTelescopio`, `Galaxia_idGalaxia`, `Galaxia_GruGalaxia_idGruGalaxia`, `Fotos_has_Galaxiaid`) VALUES (6, 5, 182, 113, 4);
INSERT INTO `basedadosespaco`.`Fotos_has_Galaxia` (`Fotos_idFotos`, `Fotos_Telescopio_idTelescopio`, `Galaxia_idGalaxia`, `Galaxia_GruGalaxia_idGruGalaxia`, `Fotos_has_Galaxiaid`) VALUES (6, 5, 116, 113, 5);
INSERT INTO `basedadosespaco`.`Fotos_has_Galaxia` (`Fotos_idFotos`, `Fotos_Telescopio_idTelescopio`, `Galaxia_idGalaxia`, `Galaxia_GruGalaxia_idGruGalaxia`, `Fotos_has_Galaxiaid`) VALUES (6, 5, 45, 113, 6);
INSERT INTO `basedadosespaco`.`Fotos_has_Galaxia` (`Fotos_idFotos`, `Fotos_Telescopio_idTelescopio`, `Galaxia_idGalaxia`, `Galaxia_GruGalaxia_idGruGalaxia`, `Fotos_has_Galaxiaid`) VALUES (15, 8, 189, 78, 7);
INSERT INTO `basedadosespaco`.`Fotos_has_Galaxia` (`Fotos_idFotos`, `Fotos_Telescopio_idTelescopio`, `Galaxia_idGalaxia`, `Galaxia_GruGalaxia_idGruGalaxia`, `Fotos_has_Galaxiaid`) VALUES (19, 36, 36, 92, 8);
INSERT INTO `basedadosespaco`.`Fotos_has_Galaxia` (`Fotos_idFotos`, `Fotos_Telescopio_idTelescopio`, `Galaxia_idGalaxia`, `Galaxia_GruGalaxia_idGruGalaxia`, `Fotos_has_Galaxiaid`) VALUES (21, 11, 135, 78, 9);
INSERT INTO `basedadosespaco`.`Fotos_has_Galaxia` (`Fotos_idFotos`, `Fotos_Telescopio_idTelescopio`, `Galaxia_idGalaxia`, `Galaxia_GruGalaxia_idGruGalaxia`, `Fotos_has_Galaxiaid`) VALUES (28, 10, 75, 38, 10);
INSERT INTO `basedadosespaco`.`Fotos_has_Galaxia` (`Fotos_idFotos`, `Fotos_Telescopio_idTelescopio`, `Galaxia_idGalaxia`, `Galaxia_GruGalaxia_idGruGalaxia`, `Fotos_has_Galaxiaid`) VALUES (28, 10, 201, 38, 11);
INSERT INTO `basedadosespaco`.`Fotos_has_Galaxia` (`Fotos_idFotos`, `Fotos_Telescopio_idTelescopio`, `Galaxia_idGalaxia`, `Galaxia_GruGalaxia_idGruGalaxia`, `Fotos_has_Galaxiaid`) VALUES (34, 32, 135, 78, 12);
INSERT INTO `basedadosespaco`.`Fotos_has_Galaxia` (`Fotos_idFotos`, `Fotos_Telescopio_idTelescopio`, `Galaxia_idGalaxia`, `Galaxia_GruGalaxia_idGruGalaxia`, `Fotos_has_Galaxiaid`) VALUES (34, 32, 189, 78, 13);
INSERT INTO `basedadosespaco`.`Fotos_has_Galaxia` (`Fotos_idFotos`, `Fotos_Telescopio_idTelescopio`, `Galaxia_idGalaxia`, `Galaxia_GruGalaxia_idGruGalaxia`, `Fotos_has_Galaxiaid`) VALUES (39, 3, 36, 92, 14);
INSERT INTO `basedadosespaco`.`Fotos_has_Galaxia` (`Fotos_idFotos`, `Fotos_Telescopio_idTelescopio`, `Galaxia_idGalaxia`, `Galaxia_GruGalaxia_idGruGalaxia`, `Fotos_has_Galaxiaid`) VALUES (43, 14, 33, 41, 15);
INSERT INTO `basedadosespaco`.`Fotos_has_Galaxia` (`Fotos_idFotos`, `Fotos_Telescopio_idTelescopio`, `Galaxia_idGalaxia`, `Galaxia_GruGalaxia_idGruGalaxia`, `Fotos_has_Galaxiaid`) VALUES (44, 21, 28, 29, 16);
INSERT INTO `basedadosespaco`.`Fotos_has_Galaxia` (`Fotos_idFotos`, `Fotos_Telescopio_idTelescopio`, `Galaxia_idGalaxia`, `Galaxia_GruGalaxia_idGruGalaxia`, `Fotos_has_Galaxiaid`) VALUES (53, 37, 36, 92, 17);

COMMIT;


